City,Date,Islamic Date,Subuh,Syuruk,Zohor,Asar,Maghrib,Isya
Kuala Lumpur,01 Jan 2023,08-06-1444,05:55 (+08),07:18 (+08),13:17 (+08),16:41 (+08),19:15 (+08),20:30 (+08)
Kuala Lumpur,02 Jan 2023,09-06-1444,05:55 (+08),07:19 (+08),13:17 (+08),16:41 (+08),19:15 (+08),20:30 (+08)
Kuala Lumpur,03 Jan 2023,10-06-1444,05:56 (+08),07:19 (+08),13:17 (+08),16:42 (+08),19:16 (+08),20:30 (+08)
Kuala Lumpur,04 Jan 2023,11-06-1444,05:56 (+08),07:20 (+08),13:18 (+08),16:42 (+08),19:16 (+08),20:31 (+08)
Kuala Lumpur,05 Jan 2023,12-06-1444,05:57 (+08),07:20 (+08),13:18 (+08),16:42 (+08),19:17 (+08),20:31 (+08)
Kuala Lumpur,06 Jan 2023,13-06-1444,05:57 (+08),07:20 (+08),13:19 (+08),16:43 (+08),19:17 (+08),20:32 (+08)
Kuala Lumpur,07 Jan 2023,14-06-1444,05:58 (+08),07:21 (+08),13:19 (+08),16:43 (+08),19:18 (+08),20:32 (+08)
Kuala Lumpur,08 Jan 2023,15-06-1444,05:58 (+08),07:21 (+08),13:20 (+08),16:43 (+08),19:18 (+08),20:32 (+08)
Kuala Lumpur,09 Jan 2023,16-06-1444,05:59 (+08),07:22 (+08),13:20 (+08),16:44 (+08),19:19 (+08),20:33 (+08)
Kuala Lumpur,10 Jan 2023,17-06-1444,05:59 (+08),07:22 (+08),13:21 (+08),16:44 (+08),19:19 (+08),20:33 (+08)
Kuala Lumpur,11 Jan 2023,18-06-1444,06:00 (+08),07:22 (+08),13:21 (+08),16:45 (+08),19:20 (+08),20:34 (+08)
Kuala Lumpur,12 Jan 2023,19-06-1444,06:00 (+08),07:23 (+08),13:21 (+08),16:45 (+08),19:20 (+08),20:34 (+08)
Kuala Lumpur,13 Jan 2023,20-06-1444,06:01 (+08),07:23 (+08),13:22 (+08),16:45 (+08),19:20 (+08),20:34 (+08)
Kuala Lumpur,14 Jan 2023,21-06-1444,06:01 (+08),07:23 (+08),13:22 (+08),16:46 (+08),19:21 (+08),20:35 (+08)
Kuala Lumpur,15 Jan 2023,22-06-1444,06:01 (+08),07:24 (+08),13:22 (+08),16:46 (+08),19:21 (+08),20:35 (+08)
Kuala Lumpur,16 Jan 2023,23-06-1444,06:02 (+08),07:24 (+08),13:23 (+08),16:46 (+08),19:22 (+08),20:35 (+08)
Kuala Lumpur,17 Jan 2023,24-06-1444,06:02 (+08),07:24 (+08),13:23 (+08),16:46 (+08),19:22 (+08),20:35 (+08)
Kuala Lumpur,18 Jan 2023,25-06-1444,06:03 (+08),07:25 (+08),13:23 (+08),16:47 (+08),19:22 (+08),20:36 (+08)
Kuala Lumpur,19 Jan 2023,26-06-1444,06:03 (+08),07:25 (+08),13:24 (+08),16:47 (+08),19:23 (+08),20:36 (+08)
Kuala Lumpur,20 Jan 2023,27-06-1444,06:03 (+08),07:25 (+08),13:24 (+08),16:47 (+08),19:23 (+08),20:36 (+08)
Kuala Lumpur,21 Jan 2023,28-06-1444,06:04 (+08),07:25 (+08),13:24 (+08),16:47 (+08),19:23 (+08),20:36 (+08)
Kuala Lumpur,22 Jan 2023,29-06-1444,06:04 (+08),07:26 (+08),13:25 (+08),16:48 (+08),19:24 (+08),20:37 (+08)
Kuala Lumpur,23 Jan 2023,01-07-1444,06:04 (+08),07:26 (+08),13:25 (+08),16:48 (+08),19:24 (+08),20:37 (+08)
Kuala Lumpur,24 Jan 2023,02-07-1444,06:05 (+08),07:26 (+08),13:25 (+08),16:48 (+08),19:24 (+08),20:37 (+08)
Kuala Lumpur,25 Jan 2023,03-07-1444,06:05 (+08),07:26 (+08),13:25 (+08),16:48 (+08),19:25 (+08),20:37 (+08)
Kuala Lumpur,26 Jan 2023,04-07-1444,06:05 (+08),07:26 (+08),13:26 (+08),16:48 (+08),19:25 (+08),20:37 (+08)
Kuala Lumpur,27 Jan 2023,05-07-1444,06:06 (+08),07:27 (+08),13:26 (+08),16:48 (+08),19:25 (+08),20:38 (+08)
Kuala Lumpur,28 Jan 2023,06-07-1444,06:06 (+08),07:27 (+08),13:26 (+08),16:48 (+08),19:25 (+08),20:38 (+08)
Kuala Lumpur,29 Jan 2023,07-07-1444,06:06 (+08),07:27 (+08),13:26 (+08),16:48 (+08),19:26 (+08),20:38 (+08)
Kuala Lumpur,30 Jan 2023,08-07-1444,06:06 (+08),07:27 (+08),13:26 (+08),16:48 (+08),19:26 (+08),20:38 (+08)
Kuala Lumpur,31 Jan 2023,09-07-1444,06:07 (+08),07:27 (+08),13:27 (+08),16:48 (+08),19:26 (+08),20:38 (+08)
Kuala Lumpur,01 Feb 2023,10-07-1444,06:07 (+08),07:27 (+08),13:27 (+08),16:48 (+08),19:26 (+08),20:38 (+08)
Kuala Lumpur,02 Feb 2023,11-07-1444,06:07 (+08),07:27 (+08),13:27 (+08),16:48 (+08),19:27 (+08),20:38 (+08)
Kuala Lumpur,03 Feb 2023,12-07-1444,06:07 (+08),07:27 (+08),13:27 (+08),16:48 (+08),19:27 (+08),20:38 (+08)
Kuala Lumpur,04 Feb 2023,13-07-1444,06:07 (+08),07:27 (+08),13:27 (+08),16:48 (+08),19:27 (+08),20:38 (+08)
Kuala Lumpur,05 Feb 2023,14-07-1444,06:07 (+08),07:27 (+08),13:27 (+08),16:48 (+08),19:27 (+08),20:38 (+08)
Kuala Lumpur,06 Feb 2023,15-07-1444,06:08 (+08),07:27 (+08),13:27 (+08),16:48 (+08),19:27 (+08),20:39 (+08)
Kuala Lumpur,07 Feb 2023,16-07-1444,06:08 (+08),07:27 (+08),13:27 (+08),16:48 (+08),19:27 (+08),20:39 (+08)
Kuala Lumpur,08 Feb 2023,17-07-1444,06:08 (+08),07:27 (+08),13:27 (+08),16:48 (+08),19:27 (+08),20:39 (+08)
Kuala Lumpur,09 Feb 2023,18-07-1444,06:08 (+08),07:27 (+08),13:27 (+08),16:48 (+08),19:28 (+08),20:39 (+08)
Kuala Lumpur,10 Feb 2023,19-07-1444,06:08 (+08),07:27 (+08),13:27 (+08),16:48 (+08),19:28 (+08),20:39 (+08)
Kuala Lumpur,11 Feb 2023,20-07-1444,06:08 (+08),07:27 (+08),13:27 (+08),16:47 (+08),19:28 (+08),20:39 (+08)
Kuala Lumpur,12 Feb 2023,21-07-1444,06:08 (+08),07:27 (+08),13:27 (+08),16:47 (+08),19:28 (+08),20:38 (+08)
Kuala Lumpur,13 Feb 2023,22-07-1444,06:08 (+08),07:27 (+08),13:27 (+08),16:47 (+08),19:28 (+08),20:38 (+08)
Kuala Lumpur,14 Feb 2023,23-07-1444,06:08 (+08),07:27 (+08),13:27 (+08),16:47 (+08),19:28 (+08),20:38 (+08)
Kuala Lumpur,15 Feb 2023,24-07-1444,06:08 (+08),07:27 (+08),13:27 (+08),16:47 (+08),19:28 (+08),20:38 (+08)
Kuala Lumpur,16 Feb 2023,25-07-1444,06:08 (+08),07:27 (+08),13:27 (+08),16:46 (+08),19:28 (+08),20:38 (+08)
Kuala Lumpur,17 Feb 2023,26-07-1444,06:08 (+08),07:27 (+08),13:27 (+08),16:46 (+08),19:28 (+08),20:38 (+08)
Kuala Lumpur,18 Feb 2023,27-07-1444,06:08 (+08),07:26 (+08),13:27 (+08),16:46 (+08),19:28 (+08),20:38 (+08)
Kuala Lumpur,19 Feb 2023,28-07-1444,06:08 (+08),07:26 (+08),13:27 (+08),16:45 (+08),19:28 (+08),20:38 (+08)
Kuala Lumpur,20 Feb 2023,29-07-1444,06:08 (+08),07:26 (+08),13:27 (+08),16:45 (+08),19:28 (+08),20:38 (+08)
Kuala Lumpur,21 Feb 2023,30-07-1444,06:08 (+08),07:26 (+08),13:27 (+08),16:44 (+08),19:28 (+08),20:38 (+08)
Kuala Lumpur,22 Feb 2023,01-08-1444,06:08 (+08),07:26 (+08),13:27 (+08),16:44 (+08),19:28 (+08),20:38 (+08)
Kuala Lumpur,23 Feb 2023,02-08-1444,06:08 (+08),07:26 (+08),13:27 (+08),16:44 (+08),19:28 (+08),20:38 (+08)
Kuala Lumpur,24 Feb 2023,03-08-1444,06:08 (+08),07:25 (+08),13:26 (+08),16:43 (+08),19:28 (+08),20:37 (+08)
Kuala Lumpur,25 Feb 2023,04-08-1444,06:07 (+08),07:25 (+08),13:26 (+08),16:43 (+08),19:28 (+08),20:37 (+08)
Kuala Lumpur,26 Feb 2023,05-08-1444,06:07 (+08),07:25 (+08),13:26 (+08),16:42 (+08),19:28 (+08),20:37 (+08)
Kuala Lumpur,27 Feb 2023,06-08-1444,06:07 (+08),07:25 (+08),13:26 (+08),16:42 (+08),19:27 (+08),20:37 (+08)
Kuala Lumpur,28 Feb 2023,07-08-1444,06:07 (+08),07:24 (+08),13:26 (+08),16:41 (+08),19:27 (+08),20:37 (+08)
Kuala Lumpur,01 Mar 2023,08-08-1444,06:07 (+08),07:24 (+08),13:26 (+08),16:41 (+08),19:27 (+08),20:37 (+08)
Kuala Lumpur,02 Mar 2023,09-08-1444,06:06 (+08),07:24 (+08),13:25 (+08),16:40 (+08),19:27 (+08),20:36 (+08)
Kuala Lumpur,03 Mar 2023,10-08-1444,06:06 (+08),07:24 (+08),13:25 (+08),16:39 (+08),19:27 (+08),20:36 (+08)
Kuala Lumpur,04 Mar 2023,11-08-1444,06:06 (+08),07:23 (+08),13:25 (+08),16:39 (+08),19:27 (+08),20:36 (+08)
Kuala Lumpur,05 Mar 2023,12-08-1444,06:06 (+08),07:23 (+08),13:25 (+08),16:38 (+08),19:27 (+08),20:36 (+08)
Kuala Lumpur,06 Mar 2023,13-08-1444,06:05 (+08),07:23 (+08),13:25 (+08),16:37 (+08),19:27 (+08),20:36 (+08)
Kuala Lumpur,07 Mar 2023,14-08-1444,06:05 (+08),07:22 (+08),13:24 (+08),16:37 (+08),19:26 (+08),20:36 (+08)
Kuala Lumpur,08 Mar 2023,15-08-1444,06:05 (+08),07:22 (+08),13:24 (+08),16:36 (+08),19:26 (+08),20:35 (+08)
Kuala Lumpur,09 Mar 2023,16-08-1444,06:05 (+08),07:22 (+08),13:24 (+08),16:35 (+08),19:26 (+08),20:35 (+08)
Kuala Lumpur,10 Mar 2023,17-08-1444,06:04 (+08),07:21 (+08),13:24 (+08),16:35 (+08),19:26 (+08),20:35 (+08)
Kuala Lumpur,11 Mar 2023,18-08-1444,06:04 (+08),07:21 (+08),13:23 (+08),16:34 (+08),19:26 (+08),20:35 (+08)
Kuala Lumpur,12 Mar 2023,19-08-1444,06:04 (+08),07:21 (+08),13:23 (+08),16:33 (+08),19:26 (+08),20:35 (+08)
Kuala Lumpur,13 Mar 2023,20-08-1444,06:03 (+08),07:20 (+08),13:23 (+08),16:32 (+08),19:25 (+08),20:34 (+08)
Kuala Lumpur,14 Mar 2023,21-08-1444,06:03 (+08),07:20 (+08),13:23 (+08),16:32 (+08),19:25 (+08),20:34 (+08)
Kuala Lumpur,15 Mar 2023,22-08-1444,06:03 (+08),07:20 (+08),13:22 (+08),16:31 (+08),19:25 (+08),20:34 (+08)
Kuala Lumpur,16 Mar 2023,23-08-1444,06:02 (+08),07:19 (+08),13:22 (+08),16:30 (+08),19:25 (+08),20:34 (+08)
Kuala Lumpur,17 Mar 2023,24-08-1444,06:02 (+08),07:19 (+08),13:22 (+08),16:29 (+08),19:25 (+08),20:33 (+08)
Kuala Lumpur,18 Mar 2023,25-08-1444,06:02 (+08),07:18 (+08),13:21 (+08),16:28 (+08),19:25 (+08),20:33 (+08)
Kuala Lumpur,19 Mar 2023,26-08-1444,06:01 (+08),07:18 (+08),13:21 (+08),16:27 (+08),19:24 (+08),20:33 (+08)
Kuala Lumpur,20 Mar 2023,27-08-1444,06:01 (+08),07:18 (+08),13:21 (+08),16:26 (+08),19:24 (+08),20:33 (+08)
Kuala Lumpur,21 Mar 2023,28-08-1444,06:01 (+08),07:17 (+08),13:21 (+08),16:25 (+08),19:24 (+08),20:33 (+08)
Kuala Lumpur,22 Mar 2023,29-08-1444,06:00 (+08),07:17 (+08),13:20 (+08),16:24 (+08),19:24 (+08),20:32 (+08)
Kuala Lumpur,23 Mar 2023,01-09-1444,06:00 (+08),07:17 (+08),13:20 (+08),16:24 (+08),19:23 (+08),20:32 (+08)
Kuala Lumpur,24 Mar 2023,02-09-1444,05:59 (+08),07:16 (+08),13:20 (+08),16:23 (+08),19:23 (+08),20:32 (+08)
Kuala Lumpur,25 Mar 2023,03-09-1444,05:59 (+08),07:16 (+08),13:19 (+08),16:22 (+08),19:23 (+08),20:32 (+08)
Kuala Lumpur,26 Mar 2023,04-09-1444,05:59 (+08),07:15 (+08),13:19 (+08),16:21 (+08),19:23 (+08),20:32 (+08)
Kuala Lumpur,27 Mar 2023,05-09-1444,05:58 (+08),07:15 (+08),13:19 (+08),16:20 (+08),19:23 (+08),20:31 (+08)
Kuala Lumpur,28 Mar 2023,06-09-1444,05:58 (+08),07:15 (+08),13:18 (+08),16:19 (+08),19:22 (+08),20:31 (+08)
Kuala Lumpur,29 Mar 2023,07-09-1444,05:57 (+08),07:14 (+08),13:18 (+08),16:19 (+08),19:22 (+08),20:31 (+08)
Kuala Lumpur,30 Mar 2023,08-09-1444,05:57 (+08),07:14 (+08),13:18 (+08),16:20 (+08),19:22 (+08),20:31 (+08)
Kuala Lumpur,31 Mar 2023,09-09-1444,05:56 (+08),07:13 (+08),13:18 (+08),16:20 (+08),19:22 (+08),20:31 (+08)
Kuala Lumpur,01 Apr 2023,10-09-1444,05:56 (+08),07:13 (+08),13:17 (+08),16:21 (+08),19:22 (+08),20:31 (+08)
Kuala Lumpur,02 Apr 2023,11-09-1444,05:56 (+08),07:13 (+08),13:17 (+08),16:21 (+08),19:21 (+08),20:30 (+08)
Kuala Lumpur,03 Apr 2023,12-09-1444,05:55 (+08),07:12 (+08),13:17 (+08),16:22 (+08),19:21 (+08),20:30 (+08)
Kuala Lumpur,04 Apr 2023,13-09-1444,05:55 (+08),07:12 (+08),13:16 (+08),16:22 (+08),19:21 (+08),20:30 (+08)
Kuala Lumpur,05 Apr 2023,14-09-1444,05:54 (+08),07:12 (+08),13:16 (+08),16:23 (+08),19:21 (+08),20:30 (+08)
Kuala Lumpur,06 Apr 2023,15-09-1444,05:54 (+08),07:11 (+08),13:16 (+08),16:23 (+08),19:21 (+08),20:30 (+08)
Kuala Lumpur,07 Apr 2023,16-09-1444,05:53 (+08),07:11 (+08),13:16 (+08),16:23 (+08),19:20 (+08),20:30 (+08)
Kuala Lumpur,08 Apr 2023,17-09-1444,05:53 (+08),07:10 (+08),13:15 (+08),16:24 (+08),19:20 (+08),20:30 (+08)
Kuala Lumpur,09 Apr 2023,18-09-1444,05:52 (+08),07:10 (+08),13:15 (+08),16:24 (+08),19:20 (+08),20:29 (+08)
Kuala Lumpur,10 Apr 2023,19-09-1444,05:52 (+08),07:10 (+08),13:15 (+08),16:24 (+08),19:20 (+08),20:29 (+08)
Kuala Lumpur,11 Apr 2023,20-09-1444,05:52 (+08),07:09 (+08),13:14 (+08),16:25 (+08),19:20 (+08),20:29 (+08)
Kuala Lumpur,12 Apr 2023,21-09-1444,05:51 (+08),07:09 (+08),13:14 (+08),16:25 (+08),19:19 (+08),20:29 (+08)
Kuala Lumpur,13 Apr 2023,22-09-1444,05:51 (+08),07:09 (+08),13:14 (+08),16:25 (+08),19:19 (+08),20:29 (+08)
Kuala Lumpur,14 Apr 2023,23-09-1444,05:50 (+08),07:08 (+08),13:14 (+08),16:26 (+08),19:19 (+08),20:29 (+08)
Kuala Lumpur,15 Apr 2023,24-09-1444,05:50 (+08),07:08 (+08),13:13 (+08),16:26 (+08),19:19 (+08),20:29 (+08)
Kuala Lumpur,16 Apr 2023,25-09-1444,05:49 (+08),07:08 (+08),13:13 (+08),16:26 (+08),19:19 (+08),20:29 (+08)
Kuala Lumpur,17 Apr 2023,26-09-1444,05:49 (+08),07:07 (+08),13:13 (+08),16:26 (+08),19:19 (+08),20:29 (+08)
Kuala Lumpur,18 Apr 2023,27-09-1444,05:49 (+08),07:07 (+08),13:13 (+08),16:27 (+08),19:18 (+08),20:29 (+08)
Kuala Lumpur,19 Apr 2023,28-09-1444,05:48 (+08),07:07 (+08),13:12 (+08),16:27 (+08),19:18 (+08),20:29 (+08)
Kuala Lumpur,20 Apr 2023,29-09-1444,05:48 (+08),07:06 (+08),13:12 (+08),16:27 (+08),19:18 (+08),20:29 (+08)
Kuala Lumpur,21 Apr 2023,30-09-1444,05:47 (+08),07:06 (+08),13:12 (+08),16:28 (+08),19:18 (+08),20:29 (+08)
Kuala Lumpur,22 Apr 2023,01-10-1444,05:47 (+08),07:06 (+08),13:12 (+08),16:28 (+08),19:18 (+08),20:29 (+08)
Kuala Lumpur,23 Apr 2023,02-10-1444,05:47 (+08),07:06 (+08),13:12 (+08),16:28 (+08),19:18 (+08),20:29 (+08)
Kuala Lumpur,24 Apr 2023,03-10-1444,05:46 (+08),07:05 (+08),13:11 (+08),16:28 (+08),19:18 (+08),20:29 (+08)
Kuala Lumpur,25 Apr 2023,04-10-1444,05:46 (+08),07:05 (+08),13:11 (+08),16:29 (+08),19:18 (+08),20:29 (+08)
Kuala Lumpur,26 Apr 2023,05-10-1444,05:46 (+08),07:05 (+08),13:11 (+08),16:29 (+08),19:18 (+08),20:29 (+08)
Kuala Lumpur,27 Apr 2023,06-10-1444,05:45 (+08),07:04 (+08),13:11 (+08),16:29 (+08),19:17 (+08),20:29 (+08)
Kuala Lumpur,28 Apr 2023,07-10-1444,05:45 (+08),07:04 (+08),13:11 (+08),16:29 (+08),19:17 (+08),20:29 (+08)
Kuala Lumpur,29 Apr 2023,08-10-1444,05:44 (+08),07:04 (+08),13:11 (+08),16:29 (+08),19:17 (+08),20:29 (+08)
Kuala Lumpur,30 Apr 2023,09-10-1444,05:44 (+08),07:04 (+08),13:11 (+08),16:30 (+08),19:17 (+08),20:29 (+08)
Kuala Lumpur,01 May 2023,10-10-1444,05:44 (+08),07:04 (+08),13:10 (+08),16:30 (+08),19:17 (+08),20:29 (+08)
Kuala Lumpur,02 May 2023,11-10-1444,05:43 (+08),07:03 (+08),13:10 (+08),16:30 (+08),19:17 (+08),20:29 (+08)
Kuala Lumpur,03 May 2023,12-10-1444,05:43 (+08),07:03 (+08),13:10 (+08),16:30 (+08),19:17 (+08),20:29 (+08)
Kuala Lumpur,04 May 2023,13-10-1444,05:43 (+08),07:03 (+08),13:10 (+08),16:31 (+08),19:17 (+08),20:29 (+08)
Kuala Lumpur,05 May 2023,14-10-1444,05:43 (+08),07:03 (+08),13:10 (+08),16:31 (+08),19:17 (+08),20:29 (+08)
Kuala Lumpur,06 May 2023,15-10-1444,05:42 (+08),07:03 (+08),13:10 (+08),16:31 (+08),19:17 (+08),20:29 (+08)
Kuala Lumpur,07 May 2023,16-10-1444,05:42 (+08),07:03 (+08),13:10 (+08),16:31 (+08),19:17 (+08),20:29 (+08)
Kuala Lumpur,08 May 2023,17-10-1444,05:42 (+08),07:02 (+08),13:10 (+08),16:31 (+08),19:17 (+08),20:29 (+08)
Kuala Lumpur,09 May 2023,18-10-1444,05:41 (+08),07:02 (+08),13:10 (+08),16:32 (+08),19:17 (+08),20:30 (+08)
Kuala Lumpur,10 May 2023,19-10-1444,05:41 (+08),07:02 (+08),13:10 (+08),16:32 (+08),19:17 (+08),20:30 (+08)
Kuala Lumpur,11 May 2023,20-10-1444,05:41 (+08),07:02 (+08),13:10 (+08),16:32 (+08),19:17 (+08),20:30 (+08)
Kuala Lumpur,12 May 2023,21-10-1444,05:41 (+08),07:02 (+08),13:10 (+08),16:32 (+08),19:17 (+08),20:30 (+08)
Kuala Lumpur,13 May 2023,22-10-1444,05:41 (+08),07:02 (+08),13:10 (+08),16:33 (+08),19:17 (+08),20:30 (+08)
Kuala Lumpur,14 May 2023,23-10-1444,05:40 (+08),07:02 (+08),13:10 (+08),16:33 (+08),19:17 (+08),20:30 (+08)
Kuala Lumpur,15 May 2023,24-10-1444,05:40 (+08),07:02 (+08),13:10 (+08),16:33 (+08),19:17 (+08),20:31 (+08)
Kuala Lumpur,16 May 2023,25-10-1444,05:40 (+08),07:02 (+08),13:10 (+08),16:33 (+08),19:18 (+08),20:31 (+08)
Kuala Lumpur,17 May 2023,26-10-1444,05:40 (+08),07:02 (+08),13:10 (+08),16:34 (+08),19:18 (+08),20:31 (+08)
Kuala Lumpur,18 May 2023,27-10-1444,05:40 (+08),07:02 (+08),13:10 (+08),16:34 (+08),19:18 (+08),20:31 (+08)
Kuala Lumpur,19 May 2023,28-10-1444,05:40 (+08),07:02 (+08),13:10 (+08),16:34 (+08),19:18 (+08),20:31 (+08)
Kuala Lumpur,20 May 2023,29-10-1444,05:39 (+08),07:02 (+08),13:10 (+08),16:34 (+08),19:18 (+08),20:32 (+08)
Kuala Lumpur,21 May 2023,01-11-1444,05:39 (+08),07:02 (+08),13:10 (+08),16:34 (+08),19:18 (+08),20:32 (+08)
Kuala Lumpur,22 May 2023,02-11-1444,05:39 (+08),07:02 (+08),13:10 (+08),16:35 (+08),19:18 (+08),20:32 (+08)
Kuala Lumpur,23 May 2023,03-11-1444,05:39 (+08),07:02 (+08),13:10 (+08),16:35 (+08),19:18 (+08),20:32 (+08)
Kuala Lumpur,24 May 2023,04-11-1444,05:39 (+08),07:02 (+08),13:10 (+08),16:35 (+08),19:18 (+08),20:32 (+08)
Kuala Lumpur,25 May 2023,05-11-1444,05:39 (+08),07:02 (+08),13:10 (+08),16:35 (+08),19:19 (+08),20:33 (+08)
Kuala Lumpur,26 May 2023,06-11-1444,05:39 (+08),07:02 (+08),13:10 (+08),16:36 (+08),19:19 (+08),20:33 (+08)
Kuala Lumpur,27 May 2023,07-11-1444,05:39 (+08),07:02 (+08),13:10 (+08),16:36 (+08),19:19 (+08),20:33 (+08)
Kuala Lumpur,28 May 2023,08-11-1444,05:39 (+08),07:02 (+08),13:10 (+08),16:36 (+08),19:19 (+08),20:33 (+08)
Kuala Lumpur,29 May 2023,09-11-1444,05:39 (+08),07:02 (+08),13:11 (+08),16:36 (+08),19:19 (+08),20:34 (+08)
Kuala Lumpur,30 May 2023,10-11-1444,05:39 (+08),07:02 (+08),13:11 (+08),16:37 (+08),19:19 (+08),20:34 (+08)
Kuala Lumpur,31 May 2023,11-11-1444,05:39 (+08),07:02 (+08),13:11 (+08),16:37 (+08),19:20 (+08),20:34 (+08)
Kuala Lumpur,01 Jun 2023,12-11-1444,05:39 (+08),07:02 (+08),13:11 (+08),16:37 (+08),19:20 (+08),20:35 (+08)
Kuala Lumpur,02 Jun 2023,13-11-1444,05:39 (+08),07:02 (+08),13:11 (+08),16:37 (+08),19:20 (+08),20:35 (+08)
Kuala Lumpur,03 Jun 2023,14-11-1444,05:39 (+08),07:03 (+08),13:11 (+08),16:38 (+08),19:20 (+08),20:35 (+08)
Kuala Lumpur,04 Jun 2023,15-11-1444,05:39 (+08),07:03 (+08),13:11 (+08),16:38 (+08),19:20 (+08),20:35 (+08)
Kuala Lumpur,05 Jun 2023,16-11-1444,05:39 (+08),07:03 (+08),13:12 (+08),16:38 (+08),19:21 (+08),20:36 (+08)
Kuala Lumpur,06 Jun 2023,17-11-1444,05:39 (+08),07:03 (+08),13:12 (+08),16:38 (+08),19:21 (+08),20:36 (+08)
Kuala Lumpur,07 Jun 2023,18-11-1444,05:39 (+08),07:03 (+08),13:12 (+08),16:39 (+08),19:21 (+08),20:36 (+08)
Kuala Lumpur,08 Jun 2023,19-11-1444,05:39 (+08),07:03 (+08),13:12 (+08),16:39 (+08),19:21 (+08),20:36 (+08)
Kuala Lumpur,09 Jun 2023,20-11-1444,05:39 (+08),07:03 (+08),13:12 (+08),16:39 (+08),19:21 (+08),20:37 (+08)
Kuala Lumpur,10 Jun 2023,21-11-1444,05:39 (+08),07:04 (+08),13:13 (+08),16:40 (+08),19:22 (+08),20:37 (+08)
Kuala Lumpur,11 Jun 2023,22-11-1444,05:39 (+08),07:04 (+08),13:13 (+08),16:40 (+08),19:22 (+08),20:37 (+08)
Kuala Lumpur,12 Jun 2023,23-11-1444,05:40 (+08),07:04 (+08),13:13 (+08),16:40 (+08),19:22 (+08),20:38 (+08)
Kuala Lumpur,13 Jun 2023,24-11-1444,05:40 (+08),07:04 (+08),13:13 (+08),16:40 (+08),19:22 (+08),20:38 (+08)
Kuala Lumpur,14 Jun 2023,25-11-1444,05:40 (+08),07:04 (+08),13:13 (+08),16:41 (+08),19:23 (+08),20:38 (+08)
Kuala Lumpur,15 Jun 2023,26-11-1444,05:40 (+08),07:04 (+08),13:14 (+08),16:41 (+08),19:23 (+08),20:38 (+08)
Kuala Lumpur,16 Jun 2023,27-11-1444,05:40 (+08),07:05 (+08),13:14 (+08),16:41 (+08),19:23 (+08),20:39 (+08)
Kuala Lumpur,17 Jun 2023,28-11-1444,05:40 (+08),07:05 (+08),13:14 (+08),16:41 (+08),19:23 (+08),20:39 (+08)
Kuala Lumpur,18 Jun 2023,29-11-1444,05:41 (+08),07:05 (+08),13:14 (+08),16:42 (+08),19:23 (+08),20:39 (+08)
Kuala Lumpur,19 Jun 2023,30-11-1444,05:41 (+08),07:05 (+08),13:14 (+08),16:42 (+08),19:24 (+08),20:39 (+08)
Kuala Lumpur,20 Jun 2023,01-12-1444,05:41 (+08),07:06 (+08),13:15 (+08),16:42 (+08),19:24 (+08),20:39 (+08)
Kuala Lumpur,21 Jun 2023,02-12-1444,05:41 (+08),07:06 (+08),13:15 (+08),16:42 (+08),19:24 (+08),20:40 (+08)
Kuala Lumpur,22 Jun 2023,03-12-1444,05:41 (+08),07:06 (+08),13:15 (+08),16:42 (+08),19:24 (+08),20:40 (+08)
Kuala Lumpur,23 Jun 2023,04-12-1444,05:42 (+08),07:06 (+08),13:15 (+08),16:43 (+08),19:25 (+08),20:40 (+08)
Kuala Lumpur,24 Jun 2023,05-12-1444,05:42 (+08),07:06 (+08),13:16 (+08),16:43 (+08),19:25 (+08),20:40 (+08)
Kuala Lumpur,25 Jun 2023,06-12-1444,05:42 (+08),07:07 (+08),13:16 (+08),16:43 (+08),19:25 (+08),20:41 (+08)
Kuala Lumpur,26 Jun 2023,07-12-1444,05:42 (+08),07:07 (+08),13:16 (+08),16:43 (+08),19:25 (+08),20:41 (+08)
Kuala Lumpur,27 Jun 2023,08-12-1444,05:43 (+08),07:07 (+08),13:16 (+08),16:43 (+08),19:25 (+08),20:41 (+08)
Kuala Lumpur,28 Jun 2023,09-12-1444,05:43 (+08),07:07 (+08),13:16 (+08),16:44 (+08),19:26 (+08),20:41 (+08)
Kuala Lumpur,29 Jun 2023,10-12-1444,05:43 (+08),07:08 (+08),13:17 (+08),16:44 (+08),19:26 (+08),20:41 (+08)
Kuala Lumpur,30 Jun 2023,11-12-1444,05:43 (+08),07:08 (+08),13:17 (+08),16:44 (+08),19:26 (+08),20:41 (+08)
Kuala Lumpur,01 Jul 2023,12-12-1444,05:44 (+08),07:08 (+08),13:17 (+08),16:44 (+08),19:26 (+08),20:41 (+08)
Kuala Lumpur,02 Jul 2023,13-12-1444,05:44 (+08),07:08 (+08),13:17 (+08),16:44 (+08),19:26 (+08),20:42 (+08)
Kuala Lumpur,03 Jul 2023,14-12-1444,05:44 (+08),07:08 (+08),13:17 (+08),16:44 (+08),19:26 (+08),20:42 (+08)
Kuala Lumpur,04 Jul 2023,15-12-1444,05:44 (+08),07:09 (+08),13:18 (+08),16:44 (+08),19:27 (+08),20:42 (+08)
Kuala Lumpur,05 Jul 2023,16-12-1444,05:45 (+08),07:09 (+08),13:18 (+08),16:45 (+08),19:27 (+08),20:42 (+08)
Kuala Lumpur,06 Jul 2023,17-12-1444,05:45 (+08),07:09 (+08),13:18 (+08),16:45 (+08),19:27 (+08),20:42 (+08)
Kuala Lumpur,07 Jul 2023,18-12-1444,05:45 (+08),07:09 (+08),13:18 (+08),16:45 (+08),19:27 (+08),20:42 (+08)
Kuala Lumpur,08 Jul 2023,19-12-1444,05:45 (+08),07:09 (+08),13:18 (+08),16:45 (+08),19:27 (+08),20:42 (+08)
Kuala Lumpur,09 Jul 2023,20-12-1444,05:46 (+08),07:10 (+08),13:18 (+08),16:45 (+08),19:27 (+08),20:42 (+08)
Kuala Lumpur,10 Jul 2023,21-12-1444,05:46 (+08),07:10 (+08),13:19 (+08),16:45 (+08),19:27 (+08),20:42 (+08)
Kuala Lumpur,11 Jul 2023,22-12-1444,05:46 (+08),07:10 (+08),13:19 (+08),16:45 (+08),19:27 (+08),20:42 (+08)
Kuala Lumpur,12 Jul 2023,23-12-1444,05:47 (+08),07:10 (+08),13:19 (+08),16:45 (+08),19:28 (+08),20:42 (+08)
Kuala Lumpur,13 Jul 2023,24-12-1444,05:47 (+08),07:10 (+08),13:19 (+08),16:45 (+08),19:28 (+08),20:42 (+08)
Kuala Lumpur,14 Jul 2023,25-12-1444,05:47 (+08),07:10 (+08),13:19 (+08),16:45 (+08),19:28 (+08),20:42 (+08)
Kuala Lumpur,15 Jul 2023,26-12-1444,05:47 (+08),07:11 (+08),13:19 (+08),16:45 (+08),19:28 (+08),20:42 (+08)
Kuala Lumpur,16 Jul 2023,27-12-1444,05:48 (+08),07:11 (+08),13:19 (+08),16:45 (+08),19:28 (+08),20:42 (+08)
Kuala Lumpur,17 Jul 2023,28-12-1444,05:48 (+08),07:11 (+08),13:19 (+08),16:45 (+08),19:28 (+08),20:42 (+08)
Kuala Lumpur,18 Jul 2023,29-12-1444,05:48 (+08),07:11 (+08),13:19 (+08),16:45 (+08),19:28 (+08),20:42 (+08)
Kuala Lumpur,19 Jul 2023,01-01-1445,05:48 (+08),07:11 (+08),13:20 (+08),16:45 (+08),19:28 (+08),20:42 (+08)
Kuala Lumpur,20 Jul 2023,02-01-1445,05:48 (+08),07:11 (+08),13:20 (+08),16:45 (+08),19:28 (+08),20:42 (+08)
Kuala Lumpur,21 Jul 2023,03-01-1445,05:49 (+08),07:11 (+08),13:20 (+08),16:45 (+08),19:28 (+08),20:42 (+08)
Kuala Lumpur,22 Jul 2023,04-01-1445,05:49 (+08),07:11 (+08),13:20 (+08),16:44 (+08),19:28 (+08),20:42 (+08)
Kuala Lumpur,23 Jul 2023,05-01-1445,05:49 (+08),07:12 (+08),13:20 (+08),16:44 (+08),19:28 (+08),20:42 (+08)
Kuala Lumpur,24 Jul 2023,06-01-1445,05:49 (+08),07:12 (+08),13:20 (+08),16:44 (+08),19:28 (+08),20:41 (+08)
Kuala Lumpur,25 Jul 2023,07-01-1445,05:49 (+08),07:12 (+08),13:20 (+08),16:44 (+08),19:28 (+08),20:41 (+08)
Kuala Lumpur,26 Jul 2023,08-01-1445,05:50 (+08),07:12 (+08),13:20 (+08),16:44 (+08),19:28 (+08),20:41 (+08)
Kuala Lumpur,27 Jul 2023,09-01-1445,05:50 (+08),07:12 (+08),13:20 (+08),16:44 (+08),19:28 (+08),20:41 (+08)
Kuala Lumpur,28 Jul 2023,10-01-1445,05:50 (+08),07:12 (+08),13:20 (+08),16:43 (+08),19:28 (+08),20:41 (+08)
Kuala Lumpur,29 Jul 2023,11-01-1445,05:50 (+08),07:12 (+08),13:20 (+08),16:43 (+08),19:28 (+08),20:41 (+08)
Kuala Lumpur,30 Jul 2023,12-01-1445,05:50 (+08),07:12 (+08),13:20 (+08),16:43 (+08),19:27 (+08),20:40 (+08)
Kuala Lumpur,31 Jul 2023,13-01-1445,05:51 (+08),07:12 (+08),13:20 (+08),16:43 (+08),19:27 (+08),20:40 (+08)
Kuala Lumpur,01 Aug 2023,14-01-1445,05:51 (+08),07:12 (+08),13:20 (+08),16:42 (+08),19:27 (+08),20:40 (+08)
Kuala Lumpur,02 Aug 2023,15-01-1445,05:51 (+08),07:12 (+08),13:20 (+08),16:42 (+08),19:27 (+08),20:40 (+08)
Kuala Lumpur,03 Aug 2023,16-01-1445,05:51 (+08),07:12 (+08),13:19 (+08),16:42 (+08),19:27 (+08),20:39 (+08)
Kuala Lumpur,04 Aug 2023,17-01-1445,05:51 (+08),07:12 (+08),13:19 (+08),16:41 (+08),19:27 (+08),20:39 (+08)
Kuala Lumpur,05 Aug 2023,18-01-1445,05:51 (+08),07:12 (+08),13:19 (+08),16:41 (+08),19:27 (+08),20:39 (+08)
Kuala Lumpur,06 Aug 2023,19-01-1445,05:51 (+08),07:12 (+08),13:19 (+08),16:40 (+08),19:26 (+08),20:39 (+08)
Kuala Lumpur,07 Aug 2023,20-01-1445,05:51 (+08),07:12 (+08),13:19 (+08),16:40 (+08),19:26 (+08),20:38 (+08)
Kuala Lumpur,08 Aug 2023,21-01-1445,05:51 (+08),07:12 (+08),13:19 (+08),16:40 (+08),19:26 (+08),20:38 (+08)
Kuala Lumpur,09 Aug 2023,22-01-1445,05:51 (+08),07:12 (+08),13:19 (+08),16:39 (+08),19:26 (+08),20:38 (+08)
Kuala Lumpur,10 Aug 2023,23-01-1445,05:52 (+08),07:12 (+08),13:19 (+08),16:39 (+08),19:26 (+08),20:37 (+08)
Kuala Lumpur,11 Aug 2023,24-01-1445,05:52 (+08),07:12 (+08),13:19 (+08),16:38 (+08),19:25 (+08),20:37 (+08)
Kuala Lumpur,12 Aug 2023,25-01-1445,05:52 (+08),07:12 (+08),13:18 (+08),16:38 (+08),19:25 (+08),20:37 (+08)
Kuala Lumpur,13 Aug 2023,26-01-1445,05:52 (+08),07:11 (+08),13:18 (+08),16:37 (+08),19:25 (+08),20:36 (+08)
Kuala Lumpur,14 Aug 2023,27-01-1445,05:52 (+08),07:11 (+08),13:18 (+08),16:36 (+08),19:25 (+08),20:36 (+08)
Kuala Lumpur,15 Aug 2023,28-01-1445,05:52 (+08),07:11 (+08),13:18 (+08),16:36 (+08),19:24 (+08),20:36 (+08)
Kuala Lumpur,16 Aug 2023,29-01-1445,05:52 (+08),07:11 (+08),13:18 (+08),16:35 (+08),19:24 (+08),20:35 (+08)
Kuala Lumpur,17 Aug 2023,30-01-1445,05:52 (+08),07:11 (+08),13:17 (+08),16:35 (+08),19:24 (+08),20:35 (+08)
Kuala Lumpur,18 Aug 2023,01-02-1445,05:52 (+08),07:11 (+08),13:17 (+08),16:34 (+08),19:24 (+08),20:34 (+08)
Kuala Lumpur,19 Aug 2023,02-02-1445,05:52 (+08),07:11 (+08),13:17 (+08),16:33 (+08),19:23 (+08),20:34 (+08)
Kuala Lumpur,20 Aug 2023,03-02-1445,05:52 (+08),07:11 (+08),13:17 (+08),16:33 (+08),19:23 (+08),20:34 (+08)
Kuala Lumpur,21 Aug 2023,04-02-1445,05:52 (+08),07:10 (+08),13:17 (+08),16:32 (+08),19:23 (+08),20:33 (+08)
Kuala Lumpur,22 Aug 2023,05-02-1445,05:51 (+08),07:10 (+08),13:16 (+08),16:31 (+08),19:22 (+08),20:33 (+08)
Kuala Lumpur,23 Aug 2023,06-02-1445,05:51 (+08),07:10 (+08),13:16 (+08),16:31 (+08),19:22 (+08),20:32 (+08)
Kuala Lumpur,24 Aug 2023,07-02-1445,05:51 (+08),07:10 (+08),13:16 (+08),16:30 (+08),19:22 (+08),20:32 (+08)
Kuala Lumpur,25 Aug 2023,08-02-1445,05:51 (+08),07:10 (+08),13:15 (+08),16:29 (+08),19:21 (+08),20:31 (+08)
Kuala Lumpur,26 Aug 2023,09-02-1445,05:51 (+08),07:10 (+08),13:15 (+08),16:28 (+08),19:21 (+08),20:31 (+08)
Kuala Lumpur,27 Aug 2023,10-02-1445,05:51 (+08),07:09 (+08),13:15 (+08),16:27 (+08),19:20 (+08),20:30 (+08)
Kuala Lumpur,28 Aug 2023,11-02-1445,05:51 (+08),07:09 (+08),13:15 (+08),16:27 (+08),19:20 (+08),20:30 (+08)
Kuala Lumpur,29 Aug 2023,12-02-1445,05:51 (+08),07:09 (+08),13:14 (+08),16:26 (+08),19:20 (+08),20:30 (+08)
Kuala Lumpur,30 Aug 2023,13-02-1445,05:51 (+08),07:09 (+08),13:14 (+08),16:25 (+08),19:19 (+08),20:29 (+08)
Kuala Lumpur,31 Aug 2023,14-02-1445,05:51 (+08),07:08 (+08),13:14 (+08),16:24 (+08),19:19 (+08),20:29 (+08)
Kuala Lumpur,01 Sep 2023,15-02-1445,05:50 (+08),07:08 (+08),13:13 (+08),16:23 (+08),19:19 (+08),20:28 (+08)
Kuala Lumpur,02 Sep 2023,16-02-1445,05:50 (+08),07:08 (+08),13:13 (+08),16:22 (+08),19:18 (+08),20:28 (+08)
Kuala Lumpur,03 Sep 2023,17-02-1445,05:50 (+08),07:08 (+08),13:13 (+08),16:21 (+08),19:18 (+08),20:27 (+08)
Kuala Lumpur,04 Sep 2023,18-02-1445,05:50 (+08),07:08 (+08),13:12 (+08),16:20 (+08),19:17 (+08),20:27 (+08)
Kuala Lumpur,05 Sep 2023,19-02-1445,05:50 (+08),07:07 (+08),13:12 (+08),16:19 (+08),19:17 (+08),20:26 (+08)
Kuala Lumpur,06 Sep 2023,20-02-1445,05:50 (+08),07:07 (+08),13:12 (+08),16:18 (+08),19:16 (+08),20:26 (+08)
Kuala Lumpur,07 Sep 2023,21-02-1445,05:49 (+08),07:07 (+08),13:11 (+08),16:17 (+08),19:16 (+08),20:25 (+08)
Kuala Lumpur,08 Sep 2023,22-02-1445,05:49 (+08),07:07 (+08),13:11 (+08),16:16 (+08),19:16 (+08),20:25 (+08)
Kuala Lumpur,09 Sep 2023,23-02-1445,05:49 (+08),07:06 (+08),13:11 (+08),16:15 (+08),19:15 (+08),20:24 (+08)
Kuala Lumpur,10 Sep 2023,24-02-1445,05:49 (+08),07:06 (+08),13:10 (+08),16:14 (+08),19:15 (+08),20:24 (+08)
Kuala Lumpur,11 Sep 2023,25-02-1445,05:49 (+08),07:06 (+08),13:10 (+08),16:13 (+08),19:14 (+08),20:23 (+08)
Kuala Lumpur,12 Sep 2023,26-02-1445,05:48 (+08),07:05 (+08),13:10 (+08),16:12 (+08),19:14 (+08),20:23 (+08)
Kuala Lumpur,13 Sep 2023,27-02-1445,05:48 (+08),07:05 (+08),13:09 (+08),16:10 (+08),19:13 (+08),20:22 (+08)
Kuala Lumpur,14 Sep 2023,28-02-1445,05:48 (+08),07:05 (+08),13:09 (+08),16:09 (+08),19:13 (+08),20:22 (+08)
Kuala Lumpur,15 Sep 2023,29-02-1445,05:48 (+08),07:05 (+08),13:09 (+08),16:10 (+08),19:13 (+08),20:21 (+08)
Kuala Lumpur,16 Sep 2023,01-03-1445,05:47 (+08),07:04 (+08),13:08 (+08),16:10 (+08),19:12 (+08),20:21 (+08)
Kuala Lumpur,17 Sep 2023,02-03-1445,05:47 (+08),07:04 (+08),13:08 (+08),16:10 (+08),19:12 (+08),20:21 (+08)
Kuala Lumpur,18 Sep 2023,03-03-1445,05:47 (+08),07:04 (+08),13:08 (+08),16:11 (+08),19:11 (+08),20:20 (+08)
Kuala Lumpur,19 Sep 2023,04-03-1445,05:47 (+08),07:04 (+08),13:07 (+08),16:11 (+08),19:11 (+08),20:20 (+08)
Kuala Lumpur,20 Sep 2023,05-03-1445,05:46 (+08),07:03 (+08),13:07 (+08),16:12 (+08),19:10 (+08),20:19 (+08)
Kuala Lumpur,21 Sep 2023,06-03-1445,05:46 (+08),07:03 (+08),13:06 (+08),16:12 (+08),19:10 (+08),20:19 (+08)
Kuala Lumpur,22 Sep 2023,07-03-1445,05:46 (+08),07:03 (+08),13:06 (+08),16:12 (+08),19:09 (+08),20:18 (+08)
Kuala Lumpur,23 Sep 2023,08-03-1445,05:46 (+08),07:03 (+08),13:06 (+08),16:12 (+08),19:09 (+08),20:18 (+08)
Kuala Lumpur,24 Sep 2023,09-03-1445,05:45 (+08),07:02 (+08),13:05 (+08),16:13 (+08),19:09 (+08),20:17 (+08)
Kuala Lumpur,25 Sep 2023,10-03-1445,05:45 (+08),07:02 (+08),13:05 (+08),16:13 (+08),19:08 (+08),20:17 (+08)
Kuala Lumpur,26 Sep 2023,11-03-1445,05:45 (+08),07:02 (+08),13:05 (+08),16:13 (+08),19:08 (+08),20:16 (+08)
Kuala Lumpur,27 Sep 2023,12-03-1445,05:45 (+08),07:01 (+08),13:04 (+08),16:14 (+08),19:07 (+08),20:16 (+08)
Kuala Lumpur,28 Sep 2023,13-03-1445,05:44 (+08),07:01 (+08),13:04 (+08),16:14 (+08),19:07 (+08),20:16 (+08)
Kuala Lumpur,29 Sep 2023,14-03-1445,05:44 (+08),07:01 (+08),13:04 (+08),16:14 (+08),19:06 (+08),20:15 (+08)
Kuala Lumpur,30 Sep 2023,15-03-1445,05:44 (+08),07:01 (+08),13:03 (+08),16:14 (+08),19:06 (+08),20:15 (+08)
Kuala Lumpur,01 Oct 2023,16-03-1445,05:44 (+08),07:00 (+08),13:03 (+08),16:14 (+08),19:06 (+08),20:14 (+08)
Kuala Lumpur,02 Oct 2023,17-03-1445,05:43 (+08),07:00 (+08),13:03 (+08),16:15 (+08),19:05 (+08),20:14 (+08)
Kuala Lumpur,03 Oct 2023,18-03-1445,05:43 (+08),07:00 (+08),13:02 (+08),16:15 (+08),19:05 (+08),20:14 (+08)
Kuala Lumpur,04 Oct 2023,19-03-1445,05:43 (+08),07:00 (+08),13:02 (+08),16:15 (+08),19:04 (+08),20:13 (+08)
Kuala Lumpur,05 Oct 2023,20-03-1445,05:43 (+08),07:00 (+08),13:02 (+08),16:15 (+08),19:04 (+08),20:13 (+08)
Kuala Lumpur,06 Oct 2023,21-03-1445,05:42 (+08),06:59 (+08),13:02 (+08),16:15 (+08),19:04 (+08),20:13 (+08)
Kuala Lumpur,07 Oct 2023,22-03-1445,05:42 (+08),06:59 (+08),13:01 (+08),16:16 (+08),19:03 (+08),20:12 (+08)
Kuala Lumpur,08 Oct 2023,23-03-1445,05:42 (+08),06:59 (+08),13:01 (+08),16:16 (+08),19:03 (+08),20:12 (+08)
Kuala Lumpur,09 Oct 2023,24-03-1445,05:42 (+08),06:59 (+08),13:01 (+08),16:16 (+08),19:03 (+08),20:12 (+08)
Kuala Lumpur,10 Oct 2023,25-03-1445,05:41 (+08),06:59 (+08),13:00 (+08),16:16 (+08),19:02 (+08),20:11 (+08)
Kuala Lumpur,11 Oct 2023,26-03-1445,05:41 (+08),06:58 (+08),13:00 (+08),16:16 (+08),19:02 (+08),20:11 (+08)
Kuala Lumpur,12 Oct 2023,27-03-1445,05:41 (+08),06:58 (+08),13:00 (+08),16:16 (+08),19:02 (+08),20:11 (+08)
Kuala Lumpur,13 Oct 2023,28-03-1445,05:41 (+08),06:58 (+08),13:00 (+08),16:16 (+08),19:01 (+08),20:11 (+08)
Kuala Lumpur,14 Oct 2023,29-03-1445,05:40 (+08),06:58 (+08),12:59 (+08),16:17 (+08),19:01 (+08),20:10 (+08)
Kuala Lumpur,15 Oct 2023,30-03-1445,05:40 (+08),06:58 (+08),12:59 (+08),16:17 (+08),19:01 (+08),20:10 (+08)
Kuala Lumpur,16 Oct 2023,01-04-1445,05:40 (+08),06:58 (+08),12:59 (+08),16:17 (+08),19:00 (+08),20:10 (+08)
Kuala Lumpur,17 Oct 2023,02-04-1445,05:40 (+08),06:57 (+08),12:59 (+08),16:17 (+08),19:00 (+08),20:10 (+08)
Kuala Lumpur,18 Oct 2023,03-04-1445,05:40 (+08),06:57 (+08),12:58 (+08),16:17 (+08),19:00 (+08),20:09 (+08)
Kuala Lumpur,19 Oct 2023,04-04-1445,05:39 (+08),06:57 (+08),12:58 (+08),16:17 (+08),18:59 (+08),20:09 (+08)
Kuala Lumpur,20 Oct 2023,05-04-1445,05:39 (+08),06:57 (+08),12:58 (+08),16:17 (+08),18:59 (+08),20:09 (+08)
Kuala Lumpur,21 Oct 2023,06-04-1445,05:39 (+08),06:57 (+08),12:58 (+08),16:17 (+08),18:59 (+08),20:09 (+08)
Kuala Lumpur,22 Oct 2023,07-04-1445,05:39 (+08),06:57 (+08),12:58 (+08),16:18 (+08),18:59 (+08),20:09 (+08)
Kuala Lumpur,23 Oct 2023,08-04-1445,05:39 (+08),06:57 (+08),12:58 (+08),16:18 (+08),18:58 (+08),20:09 (+08)
Kuala Lumpur,24 Oct 2023,09-04-1445,05:38 (+08),06:57 (+08),12:57 (+08),16:18 (+08),18:58 (+08),20:08 (+08)
Kuala Lumpur,25 Oct 2023,10-04-1445,05:38 (+08),06:57 (+08),12:57 (+08),16:18 (+08),18:58 (+08),20:08 (+08)
Kuala Lumpur,26 Oct 2023,11-04-1445,05:38 (+08),06:57 (+08),12:57 (+08),16:18 (+08),18:58 (+08),20:08 (+08)
Kuala Lumpur,27 Oct 2023,12-04-1445,05:38 (+08),06:57 (+08),12:57 (+08),16:18 (+08),18:58 (+08),20:08 (+08)
Kuala Lumpur,28 Oct 2023,13-04-1445,05:38 (+08),06:57 (+08),12:57 (+08),16:18 (+08),18:58 (+08),20:08 (+08)
Kuala Lumpur,29 Oct 2023,14-04-1445,05:38 (+08),06:57 (+08),12:57 (+08),16:19 (+08),18:57 (+08),20:08 (+08)
Kuala Lumpur,30 Oct 2023,15-04-1445,05:38 (+08),06:57 (+08),12:57 (+08),16:19 (+08),18:57 (+08),20:08 (+08)
Kuala Lumpur,31 Oct 2023,16-04-1445,05:38 (+08),06:57 (+08),12:57 (+08),16:19 (+08),18:57 (+08),20:08 (+08)
Kuala Lumpur,01 Nov 2023,17-04-1445,05:37 (+08),06:57 (+08),12:57 (+08),16:19 (+08),18:57 (+08),20:08 (+08)
Kuala Lumpur,02 Nov 2023,18-04-1445,05:37 (+08),06:57 (+08),12:57 (+08),16:19 (+08),18:57 (+08),20:08 (+08)
Kuala Lumpur,03 Nov 2023,19-04-1445,05:37 (+08),06:57 (+08),12:57 (+08),16:19 (+08),18:57 (+08),20:08 (+08)
Kuala Lumpur,04 Nov 2023,20-04-1445,05:37 (+08),06:57 (+08),12:57 (+08),16:20 (+08),18:57 (+08),20:08 (+08)
Kuala Lumpur,05 Nov 2023,21-04-1445,05:37 (+08),06:57 (+08),12:57 (+08),16:20 (+08),18:57 (+08),20:08 (+08)
Kuala Lumpur,06 Nov 2023,22-04-1445,05:37 (+08),06:57 (+08),12:57 (+08),16:20 (+08),18:57 (+08),20:08 (+08)
Kuala Lumpur,07 Nov 2023,23-04-1445,05:37 (+08),06:57 (+08),12:57 (+08),16:20 (+08),18:57 (+08),20:08 (+08)
Kuala Lumpur,08 Nov 2023,24-04-1445,05:37 (+08),06:57 (+08),12:57 (+08),16:20 (+08),18:57 (+08),20:08 (+08)
Kuala Lumpur,09 Nov 2023,25-04-1445,05:37 (+08),06:57 (+08),12:57 (+08),16:20 (+08),18:57 (+08),20:08 (+08)
Kuala Lumpur,10 Nov 2023,26-04-1445,05:37 (+08),06:57 (+08),12:57 (+08),16:21 (+08),18:57 (+08),20:09 (+08)
Kuala Lumpur,11 Nov 2023,27-04-1445,05:37 (+08),06:58 (+08),12:57 (+08),16:21 (+08),18:57 (+08),20:09 (+08)
Kuala Lumpur,12 Nov 2023,28-04-1445,05:37 (+08),06:58 (+08),12:57 (+08),16:21 (+08),18:57 (+08),20:09 (+08)
Kuala Lumpur,13 Nov 2023,29-04-1445,05:37 (+08),06:58 (+08),12:57 (+08),16:21 (+08),18:57 (+08),20:09 (+08)
Kuala Lumpur,14 Nov 2023,01-05-1445,05:37 (+08),06:58 (+08),12:58 (+08),16:22 (+08),18:57 (+08),20:09 (+08)
Kuala Lumpur,15 Nov 2023,02-05-1445,05:38 (+08),06:58 (+08),12:58 (+08),16:22 (+08),18:57 (+08),20:09 (+08)
Kuala Lumpur,16 Nov 2023,03-05-1445,05:38 (+08),06:59 (+08),12:58 (+08),16:22 (+08),18:57 (+08),20:10 (+08)
Kuala Lumpur,17 Nov 2023,04-05-1445,05:38 (+08),06:59 (+08),12:58 (+08),16:22 (+08),18:57 (+08),20:10 (+08)
Kuala Lumpur,18 Nov 2023,05-05-1445,05:38 (+08),06:59 (+08),12:58 (+08),16:23 (+08),18:57 (+08),20:10 (+08)
Kuala Lumpur,19 Nov 2023,06-05-1445,05:38 (+08),06:59 (+08),12:58 (+08),16:23 (+08),18:58 (+08),20:10 (+08)
Kuala Lumpur,20 Nov 2023,07-05-1445,05:38 (+08),07:00 (+08),12:59 (+08),16:23 (+08),18:58 (+08),20:11 (+08)
Kuala Lumpur,21 Nov 2023,08-05-1445,05:38 (+08),07:00 (+08),12:59 (+08),16:23 (+08),18:58 (+08),20:11 (+08)
Kuala Lumpur,22 Nov 2023,09-05-1445,05:39 (+08),07:00 (+08),12:59 (+08),16:24 (+08),18:58 (+08),20:11 (+08)
Kuala Lumpur,23 Nov 2023,10-05-1445,05:39 (+08),07:01 (+08),12:59 (+08),16:24 (+08),18:58 (+08),20:12 (+08)
Kuala Lumpur,24 Nov 2023,11-05-1445,05:39 (+08),07:01 (+08),13:00 (+08),16:24 (+08),18:59 (+08),20:12 (+08)
Kuala Lumpur,25 Nov 2023,12-05-1445,05:39 (+08),07:01 (+08),13:00 (+08),16:25 (+08),18:59 (+08),20:12 (+08)
Kuala Lumpur,26 Nov 2023,13-05-1445,05:39 (+08),07:02 (+08),13:00 (+08),16:25 (+08),18:59 (+08),20:13 (+08)
Kuala Lumpur,27 Nov 2023,14-05-1445,05:40 (+08),07:02 (+08),13:01 (+08),16:25 (+08),18:59 (+08),20:13 (+08)
Kuala Lumpur,28 Nov 2023,15-05-1445,05:40 (+08),07:02 (+08),13:01 (+08),16:26 (+08),19:00 (+08),20:13 (+08)
Kuala Lumpur,29 Nov 2023,16-05-1445,05:40 (+08),07:03 (+08),13:01 (+08),16:26 (+08),19:00 (+08),20:14 (+08)
Kuala Lumpur,30 Nov 2023,17-05-1445,05:40 (+08),07:03 (+08),13:02 (+08),16:26 (+08),19:00 (+08),20:14 (+08)
Kuala Lumpur,01 Dec 2023,18-05-1445,05:41 (+08),07:03 (+08),13:02 (+08),16:27 (+08),19:01 (+08),20:15 (+08)
Kuala Lumpur,02 Dec 2023,19-05-1445,05:41 (+08),07:04 (+08),13:02 (+08),16:27 (+08),19:01 (+08),20:15 (+08)
Kuala Lumpur,03 Dec 2023,20-05-1445,05:41 (+08),07:04 (+08),13:03 (+08),16:28 (+08),19:01 (+08),20:16 (+08)
Kuala Lumpur,04 Dec 2023,21-05-1445,05:42 (+08),07:05 (+08),13:03 (+08),16:28 (+08),19:02 (+08),20:16 (+08)
Kuala Lumpur,05 Dec 2023,22-05-1445,05:42 (+08),07:05 (+08),13:04 (+08),16:28 (+08),19:02 (+08),20:16 (+08)
Kuala Lumpur,06 Dec 2023,23-05-1445,05:42 (+08),07:06 (+08),13:04 (+08),16:29 (+08),19:02 (+08),20:17 (+08)
Kuala Lumpur,07 Dec 2023,24-05-1445,05:43 (+08),07:06 (+08),13:04 (+08),16:29 (+08),19:03 (+08),20:17 (+08)
Kuala Lumpur,08 Dec 2023,25-05-1445,05:43 (+08),07:06 (+08),13:05 (+08),16:30 (+08),19:03 (+08),20:18 (+08)
Kuala Lumpur,09 Dec 2023,26-05-1445,05:44 (+08),07:07 (+08),13:05 (+08),16:30 (+08),19:04 (+08),20:18 (+08)
Kuala Lumpur,10 Dec 2023,27-05-1445,05:44 (+08),07:07 (+08),13:06 (+08),16:31 (+08),19:04 (+08),20:19 (+08)
Kuala Lumpur,11 Dec 2023,28-05-1445,05:44 (+08),07:08 (+08),13:06 (+08),16:31 (+08),19:05 (+08),20:19 (+08)
Kuala Lumpur,12 Dec 2023,29-05-1445,05:45 (+08),07:08 (+08),13:07 (+08),16:31 (+08),19:05 (+08),20:20 (+08)
Kuala Lumpur,13 Dec 2023,30-05-1445,05:45 (+08),07:09 (+08),13:07 (+08),16:32 (+08),19:05 (+08),20:20 (+08)
Kuala Lumpur,14 Dec 2023,01-06-1445,05:46 (+08),07:09 (+08),13:08 (+08),16:32 (+08),19:06 (+08),20:21 (+08)
Kuala Lumpur,15 Dec 2023,02-06-1445,05:46 (+08),07:10 (+08),13:08 (+08),16:33 (+08),19:06 (+08),20:21 (+08)
Kuala Lumpur,16 Dec 2023,03-06-1445,05:47 (+08),07:10 (+08),13:09 (+08),16:33 (+08),19:07 (+08),20:22 (+08)
Kuala Lumpur,17 Dec 2023,04-06-1445,05:47 (+08),07:11 (+08),13:09 (+08),16:34 (+08),19:07 (+08),20:22 (+08)
Kuala Lumpur,18 Dec 2023,05-06-1445,05:48 (+08),07:11 (+08),13:10 (+08),16:34 (+08),19:08 (+08),20:23 (+08)
Kuala Lumpur,19 Dec 2023,06-06-1445,05:48 (+08),07:12 (+08),13:10 (+08),16:35 (+08),19:08 (+08),20:23 (+08)
Kuala Lumpur,20 Dec 2023,07-06-1445,05:49 (+08),07:12 (+08),13:11 (+08),16:35 (+08),19:09 (+08),20:24 (+08)
Kuala Lumpur,21 Dec 2023,08-06-1445,05:49 (+08),07:13 (+08),13:11 (+08),16:36 (+08),19:09 (+08),20:24 (+08)
Kuala Lumpur,22 Dec 2023,09-06-1445,05:50 (+08),07:13 (+08),13:12 (+08),16:36 (+08),19:10 (+08),20:25 (+08)
Kuala Lumpur,23 Dec 2023,10-06-1445,05:50 (+08),07:14 (+08),13:12 (+08),16:36 (+08),19:10 (+08),20:25 (+08)
Kuala Lumpur,24 Dec 2023,11-06-1445,05:51 (+08),07:14 (+08),13:13 (+08),16:37 (+08),19:11 (+08),20:26 (+08)
Kuala Lumpur,25 Dec 2023,12-06-1445,05:51 (+08),07:15 (+08),13:13 (+08),16:37 (+08),19:11 (+08),20:26 (+08)
Kuala Lumpur,26 Dec 2023,13-06-1445,05:52 (+08),07:15 (+08),13:14 (+08),16:38 (+08),19:12 (+08),20:27 (+08)
Kuala Lumpur,27 Dec 2023,14-06-1445,05:52 (+08),07:16 (+08),13:14 (+08),16:38 (+08),19:12 (+08),20:27 (+08)
Kuala Lumpur,28 Dec 2023,15-06-1445,05:53 (+08),07:16 (+08),13:14 (+08),16:39 (+08),19:13 (+08),20:28 (+08)
Kuala Lumpur,29 Dec 2023,16-06-1445,05:53 (+08),07:17 (+08),13:15 (+08),16:39 (+08),19:13 (+08),20:28 (+08)
Kuala Lumpur,30 Dec 2023,17-06-1445,05:54 (+08),07:17 (+08),13:15 (+08),16:40 (+08),19:14 (+08),20:29 (+08)
Kuala Lumpur,31 Dec 2023,18-06-1445,05:54 (+08),07:18 (+08),13:16 (+08),16:40 (+08),19:14 (+08),20:29 (+08)
