-- phpMyAdmin SQL Dump
-- version 5.2.1
-- https://www.phpmyadmin.net/
--
-- Host: 127.0.0.1
-- Generation Time: Jun 18, 2023 at 12:43 AM
-- Server version: 10.4.28-MariaDB
-- PHP Version: 8.0.28

SET SQL_MODE = "NO_AUTO_VALUE_ON_ZERO";
START TRANSACTION;
SET time_zone = "+00:00";


/*!40101 SET @OLD_CHARACTER_SET_CLIENT=@@CHARACTER_SET_CLIENT */;
/*!40101 SET @OLD_CHARACTER_SET_RESULTS=@@CHARACTER_SET_RESULTS */;
/*!40101 SET @OLD_COLLATION_CONNECTION=@@COLLATION_CONNECTION */;
/*!40101 SET NAMES utf8mb4 */;

--
-- Database: `dashboard`
--

-- --------------------------------------------------------

--
-- Table structure for table `tb_activity`
--

CREATE TABLE `tb_activity` (
  `a_id` int(11) NOT NULL,
  `a_name` varchar(50) NOT NULL
) ENGINE=InnoDB DEFAULT CHARSET=utf8mb4 COLLATE=utf8mb4_general_ci;

--
-- Dumping data for table `tb_activity`
--

INSERT INTO `tb_activity` (`a_id`, `a_name`) VALUES
(1, 'Production'),
(2, 'Consumption'),
(3, 'Imports'),
(4, 'Exports'),
(13, 'Bunker');

-- --------------------------------------------------------

--
-- Table structure for table `tb_month`
--

CREATE TABLE `tb_month` (
  `m_id` int(11) NOT NULL,
  `m_period` varchar(11) NOT NULL,
  `m_product` int(11) NOT NULL,
  `m_activity` int(11) NOT NULL,
  `m_value` decimal(10,2) NOT NULL,
  `m_unit` varchar(5) NOT NULL
) ENGINE=InnoDB DEFAULT CHARSET=utf8mb4 COLLATE=utf8mb4_general_ci;

--
-- Dumping data for table `tb_month`
--

INSERT INTO `tb_month` (`m_id`, `m_period`, `m_product`, `m_activity`, `m_value`, `m_unit`) VALUES
(1, '2023-02', 53, 1, 619.51, 'TBPD'),
(2, '2023-01', 53, 1, 606.68, 'TBPD'),
(3, '2022-12', 53, 1, 619.84, 'TBPD'),
(4, '2022-11', 53, 1, 618.01, 'TBPD'),
(5, '2022-10', 53, 1, 592.18, 'TBPD'),
(6, '2022-09', 53, 1, 598.34, 'TBPD'),
(7, '2022-08', 53, 1, 591.51, 'TBPD'),
(8, '2022-07', 53, 1, 547.68, 'TBPD'),
(9, '2022-06', 53, 1, 610.84, 'TBPD'),
(10, '2022-05', 53, 1, 582.01, 'TBPD'),
(11, '2022-04', 53, 1, 607.18, 'TBPD'),
(12, '2022-03', 53, 1, 607.18, 'TBPD'),
(13, '2022-02', 53, 1, 638.18, 'TBPD'),
(14, '2022-01', 53, 1, 585.18, 'TBPD'),
(15, '2021-12', 53, 1, 609.98, 'TBPD'),
(16, '2021-11', 53, 1, 597.98, 'TBPD'),
(17, '2021-10', 53, 1, 557.98, 'TBPD'),
(18, '2021-09', 53, 1, 567.99, 'TBPD'),
(19, '2021-08', 53, 1, 558.98, 'TBPD'),
(20, '2021-07', 53, 1, 590.63, 'TBPD'),
(21, '2021-06', 53, 1, 627.66, 'TBPD'),
(22, '2021-05', 53, 1, 629.67, 'TBPD'),
(23, '2021-04', 53, 1, 609.60, 'TBPD'),
(24, '2021-03', 53, 1, 642.36, 'TBPD'),
(25, '2021-02', 53, 1, 663.97, 'TBPD'),
(26, '2021-01', 53, 1, 678.39, 'TBPD'),
(27, '2020-12', 53, 1, 647.53, 'TBPD'),
(28, '2020-11', 53, 1, 643.42, 'TBPD'),
(29, '2020-10', 53, 1, 636.39, 'TBPD'),
(30, '2020-09', 53, 1, 630.35, 'TBPD'),
(31, '2020-08', 53, 1, 634.09, 'TBPD'),
(32, '2020-07', 53, 1, 644.62, 'TBPD'),
(33, '2020-06', 53, 1, 627.45, 'TBPD'),
(34, '2020-05', 53, 1, 599.12, 'TBPD'),
(35, '2020-04', 53, 1, 619.37, 'TBPD'),
(36, '2020-03', 53, 1, 716.31, 'TBPD'),
(37, '2020-02', 53, 1, 724.03, 'TBPD'),
(38, '2020-01', 53, 1, 742.69, 'TBPD'),
(39, '2019-12', 53, 1, 708.32, 'TBPD'),
(40, '2019-11', 53, 1, 741.93, 'TBPD'),
(41, '2019-10', 53, 1, 703.98, 'TBPD'),
(42, '2019-09', 53, 1, 674.54, 'TBPD'),
(43, '2019-08', 53, 1, 652.55, 'TBPD'),
(44, '2019-07', 53, 1, 600.58, 'TBPD'),
(45, '2019-06', 53, 1, 729.54, 'TBPD'),
(46, '2019-05', 53, 1, 739.18, 'TBPD'),
(47, '2019-04', 53, 1, 727.07, 'TBPD'),
(48, '2019-03', 53, 1, 757.79, 'TBPD'),
(49, '2019-02', 53, 1, 755.32, 'TBPD'),
(50, '2019-01', 53, 1, 759.23, 'TBPD'),
(51, '2018-12', 53, 1, 750.33, 'TBPD'),
(52, '2018-11', 53, 1, 752.06, 'TBPD'),
(53, '2018-10', 53, 1, 746.97, 'TBPD'),
(54, '2018-09', 53, 1, 705.17, 'TBPD'),
(55, '2018-08', 53, 1, 698.53, 'TBPD'),
(56, '2018-07', 53, 1, 764.85, 'TBPD'),
(57, '2018-06', 53, 1, 774.04, 'TBPD'),
(58, '2018-05', 53, 1, 745.01, 'TBPD'),
(59, '2018-04', 53, 1, 755.17, 'TBPD'),
(60, '2018-03', 53, 1, 781.48, 'TBPD'),
(61, '2018-02', 53, 1, 775.41, 'TBPD'),
(62, '2018-01', 53, 1, 788.34, 'TBPD'),
(63, '2017-12', 53, 1, 734.37, 'TBPD'),
(64, '2017-11', 53, 1, 788.37, 'TBPD'),
(65, '2017-10', 53, 1, 743.37, 'TBPD'),
(66, '2017-09', 53, 1, 741.37, 'TBPD'),
(67, '2017-08', 53, 1, 724.37, 'TBPD'),
(68, '2017-07', 53, 1, 745.37, 'TBPD'),
(69, '2017-06', 53, 1, 770.37, 'TBPD'),
(70, '2017-05', 53, 1, 721.37, 'TBPD'),
(71, '2017-04', 53, 1, 739.37, 'TBPD'),
(72, '2017-03', 53, 1, 774.37, 'TBPD'),
(73, '2017-02', 53, 1, 786.37, 'TBPD'),
(74, '2017-01', 53, 1, 786.37, 'TBPD'),
(75, '2016-12', 53, 1, 764.95, 'TBPD'),
(76, '2016-11', 53, 1, 762.95, 'TBPD'),
(77, '2016-10', 53, 1, 742.95, 'TBPD'),
(78, '2016-09', 53, 1, 726.95, 'TBPD'),
(79, '2016-08', 53, 1, 725.95, 'TBPD'),
(80, '2016-07', 53, 1, 781.95, 'TBPD'),
(81, '2016-06', 53, 1, 780.95, 'TBPD'),
(82, '2016-05', 53, 1, 736.95, 'TBPD'),
(83, '2016-04', 53, 1, 750.95, 'TBPD'),
(84, '2016-03', 53, 1, 764.95, 'TBPD'),
(85, '2016-02', 53, 1, 771.95, 'TBPD'),
(86, '2016-01', 53, 1, 771.95, 'TBPD'),
(87, '2015-12', 53, 1, 731.26, 'TBPD'),
(88, '2015-11', 53, 1, 742.26, 'TBPD'),
(89, '2015-10', 53, 1, 689.26, 'TBPD'),
(90, '2015-09', 53, 1, 722.26, 'TBPD'),
(91, '2015-08', 53, 1, 661.26, 'TBPD'),
(92, '2015-07', 53, 1, 669.26, 'TBPD'),
(93, '2015-06', 53, 1, 690.26, 'TBPD'),
(94, '2015-05', 53, 1, 764.26, 'TBPD'),
(95, '2015-04', 53, 1, 746.26, 'TBPD'),
(96, '2015-03', 53, 1, 767.26, 'TBPD'),
(97, '2015-02', 53, 1, 763.26, 'TBPD'),
(98, '2015-01', 53, 1, 750.26, 'TBPD'),
(99, '2014-12', 53, 1, 744.85, 'TBPD'),
(100, '2014-11', 53, 1, 749.85, 'TBPD'),
(101, '2014-10', 53, 1, 685.85, 'TBPD'),
(102, '2014-09', 53, 1, 651.85, 'TBPD'),
(103, '2014-08', 53, 1, 636.85, 'TBPD'),
(104, '2014-07', 53, 1, 633.85, 'TBPD'),
(105, '2014-06', 53, 1, 654.85, 'TBPD'),
(106, '2014-05', 53, 1, 667.85, 'TBPD'),
(107, '2014-04', 53, 1, 661.85, 'TBPD'),
(108, '2014-03', 53, 1, 664.85, 'TBPD'),
(109, '2014-02', 53, 1, 651.85, 'TBPD'),
(110, '2014-01', 53, 1, 644.85, 'TBPD'),
(111, '2013-12', 53, 1, 660.71, 'TBPD'),
(112, '2013-11', 53, 1, 656.71, 'TBPD'),
(113, '2013-10', 53, 1, 593.71, 'TBPD'),
(114, '2013-09', 53, 1, 604.71, 'TBPD'),
(115, '2013-08', 53, 1, 633.71, 'TBPD'),
(116, '2013-07', 53, 1, 635.71, 'TBPD'),
(117, '2013-06', 53, 1, 645.71, 'TBPD'),
(118, '2013-05', 53, 1, 644.71, 'TBPD'),
(119, '2013-04', 53, 1, 634.71, 'TBPD'),
(120, '2013-03', 53, 1, 662.71, 'TBPD'),
(121, '2013-02', 53, 1, 671.71, 'TBPD'),
(122, '2013-01', 53, 1, 690.71, 'TBPD'),
(123, '2012-12', 53, 1, 710.04, 'TBPD'),
(124, '2012-11', 53, 1, 701.04, 'TBPD'),
(125, '2012-10', 53, 1, 693.04, 'TBPD'),
(126, '2012-09', 53, 1, 648.04, 'TBPD'),
(127, '2012-08', 53, 1, 666.04, 'TBPD'),
(128, '2012-07', 53, 1, 625.04, 'TBPD'),
(129, '2012-06', 53, 1, 626.04, 'TBPD'),
(130, '2012-05', 53, 1, 647.04, 'TBPD'),
(131, '2012-04', 53, 1, 653.04, 'TBPD'),
(132, '2012-03', 53, 1, 699.04, 'TBPD'),
(133, '2012-02', 53, 1, 708.04, 'TBPD'),
(134, '2012-01', 53, 1, 695.04, 'TBPD'),
(135, '2011-12', 53, 1, 702.25, 'TBPD'),
(136, '2011-11', 53, 1, 668.25, 'TBPD'),
(137, '2011-10', 53, 1, 663.25, 'TBPD'),
(138, '2011-09', 53, 1, 649.25, 'TBPD'),
(139, '2011-08', 53, 1, 676.25, 'TBPD'),
(140, '2011-07', 53, 1, 654.25, 'TBPD'),
(141, '2011-06', 53, 1, 609.25, 'TBPD'),
(142, '2011-05', 53, 1, 586.25, 'TBPD'),
(143, '2011-04', 53, 1, 672.25, 'TBPD'),
(144, '2011-03', 53, 1, 692.25, 'TBPD'),
(145, '2011-02', 53, 1, 719.25, 'TBPD'),
(146, '2011-01', 53, 1, 719.25, 'TBPD'),
(147, '2010-12', 53, 1, 717.11, 'TBPD'),
(148, '2010-11', 53, 1, 707.11, 'TBPD'),
(149, '2010-10', 53, 1, 718.11, 'TBPD'),
(150, '2010-09', 53, 1, 752.11, 'TBPD'),
(151, '2010-08', 53, 1, 706.11, 'TBPD'),
(152, '2010-07', 53, 1, 693.11, 'TBPD'),
(153, '2010-06', 53, 1, 722.11, 'TBPD'),
(154, '2010-05', 53, 1, 755.11, 'TBPD'),
(155, '2010-04', 53, 1, 728.11, 'TBPD'),
(156, '2010-03', 53, 1, 751.11, 'TBPD'),
(157, '2010-02', 53, 1, 756.11, 'TBPD'),
(158, '2010-01', 53, 1, 772.11, 'TBPD'),
(159, '2009-12', 53, 1, 716.33, 'TBPD'),
(160, '2009-11', 53, 1, 697.33, 'TBPD'),
(161, '2009-10', 53, 1, 712.33, 'TBPD'),
(162, '2009-09', 53, 1, 720.33, 'TBPD'),
(163, '2009-08', 53, 1, 709.33, 'TBPD'),
(164, '2009-07', 53, 1, 727.33, 'TBPD'),
(165, '2009-06', 53, 1, 700.33, 'TBPD'),
(166, '2009-05', 53, 1, 716.33, 'TBPD'),
(167, '2009-04', 53, 1, 719.33, 'TBPD'),
(168, '2009-03', 53, 1, 727.33, 'TBPD'),
(169, '2009-02', 53, 1, 735.33, 'TBPD'),
(170, '2009-01', 53, 1, 735.33, 'TBPD'),
(171, '2008-12', 53, 1, 737.43, 'TBPD'),
(172, '2008-11', 53, 1, 768.43, 'TBPD'),
(173, '2008-10', 53, 1, 741.43, 'TBPD'),
(174, '2008-09', 53, 1, 764.43, 'TBPD'),
(175, '2008-08', 53, 1, 770.43, 'TBPD'),
(176, '2008-07', 53, 1, 766.43, 'TBPD'),
(177, '2008-06', 53, 1, 722.43, 'TBPD'),
(178, '2008-05', 53, 1, 742.43, 'TBPD'),
(179, '2008-04', 53, 1, 757.43, 'TBPD'),
(180, '2008-03', 53, 1, 772.43, 'TBPD'),
(181, '2008-02', 53, 1, 778.43, 'TBPD'),
(182, '2008-01', 53, 1, 791.43, 'TBPD'),
(183, '2007-12', 53, 1, 804.96, 'TBPD'),
(184, '2007-11', 53, 1, 778.96, 'TBPD'),
(185, '2007-10', 53, 1, 786.96, 'TBPD'),
(186, '2007-09', 53, 1, 780.96, 'TBPD'),
(187, '2007-08', 53, 1, 740.96, 'TBPD'),
(188, '2007-07', 53, 1, 738.96, 'TBPD'),
(189, '2007-06', 53, 1, 733.96, 'TBPD'),
(190, '2007-05', 53, 1, 732.96, 'TBPD'),
(191, '2007-04', 53, 1, 716.96, 'TBPD'),
(192, '2007-03', 53, 1, 739.96, 'TBPD'),
(193, '2007-02', 53, 1, 735.96, 'TBPD'),
(194, '2007-01', 53, 1, 747.96, 'TBPD'),
(195, '2006-12', 53, 1, 785.81, 'TBPD'),
(196, '2006-11', 53, 1, 761.81, 'TBPD'),
(197, '2006-10', 53, 1, 787.81, 'TBPD'),
(198, '2006-09', 53, 1, 757.81, 'TBPD'),
(199, '2006-08', 53, 1, 751.81, 'TBPD'),
(200, '2006-07', 53, 1, 753.81, 'TBPD'),
(201, '2006-06', 53, 1, 747.81, 'TBPD'),
(202, '2006-05', 53, 1, 642.81, 'TBPD'),
(203, '2006-04', 53, 1, 734.81, 'TBPD'),
(204, '2006-03', 53, 1, 758.81, 'TBPD'),
(205, '2006-02', 53, 1, 761.81, 'TBPD'),
(206, '2006-01', 53, 1, 751.81, 'TBPD'),
(207, '2005-12', 53, 1, 808.41, 'TBPD'),
(208, '2005-11', 53, 1, 823.41, 'TBPD'),
(209, '2005-10', 53, 1, 811.41, 'TBPD'),
(210, '2005-09', 53, 1, 810.41, 'TBPD'),
(211, '2005-08', 53, 1, 806.41, 'TBPD'),
(212, '2005-07', 53, 1, 805.41, 'TBPD'),
(213, '2005-06', 53, 1, 763.41, 'TBPD'),
(214, '2005-05', 53, 1, 708.41, 'TBPD'),
(215, '2005-04', 53, 1, 760.41, 'TBPD'),
(216, '2005-03', 53, 1, 794.41, 'TBPD'),
(217, '2005-02', 53, 1, 789.41, 'TBPD'),
(218, '2005-01', 53, 1, 808.41, 'TBPD'),
(219, '2004-12', 53, 1, 790.46, 'TBPD'),
(220, '2004-11', 53, 1, 825.46, 'TBPD'),
(221, '2004-10', 53, 1, 831.46, 'TBPD'),
(222, '2004-09', 53, 1, 803.46, 'TBPD'),
(223, '2004-08', 53, 1, 825.46, 'TBPD'),
(224, '2004-07', 53, 1, 786.46, 'TBPD'),
(225, '2004-06', 53, 1, 750.46, 'TBPD'),
(226, '2004-05', 53, 1, 792.46, 'TBPD'),
(227, '2004-04', 53, 1, 797.46, 'TBPD'),
(228, '2004-03', 53, 1, 811.46, 'TBPD'),
(229, '2004-02', 53, 1, 812.46, 'TBPD'),
(230, '2004-01', 53, 1, 819.46, 'TBPD'),
(231, '2003-12', 53, 1, 859.55, 'TBPD'),
(232, '2003-11', 53, 1, 843.64, 'TBPD'),
(233, '2003-10', 53, 1, 838.34, 'TBPD'),
(234, '2003-09', 53, 1, 833.04, 'TBPD'),
(235, '2003-08', 53, 1, 833.04, 'TBPD'),
(236, '2003-07', 53, 1, 833.04, 'TBPD'),
(237, '2003-06', 53, 1, 833.04, 'TBPD'),
(238, '2003-05', 53, 1, 822.44, 'TBPD'),
(239, '2003-04', 53, 1, 817.13, 'TBPD'),
(240, '2003-03', 53, 1, 795.93, 'TBPD'),
(241, '2003-02', 53, 1, 817.13, 'TBPD'),
(242, '2003-01', 53, 1, 817.13, 'TBPD'),
(243, '2002-12', 53, 1, 780.88, 'TBPD'),
(244, '2002-11', 53, 1, 780.88, 'TBPD'),
(245, '2002-10', 53, 1, 780.88, 'TBPD'),
(246, '2002-09', 53, 1, 780.88, 'TBPD'),
(247, '2002-08', 53, 1, 780.88, 'TBPD'),
(248, '2002-07', 53, 1, 780.88, 'TBPD'),
(249, '2002-06', 53, 1, 780.88, 'TBPD'),
(250, '2002-05', 53, 1, 780.88, 'TBPD'),
(251, '2002-04', 53, 1, 787.08, 'TBPD'),
(252, '2002-03', 53, 1, 787.08, 'TBPD'),
(253, '2002-02', 53, 1, 787.08, 'TBPD'),
(254, '2002-01', 53, 1, 787.08, 'TBPD'),
(255, '2001-12', 53, 1, 744.93, 'TBPD'),
(256, '2001-11', 53, 1, 744.93, 'TBPD'),
(257, '2001-10', 53, 1, 744.93, 'TBPD'),
(258, '2001-09', 53, 1, 744.93, 'TBPD'),
(259, '2001-08', 53, 1, 744.93, 'TBPD'),
(260, '2001-07', 53, 1, 744.93, 'TBPD'),
(261, '2001-06', 53, 1, 749.93, 'TBPD'),
(262, '2001-05', 53, 1, 729.93, 'TBPD'),
(263, '2001-04', 53, 1, 729.93, 'TBPD'),
(264, '2001-03', 53, 1, 741.93, 'TBPD'),
(265, '2001-02', 53, 1, 741.93, 'TBPD'),
(266, '2001-01', 53, 1, 741.93, 'TBPD'),
(267, '2000-12', 53, 1, 793.00, 'TBPD'),
(268, '2000-11', 53, 1, 793.00, 'TBPD'),
(269, '2000-10', 53, 1, 793.00, 'TBPD'),
(270, '2000-09', 53, 1, 793.00, 'TBPD'),
(271, '2000-08', 53, 1, 793.00, 'TBPD'),
(272, '2000-07', 53, 1, 743.00, 'TBPD'),
(273, '2000-06', 53, 1, 743.00, 'TBPD'),
(274, '2000-05', 53, 1, 733.00, 'TBPD'),
(275, '2000-04', 53, 1, 733.00, 'TBPD'),
(276, '2000-03', 53, 1, 733.00, 'TBPD'),
(277, '2000-02', 53, 1, 753.00, 'TBPD'),
(278, '2000-01', 53, 1, 761.00, 'TBPD'),
(279, '1999-12', 53, 1, 793.20, 'TBPD'),
(280, '1999-11', 53, 1, 793.20, 'TBPD'),
(281, '1999-10', 53, 1, 793.20, 'TBPD'),
(282, '1999-09', 53, 1, 803.20, 'TBPD'),
(283, '1999-08', 53, 1, 803.20, 'TBPD'),
(284, '1999-07', 53, 1, 764.20, 'TBPD'),
(285, '1999-06', 53, 1, 803.20, 'TBPD'),
(286, '1999-05', 53, 1, 793.20, 'TBPD'),
(287, '1999-04', 53, 1, 793.20, 'TBPD'),
(288, '1999-03', 53, 1, 793.20, 'TBPD'),
(289, '1999-02', 53, 1, 793.20, 'TBPD'),
(290, '1999-01', 53, 1, 793.20, 'TBPD'),
(291, '1998-12', 53, 1, 811.10, 'TBPD'),
(292, '1998-11', 53, 1, 811.10, 'TBPD'),
(293, '1998-10', 53, 1, 811.10, 'TBPD'),
(294, '1998-09', 53, 1, 811.10, 'TBPD'),
(295, '1998-08', 53, 1, 821.10, 'TBPD'),
(296, '1998-07', 53, 1, 821.10, 'TBPD'),
(297, '1998-06', 53, 1, 840.10, 'TBPD'),
(298, '1998-05', 53, 1, 840.10, 'TBPD'),
(299, '1998-04', 53, 1, 830.10, 'TBPD'),
(300, '1998-03', 53, 1, 830.10, 'TBPD'),
(301, '1998-02', 53, 1, 821.10, 'TBPD'),
(302, '1998-01', 53, 1, 830.10, 'TBPD'),
(303, '1997-12', 53, 1, 778.40, 'TBPD'),
(304, '1997-11', 53, 1, 778.40, 'TBPD'),
(305, '1997-10', 53, 1, 778.40, 'TBPD'),
(306, '1997-09', 53, 1, 778.40, 'TBPD'),
(307, '1997-08', 53, 1, 759.40, 'TBPD'),
(308, '1997-07', 53, 1, 759.40, 'TBPD'),
(309, '1997-06', 53, 1, 759.40, 'TBPD'),
(310, '1997-05', 53, 1, 769.40, 'TBPD'),
(311, '1997-04', 53, 1, 769.40, 'TBPD'),
(312, '1997-03', 53, 1, 750.40, 'TBPD'),
(313, '1997-02', 53, 1, 750.40, 'TBPD'),
(314, '1997-01', 53, 1, 750.40, 'TBPD'),
(315, '1996-12', 53, 1, 735.00, 'TBPD'),
(316, '1996-11', 53, 1, 735.00, 'TBPD'),
(317, '1996-10', 53, 1, 735.00, 'TBPD'),
(318, '1996-09', 53, 1, 735.00, 'TBPD'),
(319, '1996-08', 53, 1, 735.00, 'TBPD'),
(320, '1996-07', 53, 1, 735.00, 'TBPD'),
(321, '1996-06', 53, 1, 735.00, 'TBPD'),
(322, '1996-05', 53, 1, 735.00, 'TBPD'),
(323, '1996-04', 53, 1, 735.00, 'TBPD'),
(324, '1996-03', 53, 1, 715.00, 'TBPD'),
(325, '1996-02', 53, 1, 715.00, 'TBPD'),
(326, '1996-01', 53, 1, 715.00, 'TBPD'),
(327, '1995-12', 53, 1, 725.10, 'TBPD'),
(328, '1995-11', 53, 1, 725.10, 'TBPD'),
(329, '1995-10', 53, 1, 725.10, 'TBPD'),
(330, '1995-09', 53, 1, 725.10, 'TBPD'),
(331, '1995-08', 53, 1, 725.10, 'TBPD'),
(332, '1995-07', 53, 1, 725.10, 'TBPD'),
(333, '1995-06', 53, 1, 715.10, 'TBPD'),
(334, '1995-05', 53, 1, 715.10, 'TBPD'),
(335, '1995-04', 53, 1, 715.10, 'TBPD'),
(336, '1995-03', 53, 1, 715.10, 'TBPD'),
(337, '1995-02', 53, 1, 715.10, 'TBPD'),
(338, '1995-01', 53, 1, 685.10, 'TBPD'),
(339, '1994-12', 53, 1, 681.30, 'TBPD'),
(340, '1994-11', 53, 1, 681.30, 'TBPD'),
(341, '1994-10', 53, 1, 681.30, 'TBPD'),
(342, '1994-09', 53, 1, 681.30, 'TBPD'),
(343, '1994-08', 53, 1, 681.30, 'TBPD'),
(344, '1994-07', 53, 1, 681.30, 'TBPD'),
(345, '1994-06', 53, 1, 671.30, 'TBPD'),
(346, '1994-05', 53, 1, 671.30, 'TBPD'),
(347, '1994-04', 53, 1, 661.30, 'TBPD'),
(348, '1994-03', 53, 1, 681.30, 'TBPD'),
(349, '1994-02', 53, 1, 681.30, 'TBPD'),
(350, '1994-01', 53, 1, 661.30, 'TBPD'),
(351, '1993-12', 53, 1, 654.10, 'TBPD'),
(352, '1993-11', 53, 1, 654.10, 'TBPD'),
(353, '1993-10', 53, 1, 674.22, 'TBPD'),
(354, '1993-09', 53, 1, 674.22, 'TBPD'),
(355, '1993-08', 53, 1, 674.22, 'TBPD'),
(356, '1993-07', 53, 1, 674.22, 'TBPD'),
(357, '1993-06', 53, 1, 633.99, 'TBPD'),
(358, '1993-05', 53, 1, 633.99, 'TBPD'),
(359, '1993-04', 53, 1, 633.99, 'TBPD'),
(360, '1993-03', 53, 1, 674.22, 'TBPD'),
(361, '1993-02', 53, 1, 674.22, 'TBPD'),
(362, '1993-01', 53, 1, 669.19, 'TBPD'),
(363, '2023-02', 55, 1, 604.33, 'TBPD'),
(364, '2023-01', 55, 1, 591.50, 'TBPD'),
(365, '2022-12', 55, 1, 604.67, 'TBPD'),
(366, '2022-11', 55, 1, 602.83, 'TBPD'),
(367, '2022-10', 55, 1, 577.00, 'TBPD'),
(368, '2022-09', 55, 1, 583.17, 'TBPD'),
(369, '2022-08', 55, 1, 576.33, 'TBPD'),
(370, '2022-07', 55, 1, 532.50, 'TBPD'),
(371, '2022-06', 55, 1, 595.67, 'TBPD'),
(372, '2022-05', 55, 1, 566.83, 'TBPD'),
(373, '2022-04', 55, 1, 592.00, 'TBPD'),
(374, '2022-03', 55, 1, 592.00, 'TBPD'),
(375, '2022-02', 55, 1, 623.00, 'TBPD'),
(376, '2022-01', 55, 1, 570.00, 'TBPD'),
(377, '2021-12', 55, 1, 595.00, 'TBPD'),
(378, '2021-11', 55, 1, 583.00, 'TBPD'),
(379, '2021-10', 55, 1, 543.00, 'TBPD'),
(380, '2021-09', 55, 1, 553.01, 'TBPD'),
(381, '2021-08', 55, 1, 544.00, 'TBPD'),
(382, '2021-07', 55, 1, 572.00, 'TBPD'),
(383, '2021-06', 55, 1, 609.03, 'TBPD'),
(384, '2021-05', 55, 1, 611.04, 'TBPD'),
(385, '2021-04', 55, 1, 590.97, 'TBPD'),
(386, '2021-03', 55, 1, 623.73, 'TBPD'),
(387, '2021-02', 55, 1, 645.34, 'TBPD'),
(388, '2021-01', 55, 1, 659.75, 'TBPD'),
(389, '2020-12', 55, 1, 630.82, 'TBPD'),
(390, '2020-11', 55, 1, 626.70, 'TBPD'),
(391, '2020-10', 55, 1, 619.67, 'TBPD'),
(392, '2020-09', 55, 1, 613.63, 'TBPD'),
(393, '2020-08', 55, 1, 617.37, 'TBPD'),
(394, '2020-07', 55, 1, 627.90, 'TBPD'),
(395, '2020-06', 55, 1, 616.06, 'TBPD'),
(396, '2020-05', 55, 1, 587.72, 'TBPD'),
(397, '2020-04', 55, 1, 607.97, 'TBPD'),
(398, '2020-03', 55, 1, 704.91, 'TBPD'),
(399, '2020-02', 55, 1, 712.63, 'TBPD'),
(400, '2020-01', 55, 1, 731.29, 'TBPD'),
(401, '2019-12', 55, 1, 697.87, 'TBPD'),
(402, '2019-11', 55, 1, 731.48, 'TBPD'),
(403, '2019-10', 55, 1, 693.53, 'TBPD'),
(404, '2019-09', 55, 1, 664.09, 'TBPD'),
(405, '2019-08', 55, 1, 642.10, 'TBPD'),
(406, '2019-07', 55, 1, 590.13, 'TBPD'),
(407, '2019-06', 55, 1, 719.09, 'TBPD'),
(408, '2019-05', 55, 1, 728.73, 'TBPD'),
(409, '2019-04', 55, 1, 716.62, 'TBPD'),
(410, '2019-03', 55, 1, 747.34, 'TBPD'),
(411, '2019-02', 55, 1, 744.87, 'TBPD'),
(412, '2019-01', 55, 1, 748.78, 'TBPD'),
(413, '2018-12', 55, 1, 740.03, 'TBPD'),
(414, '2018-11', 55, 1, 741.76, 'TBPD'),
(415, '2018-10', 55, 1, 736.67, 'TBPD'),
(416, '2018-09', 55, 1, 694.86, 'TBPD'),
(417, '2018-08', 55, 1, 688.22, 'TBPD'),
(418, '2018-07', 55, 1, 754.55, 'TBPD'),
(419, '2018-06', 55, 1, 763.74, 'TBPD'),
(420, '2018-05', 55, 1, 734.70, 'TBPD'),
(421, '2018-04', 55, 1, 744.87, 'TBPD'),
(422, '2018-03', 55, 1, 771.18, 'TBPD'),
(423, '2018-02', 55, 1, 765.11, 'TBPD'),
(424, '2018-01', 55, 1, 778.03, 'TBPD'),
(425, '2017-12', 55, 1, 724.00, 'TBPD'),
(426, '2017-11', 55, 1, 778.00, 'TBPD'),
(427, '2017-10', 55, 1, 733.00, 'TBPD'),
(428, '2017-09', 55, 1, 731.00, 'TBPD'),
(429, '2017-08', 55, 1, 714.00, 'TBPD'),
(430, '2017-07', 55, 1, 735.00, 'TBPD'),
(431, '2017-06', 55, 1, 760.00, 'TBPD'),
(432, '2017-05', 55, 1, 711.00, 'TBPD'),
(433, '2017-04', 55, 1, 729.00, 'TBPD'),
(434, '2017-03', 55, 1, 764.00, 'TBPD'),
(435, '2017-02', 55, 1, 776.00, 'TBPD'),
(436, '2017-01', 55, 1, 776.00, 'TBPD'),
(437, '2016-12', 55, 1, 755.00, 'TBPD'),
(438, '2016-11', 55, 1, 753.00, 'TBPD'),
(439, '2016-10', 55, 1, 733.00, 'TBPD'),
(440, '2016-09', 55, 1, 717.00, 'TBPD'),
(441, '2016-08', 55, 1, 716.00, 'TBPD'),
(442, '2016-07', 55, 1, 772.00, 'TBPD'),
(443, '2016-06', 55, 1, 771.00, 'TBPD'),
(444, '2016-05', 55, 1, 727.00, 'TBPD'),
(445, '2016-04', 55, 1, 741.00, 'TBPD'),
(446, '2016-03', 55, 1, 755.00, 'TBPD'),
(447, '2016-02', 55, 1, 762.00, 'TBPD'),
(448, '2016-01', 55, 1, 762.00, 'TBPD'),
(449, '2015-12', 55, 1, 721.00, 'TBPD'),
(450, '2015-11', 55, 1, 732.00, 'TBPD'),
(451, '2015-10', 55, 1, 679.00, 'TBPD'),
(452, '2015-09', 55, 1, 712.00, 'TBPD'),
(453, '2015-08', 55, 1, 651.00, 'TBPD'),
(454, '2015-07', 55, 1, 659.00, 'TBPD'),
(455, '2015-06', 55, 1, 680.00, 'TBPD'),
(456, '2015-05', 55, 1, 754.00, 'TBPD'),
(457, '2015-04', 55, 1, 736.00, 'TBPD'),
(458, '2015-03', 55, 1, 757.00, 'TBPD'),
(459, '2015-02', 55, 1, 753.00, 'TBPD'),
(460, '2015-01', 55, 1, 740.00, 'TBPD'),
(461, '2014-12', 55, 1, 735.00, 'TBPD'),
(462, '2014-11', 55, 1, 740.00, 'TBPD'),
(463, '2014-10', 55, 1, 676.00, 'TBPD'),
(464, '2014-09', 55, 1, 642.00, 'TBPD'),
(465, '2014-08', 55, 1, 627.00, 'TBPD'),
(466, '2014-07', 55, 1, 624.00, 'TBPD'),
(467, '2014-06', 55, 1, 645.00, 'TBPD'),
(468, '2014-05', 55, 1, 658.00, 'TBPD'),
(469, '2014-04', 55, 1, 652.00, 'TBPD'),
(470, '2014-03', 55, 1, 655.00, 'TBPD'),
(471, '2014-02', 55, 1, 642.00, 'TBPD'),
(472, '2014-01', 55, 1, 635.00, 'TBPD'),
(473, '2013-12', 55, 1, 649.00, 'TBPD'),
(474, '2013-11', 55, 1, 645.00, 'TBPD'),
(475, '2013-10', 55, 1, 582.00, 'TBPD'),
(476, '2013-09', 55, 1, 593.00, 'TBPD'),
(477, '2013-08', 55, 1, 622.00, 'TBPD'),
(478, '2013-07', 55, 1, 624.00, 'TBPD'),
(479, '2013-06', 55, 1, 634.00, 'TBPD'),
(480, '2013-05', 55, 1, 633.00, 'TBPD'),
(481, '2013-04', 55, 1, 623.00, 'TBPD'),
(482, '2013-03', 55, 1, 651.00, 'TBPD'),
(483, '2013-02', 55, 1, 660.00, 'TBPD'),
(484, '2013-01', 55, 1, 679.00, 'TBPD'),
(485, '2012-12', 55, 1, 698.67, 'TBPD'),
(486, '2012-11', 55, 1, 689.67, 'TBPD'),
(487, '2012-10', 55, 1, 681.67, 'TBPD'),
(488, '2012-09', 55, 1, 636.67, 'TBPD'),
(489, '2012-08', 55, 1, 654.67, 'TBPD'),
(490, '2012-07', 55, 1, 613.67, 'TBPD'),
(491, '2012-06', 55, 1, 614.67, 'TBPD'),
(492, '2012-05', 55, 1, 635.67, 'TBPD'),
(493, '2012-04', 55, 1, 641.67, 'TBPD'),
(494, '2012-03', 55, 1, 687.67, 'TBPD'),
(495, '2012-02', 55, 1, 696.67, 'TBPD'),
(496, '2012-01', 55, 1, 683.67, 'TBPD'),
(497, '2011-12', 55, 1, 691.00, 'TBPD'),
(498, '2011-11', 55, 1, 657.00, 'TBPD'),
(499, '2011-10', 55, 1, 652.00, 'TBPD'),
(500, '2011-09', 55, 1, 638.00, 'TBPD'),
(501, '2011-08', 55, 1, 665.00, 'TBPD'),
(502, '2011-07', 55, 1, 643.00, 'TBPD'),
(503, '2011-06', 55, 1, 598.00, 'TBPD'),
(504, '2011-05', 55, 1, 575.00, 'TBPD'),
(505, '2011-04', 55, 1, 661.00, 'TBPD'),
(506, '2011-03', 55, 1, 681.00, 'TBPD'),
(507, '2011-02', 55, 1, 708.00, 'TBPD'),
(508, '2011-01', 55, 1, 708.00, 'TBPD'),
(509, '2010-12', 55, 1, 705.19, 'TBPD'),
(510, '2010-11', 55, 1, 695.19, 'TBPD'),
(511, '2010-10', 55, 1, 706.19, 'TBPD'),
(512, '2010-09', 55, 1, 740.19, 'TBPD'),
(513, '2010-08', 55, 1, 694.19, 'TBPD'),
(514, '2010-07', 55, 1, 681.19, 'TBPD'),
(515, '2010-06', 55, 1, 710.19, 'TBPD'),
(516, '2010-05', 55, 1, 743.19, 'TBPD'),
(517, '2010-04', 55, 1, 716.19, 'TBPD'),
(518, '2010-03', 55, 1, 739.19, 'TBPD'),
(519, '2010-02', 55, 1, 744.19, 'TBPD'),
(520, '2010-01', 55, 1, 760.19, 'TBPD'),
(521, '2009-12', 55, 1, 704.26, 'TBPD'),
(522, '2009-11', 55, 1, 685.26, 'TBPD'),
(523, '2009-10', 55, 1, 700.26, 'TBPD'),
(524, '2009-09', 55, 1, 708.26, 'TBPD'),
(525, '2009-08', 55, 1, 697.26, 'TBPD'),
(526, '2009-07', 55, 1, 715.26, 'TBPD'),
(527, '2009-06', 55, 1, 688.26, 'TBPD'),
(528, '2009-05', 55, 1, 704.26, 'TBPD'),
(529, '2009-04', 55, 1, 707.26, 'TBPD'),
(530, '2009-03', 55, 1, 715.26, 'TBPD'),
(531, '2009-02', 55, 1, 723.26, 'TBPD'),
(532, '2009-01', 55, 1, 723.26, 'TBPD'),
(533, '2008-12', 55, 1, 722.21, 'TBPD'),
(534, '2008-11', 55, 1, 753.21, 'TBPD'),
(535, '2008-10', 55, 1, 726.21, 'TBPD'),
(536, '2008-09', 55, 1, 749.21, 'TBPD'),
(537, '2008-08', 55, 1, 755.21, 'TBPD'),
(538, '2008-07', 55, 1, 751.21, 'TBPD'),
(539, '2008-06', 55, 1, 707.21, 'TBPD'),
(540, '2008-05', 55, 1, 727.21, 'TBPD'),
(541, '2008-04', 55, 1, 742.21, 'TBPD'),
(542, '2008-03', 55, 1, 757.21, 'TBPD'),
(543, '2008-02', 55, 1, 763.21, 'TBPD'),
(544, '2008-01', 55, 1, 776.21, 'TBPD'),
(545, '2007-12', 55, 1, 791.88, 'TBPD'),
(546, '2007-11', 55, 1, 765.88, 'TBPD'),
(547, '2007-10', 55, 1, 773.88, 'TBPD'),
(548, '2007-09', 55, 1, 767.88, 'TBPD'),
(549, '2007-08', 55, 1, 727.88, 'TBPD'),
(550, '2007-07', 55, 1, 725.88, 'TBPD'),
(551, '2007-06', 55, 1, 720.88, 'TBPD'),
(552, '2007-05', 55, 1, 719.88, 'TBPD'),
(553, '2007-04', 55, 1, 703.88, 'TBPD'),
(554, '2007-03', 55, 1, 726.88, 'TBPD'),
(555, '2007-02', 55, 1, 722.88, 'TBPD'),
(556, '2007-01', 55, 1, 734.88, 'TBPD'),
(557, '2006-12', 55, 1, 772.00, 'TBPD'),
(558, '2006-11', 55, 1, 748.00, 'TBPD'),
(559, '2006-10', 55, 1, 774.00, 'TBPD'),
(560, '2006-09', 55, 1, 744.00, 'TBPD'),
(561, '2006-08', 55, 1, 738.00, 'TBPD'),
(562, '2006-07', 55, 1, 740.00, 'TBPD'),
(563, '2006-06', 55, 1, 734.00, 'TBPD'),
(564, '2006-05', 55, 1, 629.00, 'TBPD'),
(565, '2006-04', 55, 1, 721.00, 'TBPD'),
(566, '2006-03', 55, 1, 745.00, 'TBPD'),
(567, '2006-02', 55, 1, 748.00, 'TBPD'),
(568, '2006-01', 55, 1, 738.00, 'TBPD'),
(569, '2005-12', 55, 1, 796.00, 'TBPD'),
(570, '2005-11', 55, 1, 811.00, 'TBPD'),
(571, '2005-10', 55, 1, 799.00, 'TBPD'),
(572, '2005-09', 55, 1, 798.00, 'TBPD'),
(573, '2005-08', 55, 1, 794.00, 'TBPD'),
(574, '2005-07', 55, 1, 793.00, 'TBPD'),
(575, '2005-06', 55, 1, 751.00, 'TBPD'),
(576, '2005-05', 55, 1, 696.00, 'TBPD'),
(577, '2005-04', 55, 1, 748.00, 'TBPD'),
(578, '2005-03', 55, 1, 782.00, 'TBPD'),
(579, '2005-02', 55, 1, 777.00, 'TBPD'),
(580, '2005-01', 55, 1, 796.00, 'TBPD'),
(581, '2004-12', 55, 1, 779.00, 'TBPD'),
(582, '2004-11', 55, 1, 814.00, 'TBPD'),
(583, '2004-10', 55, 1, 820.00, 'TBPD'),
(584, '2004-09', 55, 1, 792.00, 'TBPD'),
(585, '2004-08', 55, 1, 814.00, 'TBPD'),
(586, '2004-07', 55, 1, 775.00, 'TBPD'),
(587, '2004-06', 55, 1, 739.00, 'TBPD'),
(588, '2004-05', 55, 1, 781.00, 'TBPD'),
(589, '2004-04', 55, 1, 786.00, 'TBPD'),
(590, '2004-03', 55, 1, 800.00, 'TBPD'),
(591, '2004-02', 55, 1, 801.00, 'TBPD'),
(592, '2004-01', 55, 1, 808.00, 'TBPD'),
(593, '2003-12', 55, 1, 848.72, 'TBPD'),
(594, '2003-11', 55, 1, 832.82, 'TBPD'),
(595, '2003-10', 55, 1, 827.52, 'TBPD'),
(596, '2003-09', 55, 1, 822.21, 'TBPD'),
(597, '2003-08', 55, 1, 822.21, 'TBPD'),
(598, '2003-07', 55, 1, 822.21, 'TBPD'),
(599, '2003-06', 55, 1, 822.21, 'TBPD'),
(600, '2003-05', 55, 1, 811.61, 'TBPD'),
(601, '2003-04', 55, 1, 806.31, 'TBPD'),
(602, '2003-03', 55, 1, 785.10, 'TBPD'),
(603, '2003-02', 55, 1, 806.31, 'TBPD'),
(604, '2003-01', 55, 1, 806.31, 'TBPD'),
(605, '2002-12', 55, 1, 771.42, 'TBPD'),
(606, '2002-11', 55, 1, 771.42, 'TBPD'),
(607, '2002-10', 55, 1, 771.42, 'TBPD'),
(608, '2002-09', 55, 1, 771.42, 'TBPD'),
(609, '2002-08', 55, 1, 771.42, 'TBPD'),
(610, '2002-07', 55, 1, 771.42, 'TBPD'),
(611, '2002-06', 55, 1, 771.42, 'TBPD'),
(612, '2002-05', 55, 1, 771.42, 'TBPD'),
(613, '2002-04', 55, 1, 777.62, 'TBPD'),
(614, '2002-03', 55, 1, 777.62, 'TBPD'),
(615, '2002-02', 55, 1, 777.62, 'TBPD'),
(616, '2002-01', 55, 1, 777.62, 'TBPD'),
(617, '2001-12', 55, 1, 735.00, 'TBPD'),
(618, '2001-11', 55, 1, 735.00, 'TBPD'),
(619, '2001-10', 55, 1, 735.00, 'TBPD'),
(620, '2001-09', 55, 1, 735.00, 'TBPD'),
(621, '2001-08', 55, 1, 735.00, 'TBPD'),
(622, '2001-07', 55, 1, 735.00, 'TBPD'),
(623, '2001-06', 55, 1, 740.00, 'TBPD'),
(624, '2001-05', 55, 1, 720.00, 'TBPD'),
(625, '2001-04', 55, 1, 720.00, 'TBPD'),
(626, '2001-03', 55, 1, 732.00, 'TBPD'),
(627, '2001-02', 55, 1, 732.00, 'TBPD'),
(628, '2001-01', 55, 1, 732.00, 'TBPD'),
(629, '2000-12', 55, 1, 785.00, 'TBPD'),
(630, '2000-11', 55, 1, 785.00, 'TBPD'),
(631, '2000-10', 55, 1, 785.00, 'TBPD'),
(632, '2000-09', 55, 1, 785.00, 'TBPD'),
(633, '2000-08', 55, 1, 785.00, 'TBPD'),
(634, '2000-07', 55, 1, 735.00, 'TBPD'),
(635, '2000-06', 55, 1, 735.00, 'TBPD'),
(636, '2000-05', 55, 1, 725.00, 'TBPD'),
(637, '2000-04', 55, 1, 725.00, 'TBPD'),
(638, '2000-03', 55, 1, 725.00, 'TBPD'),
(639, '2000-02', 55, 1, 745.00, 'TBPD'),
(640, '2000-01', 55, 1, 753.00, 'TBPD'),
(641, '1999-12', 55, 1, 788.00, 'TBPD'),
(642, '1999-11', 55, 1, 788.00, 'TBPD'),
(643, '1999-10', 55, 1, 788.00, 'TBPD'),
(644, '1999-09', 55, 1, 798.00, 'TBPD'),
(645, '1999-08', 55, 1, 798.00, 'TBPD'),
(646, '1999-07', 55, 1, 759.00, 'TBPD'),
(647, '1999-06', 55, 1, 798.00, 'TBPD'),
(648, '1999-05', 55, 1, 788.00, 'TBPD'),
(649, '1999-04', 55, 1, 788.00, 'TBPD'),
(650, '1999-03', 55, 1, 788.00, 'TBPD'),
(651, '1999-02', 55, 1, 788.00, 'TBPD'),
(652, '1999-01', 55, 1, 788.00, 'TBPD'),
(653, '1998-12', 55, 1, 808.00, 'TBPD'),
(654, '1998-11', 55, 1, 808.00, 'TBPD'),
(655, '1998-10', 55, 1, 808.00, 'TBPD'),
(656, '1998-09', 55, 1, 808.00, 'TBPD'),
(657, '1998-08', 55, 1, 818.00, 'TBPD'),
(658, '1998-07', 55, 1, 818.00, 'TBPD'),
(659, '1998-06', 55, 1, 837.00, 'TBPD'),
(660, '1998-05', 55, 1, 837.00, 'TBPD'),
(661, '1998-04', 55, 1, 827.00, 'TBPD'),
(662, '1998-03', 55, 1, 827.00, 'TBPD'),
(663, '1998-02', 55, 1, 818.00, 'TBPD'),
(664, '1998-01', 55, 1, 827.00, 'TBPD'),
(665, '1997-12', 55, 1, 775.00, 'TBPD'),
(666, '1997-11', 55, 1, 775.00, 'TBPD'),
(667, '1997-10', 55, 1, 775.00, 'TBPD'),
(668, '1997-09', 55, 1, 775.00, 'TBPD'),
(669, '1997-08', 55, 1, 756.00, 'TBPD'),
(670, '1997-07', 55, 1, 756.00, 'TBPD'),
(671, '1997-06', 55, 1, 756.00, 'TBPD'),
(672, '1997-05', 55, 1, 766.00, 'TBPD'),
(673, '1997-04', 55, 1, 766.00, 'TBPD'),
(674, '1997-03', 55, 1, 747.00, 'TBPD'),
(675, '1997-02', 55, 1, 747.00, 'TBPD'),
(676, '1997-01', 55, 1, 747.00, 'TBPD'),
(677, '1996-12', 55, 1, 732.00, 'TBPD'),
(678, '1996-11', 55, 1, 732.00, 'TBPD'),
(679, '1996-10', 55, 1, 732.00, 'TBPD'),
(680, '1996-09', 55, 1, 732.00, 'TBPD'),
(681, '1996-08', 55, 1, 732.00, 'TBPD'),
(682, '1996-07', 55, 1, 732.00, 'TBPD'),
(683, '1996-06', 55, 1, 732.00, 'TBPD'),
(684, '1996-05', 55, 1, 732.00, 'TBPD'),
(685, '1996-04', 55, 1, 732.00, 'TBPD'),
(686, '1996-03', 55, 1, 712.00, 'TBPD'),
(687, '1996-02', 55, 1, 712.00, 'TBPD'),
(688, '1996-01', 55, 1, 712.00, 'TBPD'),
(689, '1995-12', 55, 1, 722.00, 'TBPD'),
(690, '1995-11', 55, 1, 722.00, 'TBPD'),
(691, '1995-10', 55, 1, 722.00, 'TBPD'),
(692, '1995-09', 55, 1, 722.00, 'TBPD'),
(693, '1995-08', 55, 1, 722.00, 'TBPD'),
(694, '1995-07', 55, 1, 722.00, 'TBPD'),
(695, '1995-06', 55, 1, 712.00, 'TBPD'),
(696, '1995-05', 55, 1, 712.00, 'TBPD'),
(697, '1995-04', 55, 1, 712.00, 'TBPD'),
(698, '1995-03', 55, 1, 712.00, 'TBPD'),
(699, '1995-02', 55, 1, 712.00, 'TBPD'),
(700, '1995-01', 55, 1, 682.00, 'TBPD'),
(701, '1994-12', 55, 1, 679.00, 'TBPD'),
(702, '1994-11', 55, 1, 679.00, 'TBPD'),
(703, '1994-10', 55, 1, 679.00, 'TBPD'),
(704, '1994-09', 55, 1, 679.00, 'TBPD'),
(705, '1994-08', 55, 1, 679.00, 'TBPD'),
(706, '1994-07', 55, 1, 679.00, 'TBPD'),
(707, '1994-06', 55, 1, 669.00, 'TBPD'),
(708, '1994-05', 55, 1, 669.00, 'TBPD'),
(709, '1994-04', 55, 1, 659.00, 'TBPD'),
(710, '1994-03', 55, 1, 679.00, 'TBPD'),
(711, '1994-02', 55, 1, 679.00, 'TBPD'),
(712, '1994-01', 55, 1, 659.00, 'TBPD'),
(713, '1993-12', 55, 1, 653.70, 'TBPD'),
(714, '1993-11', 55, 1, 653.70, 'TBPD'),
(715, '1993-10', 55, 1, 673.82, 'TBPD'),
(716, '1993-09', 55, 1, 673.82, 'TBPD'),
(717, '1993-08', 55, 1, 673.82, 'TBPD'),
(718, '1993-07', 55, 1, 673.82, 'TBPD'),
(719, '1993-06', 55, 1, 633.59, 'TBPD'),
(720, '1993-05', 55, 1, 633.59, 'TBPD'),
(721, '1993-04', 55, 1, 633.59, 'TBPD'),
(722, '1993-03', 55, 1, 673.82, 'TBPD'),
(723, '1993-02', 55, 1, 673.82, 'TBPD'),
(724, '1993-01', 55, 1, 668.79, 'TBPD'),
(725, '2023-02', 56, 1, 15.18, 'TBPD'),
(726, '2023-01', 56, 1, 15.18, 'TBPD'),
(727, '2022-12', 56, 1, 15.18, 'TBPD'),
(728, '2022-11', 56, 1, 15.18, 'TBPD'),
(729, '2022-10', 56, 1, 15.18, 'TBPD'),
(730, '2022-09', 56, 1, 15.18, 'TBPD'),
(731, '2022-08', 56, 1, 15.18, 'TBPD'),
(732, '2022-07', 56, 1, 15.18, 'TBPD'),
(733, '2022-06', 56, 1, 15.18, 'TBPD'),
(734, '2022-05', 56, 1, 15.18, 'TBPD'),
(735, '2022-04', 56, 1, 15.18, 'TBPD'),
(736, '2022-03', 56, 1, 15.18, 'TBPD'),
(737, '2022-02', 56, 1, 15.18, 'TBPD'),
(738, '2022-01', 56, 1, 15.18, 'TBPD'),
(739, '2021-12', 56, 1, 14.98, 'TBPD'),
(740, '2021-11', 56, 1, 14.98, 'TBPD'),
(741, '2021-10', 56, 1, 14.98, 'TBPD'),
(742, '2021-09', 56, 1, 14.98, 'TBPD'),
(743, '2021-08', 56, 1, 14.98, 'TBPD'),
(744, '2021-07', 56, 1, 18.63, 'TBPD'),
(745, '2021-06', 56, 1, 18.63, 'TBPD'),
(746, '2021-05', 56, 1, 18.63, 'TBPD'),
(747, '2021-04', 56, 1, 18.63, 'TBPD'),
(748, '2021-03', 56, 1, 18.63, 'TBPD'),
(749, '2021-02', 56, 1, 18.63, 'TBPD'),
(750, '2021-01', 56, 1, 18.63, 'TBPD'),
(751, '2020-12', 56, 1, 16.72, 'TBPD'),
(752, '2020-11', 56, 1, 16.72, 'TBPD'),
(753, '2020-10', 56, 1, 16.72, 'TBPD'),
(754, '2020-09', 56, 1, 16.72, 'TBPD'),
(755, '2020-08', 56, 1, 16.72, 'TBPD'),
(756, '2020-07', 56, 1, 16.72, 'TBPD'),
(757, '2020-06', 56, 1, 11.40, 'TBPD'),
(758, '2020-05', 56, 1, 11.40, 'TBPD'),
(759, '2020-04', 56, 1, 11.40, 'TBPD'),
(760, '2020-03', 56, 1, 11.40, 'TBPD'),
(761, '2020-02', 56, 1, 11.40, 'TBPD'),
(762, '2020-01', 56, 1, 11.40, 'TBPD'),
(763, '2019-12', 56, 1, 10.45, 'TBPD'),
(764, '2019-11', 56, 1, 10.45, 'TBPD'),
(765, '2019-10', 56, 1, 10.45, 'TBPD'),
(766, '2019-09', 56, 1, 10.45, 'TBPD'),
(767, '2019-08', 56, 1, 10.45, 'TBPD'),
(768, '2019-07', 56, 1, 10.45, 'TBPD'),
(769, '2019-06', 56, 1, 10.45, 'TBPD'),
(770, '2019-05', 56, 1, 10.45, 'TBPD'),
(771, '2019-04', 56, 1, 10.45, 'TBPD'),
(772, '2019-03', 56, 1, 10.45, 'TBPD'),
(773, '2019-02', 56, 1, 10.45, 'TBPD'),
(774, '2019-01', 56, 1, 10.45, 'TBPD'),
(775, '2018-12', 56, 1, 10.30, 'TBPD'),
(776, '2018-11', 56, 1, 10.30, 'TBPD'),
(777, '2018-10', 56, 1, 10.30, 'TBPD'),
(778, '2018-09', 56, 1, 10.30, 'TBPD'),
(779, '2018-08', 56, 1, 10.30, 'TBPD'),
(780, '2018-07', 56, 1, 10.30, 'TBPD'),
(781, '2018-06', 56, 1, 10.30, 'TBPD'),
(782, '2018-05', 56, 1, 10.30, 'TBPD'),
(783, '2018-04', 56, 1, 10.30, 'TBPD'),
(784, '2018-03', 56, 1, 10.30, 'TBPD'),
(785, '2018-02', 56, 1, 10.30, 'TBPD'),
(786, '2018-01', 56, 1, 10.30, 'TBPD'),
(787, '2017-12', 56, 1, 10.37, 'TBPD'),
(788, '2017-11', 56, 1, 10.37, 'TBPD'),
(789, '2017-10', 56, 1, 10.37, 'TBPD'),
(790, '2017-09', 56, 1, 10.37, 'TBPD'),
(791, '2017-08', 56, 1, 10.37, 'TBPD'),
(792, '2017-07', 56, 1, 10.37, 'TBPD'),
(793, '2017-06', 56, 1, 10.37, 'TBPD'),
(794, '2017-05', 56, 1, 10.37, 'TBPD'),
(795, '2017-04', 56, 1, 10.37, 'TBPD'),
(796, '2017-03', 56, 1, 10.37, 'TBPD'),
(797, '2017-02', 56, 1, 10.37, 'TBPD'),
(798, '2017-01', 56, 1, 10.37, 'TBPD'),
(799, '2016-12', 56, 1, 9.95, 'TBPD'),
(800, '2016-11', 56, 1, 9.95, 'TBPD'),
(801, '2016-10', 56, 1, 9.95, 'TBPD'),
(802, '2016-09', 56, 1, 9.95, 'TBPD'),
(803, '2016-08', 56, 1, 9.95, 'TBPD'),
(804, '2016-07', 56, 1, 9.95, 'TBPD'),
(805, '2016-06', 56, 1, 9.95, 'TBPD'),
(806, '2016-05', 56, 1, 9.95, 'TBPD'),
(807, '2016-04', 56, 1, 9.95, 'TBPD'),
(808, '2016-03', 56, 1, 9.95, 'TBPD'),
(809, '2016-02', 56, 1, 9.95, 'TBPD'),
(810, '2016-01', 56, 1, 9.95, 'TBPD'),
(811, '2015-12', 56, 1, 10.26, 'TBPD'),
(812, '2015-11', 56, 1, 10.26, 'TBPD'),
(813, '2015-10', 56, 1, 10.26, 'TBPD'),
(814, '2015-09', 56, 1, 10.26, 'TBPD'),
(815, '2015-08', 56, 1, 10.26, 'TBPD'),
(816, '2015-07', 56, 1, 10.26, 'TBPD'),
(817, '2015-06', 56, 1, 10.26, 'TBPD'),
(818, '2015-05', 56, 1, 10.26, 'TBPD'),
(819, '2015-04', 56, 1, 10.26, 'TBPD'),
(820, '2015-03', 56, 1, 10.26, 'TBPD'),
(821, '2015-02', 56, 1, 10.26, 'TBPD'),
(822, '2015-01', 56, 1, 10.26, 'TBPD'),
(823, '2014-12', 56, 1, 9.85, 'TBPD'),
(824, '2014-11', 56, 1, 9.85, 'TBPD'),
(825, '2014-10', 56, 1, 9.85, 'TBPD'),
(826, '2014-09', 56, 1, 9.85, 'TBPD'),
(827, '2014-08', 56, 1, 9.85, 'TBPD'),
(828, '2014-07', 56, 1, 9.85, 'TBPD'),
(829, '2014-06', 56, 1, 9.85, 'TBPD'),
(830, '2014-05', 56, 1, 9.85, 'TBPD'),
(831, '2014-04', 56, 1, 9.85, 'TBPD'),
(832, '2014-03', 56, 1, 9.85, 'TBPD'),
(833, '2014-02', 56, 1, 9.85, 'TBPD'),
(834, '2014-01', 56, 1, 9.85, 'TBPD'),
(835, '2013-12', 56, 1, 11.71, 'TBPD'),
(836, '2013-11', 56, 1, 11.71, 'TBPD'),
(837, '2013-10', 56, 1, 11.71, 'TBPD'),
(838, '2013-09', 56, 1, 11.71, 'TBPD'),
(839, '2013-08', 56, 1, 11.71, 'TBPD'),
(840, '2013-07', 56, 1, 11.71, 'TBPD'),
(841, '2013-06', 56, 1, 11.71, 'TBPD'),
(842, '2013-05', 56, 1, 11.71, 'TBPD'),
(843, '2013-04', 56, 1, 11.71, 'TBPD'),
(844, '2013-03', 56, 1, 11.71, 'TBPD'),
(845, '2013-02', 56, 1, 11.71, 'TBPD'),
(846, '2013-01', 56, 1, 11.71, 'TBPD'),
(847, '2012-12', 56, 1, 11.37, 'TBPD'),
(848, '2012-11', 56, 1, 11.37, 'TBPD'),
(849, '2012-10', 56, 1, 11.37, 'TBPD'),
(850, '2012-09', 56, 1, 11.37, 'TBPD'),
(851, '2012-08', 56, 1, 11.37, 'TBPD'),
(852, '2012-07', 56, 1, 11.37, 'TBPD'),
(853, '2012-06', 56, 1, 11.37, 'TBPD'),
(854, '2012-05', 56, 1, 11.37, 'TBPD'),
(855, '2012-04', 56, 1, 11.37, 'TBPD'),
(856, '2012-03', 56, 1, 11.37, 'TBPD'),
(857, '2012-02', 56, 1, 11.37, 'TBPD'),
(858, '2012-01', 56, 1, 11.37, 'TBPD'),
(859, '2011-12', 56, 1, 11.25, 'TBPD'),
(860, '2011-11', 56, 1, 11.25, 'TBPD'),
(861, '2011-10', 56, 1, 11.25, 'TBPD'),
(862, '2011-09', 56, 1, 11.25, 'TBPD'),
(863, '2011-08', 56, 1, 11.25, 'TBPD'),
(864, '2011-07', 56, 1, 11.25, 'TBPD'),
(865, '2011-06', 56, 1, 11.25, 'TBPD'),
(866, '2011-05', 56, 1, 11.25, 'TBPD'),
(867, '2011-04', 56, 1, 11.25, 'TBPD'),
(868, '2011-03', 56, 1, 11.25, 'TBPD'),
(869, '2011-02', 56, 1, 11.25, 'TBPD'),
(870, '2011-01', 56, 1, 11.25, 'TBPD'),
(871, '2010-12', 56, 1, 11.92, 'TBPD'),
(872, '2010-11', 56, 1, 11.92, 'TBPD'),
(873, '2010-10', 56, 1, 11.92, 'TBPD'),
(874, '2010-09', 56, 1, 11.92, 'TBPD'),
(875, '2010-08', 56, 1, 11.92, 'TBPD'),
(876, '2010-07', 56, 1, 11.92, 'TBPD'),
(877, '2010-06', 56, 1, 11.92, 'TBPD'),
(878, '2010-05', 56, 1, 11.92, 'TBPD'),
(879, '2010-04', 56, 1, 11.92, 'TBPD'),
(880, '2010-03', 56, 1, 11.92, 'TBPD'),
(881, '2010-02', 56, 1, 11.92, 'TBPD'),
(882, '2010-01', 56, 1, 11.92, 'TBPD'),
(883, '2009-12', 56, 1, 12.08, 'TBPD'),
(884, '2009-11', 56, 1, 12.08, 'TBPD'),
(885, '2009-10', 56, 1, 12.08, 'TBPD'),
(886, '2009-09', 56, 1, 12.08, 'TBPD'),
(887, '2009-08', 56, 1, 12.08, 'TBPD'),
(888, '2009-07', 56, 1, 12.08, 'TBPD'),
(889, '2009-06', 56, 1, 12.08, 'TBPD'),
(890, '2009-05', 56, 1, 12.08, 'TBPD'),
(891, '2009-04', 56, 1, 12.08, 'TBPD'),
(892, '2009-03', 56, 1, 12.08, 'TBPD'),
(893, '2009-02', 56, 1, 12.08, 'TBPD'),
(894, '2009-01', 56, 1, 12.08, 'TBPD'),
(895, '2008-12', 56, 1, 15.23, 'TBPD'),
(896, '2008-11', 56, 1, 15.23, 'TBPD'),
(897, '2008-10', 56, 1, 15.23, 'TBPD'),
(898, '2008-09', 56, 1, 15.23, 'TBPD'),
(899, '2008-08', 56, 1, 15.23, 'TBPD'),
(900, '2008-07', 56, 1, 15.23, 'TBPD'),
(901, '2008-06', 56, 1, 15.23, 'TBPD'),
(902, '2008-05', 56, 1, 15.23, 'TBPD'),
(903, '2008-04', 56, 1, 15.23, 'TBPD'),
(904, '2008-03', 56, 1, 15.23, 'TBPD'),
(905, '2008-02', 56, 1, 15.23, 'TBPD'),
(906, '2008-01', 56, 1, 15.23, 'TBPD'),
(907, '2007-12', 56, 1, 13.08, 'TBPD'),
(908, '2007-11', 56, 1, 13.08, 'TBPD'),
(909, '2007-10', 56, 1, 13.08, 'TBPD'),
(910, '2007-09', 56, 1, 13.08, 'TBPD'),
(911, '2007-08', 56, 1, 13.08, 'TBPD'),
(912, '2007-07', 56, 1, 13.08, 'TBPD'),
(913, '2007-06', 56, 1, 13.08, 'TBPD'),
(914, '2007-05', 56, 1, 13.08, 'TBPD'),
(915, '2007-04', 56, 1, 13.08, 'TBPD'),
(916, '2007-03', 56, 1, 13.08, 'TBPD'),
(917, '2007-02', 56, 1, 13.08, 'TBPD'),
(918, '2007-01', 56, 1, 13.08, 'TBPD'),
(919, '2006-12', 56, 1, 13.81, 'TBPD'),
(920, '2006-11', 56, 1, 13.81, 'TBPD'),
(921, '2006-10', 56, 1, 13.81, 'TBPD'),
(922, '2006-09', 56, 1, 13.81, 'TBPD'),
(923, '2006-08', 56, 1, 13.81, 'TBPD'),
(924, '2006-07', 56, 1, 13.81, 'TBPD'),
(925, '2006-06', 56, 1, 13.81, 'TBPD'),
(926, '2006-05', 56, 1, 13.81, 'TBPD'),
(927, '2006-04', 56, 1, 13.81, 'TBPD'),
(928, '2006-03', 56, 1, 13.81, 'TBPD'),
(929, '2006-02', 56, 1, 13.81, 'TBPD'),
(930, '2006-01', 56, 1, 13.81, 'TBPD'),
(931, '2005-12', 56, 1, 12.41, 'TBPD'),
(932, '2005-11', 56, 1, 12.41, 'TBPD'),
(933, '2005-10', 56, 1, 12.41, 'TBPD'),
(934, '2005-09', 56, 1, 12.41, 'TBPD'),
(935, '2005-08', 56, 1, 12.41, 'TBPD'),
(936, '2005-07', 56, 1, 12.41, 'TBPD'),
(937, '2005-06', 56, 1, 12.41, 'TBPD'),
(938, '2005-05', 56, 1, 12.41, 'TBPD'),
(939, '2005-04', 56, 1, 12.41, 'TBPD'),
(940, '2005-03', 56, 1, 12.41, 'TBPD'),
(941, '2005-02', 56, 1, 12.41, 'TBPD'),
(942, '2005-01', 56, 1, 12.41, 'TBPD'),
(943, '2004-12', 56, 1, 11.46, 'TBPD'),
(944, '2004-11', 56, 1, 11.46, 'TBPD'),
(945, '2004-10', 56, 1, 11.46, 'TBPD'),
(946, '2004-09', 56, 1, 11.46, 'TBPD'),
(947, '2004-08', 56, 1, 11.46, 'TBPD'),
(948, '2004-07', 56, 1, 11.46, 'TBPD'),
(949, '2004-06', 56, 1, 11.46, 'TBPD'),
(950, '2004-05', 56, 1, 11.46, 'TBPD'),
(951, '2004-04', 56, 1, 11.46, 'TBPD'),
(952, '2004-03', 56, 1, 11.46, 'TBPD'),
(953, '2004-02', 56, 1, 11.46, 'TBPD'),
(954, '2004-01', 56, 1, 11.46, 'TBPD'),
(955, '2003-12', 56, 1, 10.82, 'TBPD'),
(956, '2003-11', 56, 1, 10.82, 'TBPD'),
(957, '2003-10', 56, 1, 10.82, 'TBPD'),
(958, '2003-09', 56, 1, 10.82, 'TBPD'),
(959, '2003-08', 56, 1, 10.82, 'TBPD'),
(960, '2003-07', 56, 1, 10.82, 'TBPD'),
(961, '2003-06', 56, 1, 10.82, 'TBPD'),
(962, '2003-05', 56, 1, 10.82, 'TBPD'),
(963, '2003-04', 56, 1, 10.82, 'TBPD'),
(964, '2003-03', 56, 1, 10.82, 'TBPD'),
(965, '2003-02', 56, 1, 10.82, 'TBPD'),
(966, '2003-01', 56, 1, 10.82, 'TBPD'),
(967, '2002-12', 56, 1, 9.46, 'TBPD'),
(968, '2002-11', 56, 1, 9.46, 'TBPD'),
(969, '2002-10', 56, 1, 9.46, 'TBPD'),
(970, '2002-09', 56, 1, 9.46, 'TBPD'),
(971, '2002-08', 56, 1, 9.46, 'TBPD'),
(972, '2002-07', 56, 1, 9.46, 'TBPD'),
(973, '2002-06', 56, 1, 9.46, 'TBPD'),
(974, '2002-05', 56, 1, 9.46, 'TBPD'),
(975, '2002-04', 56, 1, 9.46, 'TBPD'),
(976, '2002-03', 56, 1, 9.46, 'TBPD'),
(977, '2002-02', 56, 1, 9.46, 'TBPD'),
(978, '2002-01', 56, 1, 9.46, 'TBPD'),
(979, '2001-12', 56, 1, 9.93, 'TBPD'),
(980, '2001-11', 56, 1, 9.93, 'TBPD'),
(981, '2001-10', 56, 1, 9.93, 'TBPD'),
(982, '2001-09', 56, 1, 9.93, 'TBPD'),
(983, '2001-08', 56, 1, 9.93, 'TBPD'),
(984, '2001-07', 56, 1, 9.93, 'TBPD'),
(985, '2001-06', 56, 1, 9.93, 'TBPD'),
(986, '2001-05', 56, 1, 9.93, 'TBPD'),
(987, '2001-04', 56, 1, 9.93, 'TBPD'),
(988, '2001-03', 56, 1, 9.93, 'TBPD'),
(989, '2001-02', 56, 1, 9.93, 'TBPD'),
(990, '2001-01', 56, 1, 9.93, 'TBPD'),
(991, '2000-12', 56, 1, 8.00, 'TBPD'),
(992, '2000-11', 56, 1, 8.00, 'TBPD'),
(993, '2000-10', 56, 1, 8.00, 'TBPD'),
(994, '2000-09', 56, 1, 8.00, 'TBPD'),
(995, '2000-08', 56, 1, 8.00, 'TBPD'),
(996, '2000-07', 56, 1, 8.00, 'TBPD'),
(997, '2000-06', 56, 1, 8.00, 'TBPD'),
(998, '2000-05', 56, 1, 8.00, 'TBPD'),
(999, '2000-04', 56, 1, 8.00, 'TBPD'),
(1000, '2000-03', 56, 1, 8.00, 'TBPD'),
(1001, '2000-02', 56, 1, 8.00, 'TBPD'),
(1002, '2000-01', 56, 1, 8.00, 'TBPD'),
(1003, '1999-12', 56, 1, 5.20, 'TBPD'),
(1004, '1999-11', 56, 1, 5.20, 'TBPD'),
(1005, '1999-10', 56, 1, 5.20, 'TBPD'),
(1006, '1999-09', 56, 1, 5.20, 'TBPD'),
(1007, '1999-08', 56, 1, 5.20, 'TBPD'),
(1008, '1999-07', 56, 1, 5.20, 'TBPD'),
(1009, '1999-06', 56, 1, 5.20, 'TBPD'),
(1010, '1999-05', 56, 1, 5.20, 'TBPD'),
(1011, '1999-04', 56, 1, 5.20, 'TBPD'),
(1012, '1999-03', 56, 1, 5.20, 'TBPD'),
(1013, '1999-02', 56, 1, 5.20, 'TBPD'),
(1014, '1999-01', 56, 1, 5.20, 'TBPD'),
(1015, '1998-12', 56, 1, 3.10, 'TBPD'),
(1016, '1998-11', 56, 1, 3.10, 'TBPD'),
(1017, '1998-10', 56, 1, 3.10, 'TBPD'),
(1018, '1998-09', 56, 1, 3.10, 'TBPD'),
(1019, '1998-08', 56, 1, 3.10, 'TBPD'),
(1020, '1998-07', 56, 1, 3.10, 'TBPD'),
(1021, '1998-06', 56, 1, 3.10, 'TBPD'),
(1022, '1998-05', 56, 1, 3.10, 'TBPD'),
(1023, '1998-04', 56, 1, 3.10, 'TBPD'),
(1024, '1998-03', 56, 1, 3.10, 'TBPD'),
(1025, '1998-02', 56, 1, 3.10, 'TBPD'),
(1026, '1998-01', 56, 1, 3.10, 'TBPD'),
(1027, '1997-12', 56, 1, 3.40, 'TBPD'),
(1028, '1997-11', 56, 1, 3.40, 'TBPD'),
(1029, '1997-10', 56, 1, 3.40, 'TBPD'),
(1030, '1997-09', 56, 1, 3.40, 'TBPD'),
(1031, '1997-08', 56, 1, 3.40, 'TBPD'),
(1032, '1997-07', 56, 1, 3.40, 'TBPD'),
(1033, '1997-06', 56, 1, 3.40, 'TBPD'),
(1034, '1997-05', 56, 1, 3.40, 'TBPD'),
(1035, '1997-04', 56, 1, 3.40, 'TBPD'),
(1036, '1997-03', 56, 1, 3.40, 'TBPD'),
(1037, '1997-02', 56, 1, 3.40, 'TBPD'),
(1038, '1997-01', 56, 1, 3.40, 'TBPD'),
(1039, '1996-12', 56, 1, 3.00, 'TBPD'),
(1040, '1996-11', 56, 1, 3.00, 'TBPD'),
(1041, '1996-10', 56, 1, 3.00, 'TBPD'),
(1042, '1996-09', 56, 1, 3.00, 'TBPD'),
(1043, '1996-08', 56, 1, 3.00, 'TBPD'),
(1044, '1996-07', 56, 1, 3.00, 'TBPD'),
(1045, '1996-06', 56, 1, 3.00, 'TBPD'),
(1046, '1996-05', 56, 1, 3.00, 'TBPD'),
(1047, '1996-04', 56, 1, 3.00, 'TBPD'),
(1048, '1996-03', 56, 1, 3.00, 'TBPD'),
(1049, '1996-02', 56, 1, 3.00, 'TBPD'),
(1050, '1996-01', 56, 1, 3.00, 'TBPD'),
(1051, '1995-12', 56, 1, 3.10, 'TBPD'),
(1052, '1995-11', 56, 1, 3.10, 'TBPD'),
(1053, '1995-10', 56, 1, 3.10, 'TBPD'),
(1054, '1995-09', 56, 1, 3.10, 'TBPD'),
(1055, '1995-08', 56, 1, 3.10, 'TBPD'),
(1056, '1995-07', 56, 1, 3.10, 'TBPD'),
(1057, '1995-06', 56, 1, 3.10, 'TBPD'),
(1058, '1995-05', 56, 1, 3.10, 'TBPD'),
(1059, '1995-04', 56, 1, 3.10, 'TBPD'),
(1060, '1995-03', 56, 1, 3.10, 'TBPD'),
(1061, '1995-02', 56, 1, 3.10, 'TBPD'),
(1062, '1995-01', 56, 1, 3.10, 'TBPD'),
(1063, '1994-12', 56, 1, 2.30, 'TBPD'),
(1064, '1994-11', 56, 1, 2.30, 'TBPD'),
(1065, '1994-10', 56, 1, 2.30, 'TBPD'),
(1066, '1994-09', 56, 1, 2.30, 'TBPD'),
(1067, '1994-08', 56, 1, 2.30, 'TBPD'),
(1068, '1994-07', 56, 1, 2.30, 'TBPD'),
(1069, '1994-06', 56, 1, 2.30, 'TBPD'),
(1070, '1994-05', 56, 1, 2.30, 'TBPD'),
(1071, '1994-04', 56, 1, 2.30, 'TBPD'),
(1072, '1994-03', 56, 1, 2.30, 'TBPD'),
(1073, '1994-02', 56, 1, 2.30, 'TBPD'),
(1074, '1994-01', 56, 1, 2.30, 'TBPD'),
(1075, '1993-12', 56, 1, 0.40, 'TBPD'),
(1076, '1993-11', 56, 1, 0.40, 'TBPD'),
(1077, '1993-10', 56, 1, 0.40, 'TBPD'),
(1078, '1993-09', 56, 1, 0.40, 'TBPD'),
(1079, '1993-08', 56, 1, 0.40, 'TBPD'),
(1080, '1993-07', 56, 1, 0.40, 'TBPD'),
(1081, '1993-06', 56, 1, 0.40, 'TBPD'),
(1082, '1993-05', 56, 1, 0.40, 'TBPD'),
(1083, '1993-04', 56, 1, 0.40, 'TBPD'),
(1084, '1993-03', 56, 1, 0.40, 'TBPD'),
(1085, '1993-02', 56, 1, 0.40, 'TBPD'),
(1086, '1993-01', 56, 1, 0.40, 'TBPD'),
(1087, '2023-02', 57, 1, 523.00, 'TBPD'),
(1088, '2023-01', 57, 1, 510.00, 'TBPD'),
(1089, '2022-12', 57, 1, 523.00, 'TBPD'),
(1090, '2022-11', 57, 1, 521.00, 'TBPD'),
(1091, '2022-10', 57, 1, 495.00, 'TBPD'),
(1092, '2022-09', 57, 1, 501.00, 'TBPD'),
(1093, '2022-08', 57, 1, 494.00, 'TBPD'),
(1094, '2022-07', 57, 1, 450.00, 'TBPD'),
(1095, '2022-06', 57, 1, 513.00, 'TBPD'),
(1096, '2022-05', 57, 1, 484.00, 'TBPD'),
(1097, '2022-04', 57, 1, 509.00, 'TBPD'),
(1098, '2022-03', 57, 1, 509.00, 'TBPD'),
(1099, '2022-02', 57, 1, 542.00, 'TBPD'),
(1100, '2022-01', 57, 1, 489.00, 'TBPD'),
(1101, '2021-12', 57, 1, 514.00, 'TBPD'),
(1102, '2021-11', 57, 1, 501.00, 'TBPD'),
(1103, '2021-10', 57, 1, 461.00, 'TBPD'),
(1104, '2021-09', 57, 1, 471.01, 'TBPD'),
(1105, '2021-08', 57, 1, 462.00, 'TBPD'),
(1106, '2021-07', 57, 1, 489.00, 'TBPD'),
(1107, '2021-06', 57, 1, 526.03, 'TBPD'),
(1108, '2021-05', 57, 1, 528.04, 'TBPD'),
(1109, '2021-04', 57, 1, 507.97, 'TBPD'),
(1110, '2021-03', 57, 1, 539.73, 'TBPD'),
(1111, '2021-02', 57, 1, 561.34, 'TBPD'),
(1112, '2021-01', 57, 1, 575.75, 'TBPD'),
(1113, '2020-12', 57, 1, 545.82, 'TBPD'),
(1114, '2020-11', 57, 1, 541.70, 'TBPD'),
(1115, '2020-10', 57, 1, 534.67, 'TBPD'),
(1116, '2020-09', 57, 1, 528.63, 'TBPD'),
(1117, '2020-08', 57, 1, 532.37, 'TBPD'),
(1118, '2020-07', 57, 1, 542.90, 'TBPD'),
(1119, '2020-06', 57, 1, 530.06, 'TBPD'),
(1120, '2020-05', 57, 1, 501.72, 'TBPD'),
(1121, '2020-04', 57, 1, 521.97, 'TBPD'),
(1122, '2020-03', 57, 1, 618.91, 'TBPD'),
(1123, '2020-02', 57, 1, 626.63, 'TBPD'),
(1124, '2020-01', 57, 1, 644.29, 'TBPD'),
(1125, '2019-12', 57, 1, 606.87, 'TBPD'),
(1126, '2019-11', 57, 1, 640.48, 'TBPD'),
(1127, '2019-10', 57, 1, 602.53, 'TBPD'),
(1128, '2019-09', 57, 1, 573.09, 'TBPD'),
(1129, '2019-08', 57, 1, 550.10, 'TBPD'),
(1130, '2019-07', 57, 1, 498.13, 'TBPD'),
(1131, '2019-06', 57, 1, 627.09, 'TBPD'),
(1132, '2019-05', 57, 1, 636.73, 'TBPD'),
(1133, '2019-04', 57, 1, 624.62, 'TBPD'),
(1134, '2019-03', 57, 1, 654.34, 'TBPD'),
(1135, '2019-02', 57, 1, 651.87, 'TBPD'),
(1136, '2019-01', 57, 1, 655.78, 'TBPD'),
(1137, '2018-12', 57, 1, 650.03, 'TBPD'),
(1138, '2018-11', 57, 1, 651.76, 'TBPD'),
(1139, '2018-10', 57, 1, 646.67, 'TBPD'),
(1140, '2018-09', 57, 1, 604.86, 'TBPD'),
(1141, '2018-08', 57, 1, 598.22, 'TBPD'),
(1142, '2018-07', 57, 1, 664.55, 'TBPD'),
(1143, '2018-06', 57, 1, 673.74, 'TBPD'),
(1144, '2018-05', 57, 1, 644.70, 'TBPD'),
(1145, '2018-04', 57, 1, 654.87, 'TBPD'),
(1146, '2018-03', 57, 1, 681.18, 'TBPD'),
(1147, '2018-02', 57, 1, 675.11, 'TBPD'),
(1148, '2018-01', 57, 1, 688.03, 'TBPD'),
(1149, '2017-12', 57, 1, 640.00, 'TBPD'),
(1150, '2017-11', 57, 1, 694.00, 'TBPD'),
(1151, '2017-10', 57, 1, 649.00, 'TBPD'),
(1152, '2017-09', 57, 1, 647.00, 'TBPD'),
(1153, '2017-08', 57, 1, 630.00, 'TBPD'),
(1154, '2017-07', 57, 1, 651.00, 'TBPD'),
(1155, '2017-06', 57, 1, 676.00, 'TBPD'),
(1156, '2017-05', 57, 1, 627.00, 'TBPD'),
(1157, '2017-04', 57, 1, 645.00, 'TBPD'),
(1158, '2017-03', 57, 1, 680.00, 'TBPD'),
(1159, '2017-02', 57, 1, 692.00, 'TBPD'),
(1160, '2017-01', 57, 1, 692.00, 'TBPD'),
(1161, '2016-12', 57, 1, 675.00, 'TBPD'),
(1162, '2016-11', 57, 1, 673.00, 'TBPD'),
(1163, '2016-10', 57, 1, 653.00, 'TBPD'),
(1164, '2016-09', 57, 1, 637.00, 'TBPD'),
(1165, '2016-08', 57, 1, 636.00, 'TBPD'),
(1166, '2016-07', 57, 1, 692.00, 'TBPD'),
(1167, '2016-06', 57, 1, 691.00, 'TBPD'),
(1168, '2016-05', 57, 1, 647.00, 'TBPD'),
(1169, '2016-04', 57, 1, 661.00, 'TBPD'),
(1170, '2016-03', 57, 1, 675.00, 'TBPD'),
(1171, '2016-02', 57, 1, 682.00, 'TBPD'),
(1172, '2016-01', 57, 1, 682.00, 'TBPD'),
(1173, '2015-12', 57, 1, 661.00, 'TBPD'),
(1174, '2015-11', 57, 1, 672.00, 'TBPD'),
(1175, '2015-10', 57, 1, 619.00, 'TBPD'),
(1176, '2015-09', 57, 1, 652.00, 'TBPD'),
(1177, '2015-08', 57, 1, 591.00, 'TBPD'),
(1178, '2015-07', 57, 1, 599.00, 'TBPD'),
(1179, '2015-06', 57, 1, 620.00, 'TBPD'),
(1180, '2015-05', 57, 1, 694.00, 'TBPD'),
(1181, '2015-04', 57, 1, 676.00, 'TBPD'),
(1182, '2015-03', 57, 1, 697.00, 'TBPD'),
(1183, '2015-02', 57, 1, 693.00, 'TBPD'),
(1184, '2015-01', 57, 1, 680.00, 'TBPD'),
(1185, '2014-12', 57, 1, 677.00, 'TBPD'),
(1186, '2014-11', 57, 1, 682.00, 'TBPD'),
(1187, '2014-10', 57, 1, 618.00, 'TBPD'),
(1188, '2014-09', 57, 1, 584.00, 'TBPD'),
(1189, '2014-08', 57, 1, 569.00, 'TBPD'),
(1190, '2014-07', 57, 1, 566.00, 'TBPD'),
(1191, '2014-06', 57, 1, 587.00, 'TBPD'),
(1192, '2014-05', 57, 1, 600.00, 'TBPD'),
(1193, '2014-04', 57, 1, 594.00, 'TBPD'),
(1194, '2014-03', 57, 1, 597.00, 'TBPD'),
(1195, '2014-02', 57, 1, 584.00, 'TBPD'),
(1196, '2014-01', 57, 1, 577.00, 'TBPD'),
(1197, '2013-12', 57, 1, 592.00, 'TBPD'),
(1198, '2013-11', 57, 1, 588.00, 'TBPD'),
(1199, '2013-10', 57, 1, 525.00, 'TBPD'),
(1200, '2013-09', 57, 1, 536.00, 'TBPD'),
(1201, '2013-08', 57, 1, 565.00, 'TBPD'),
(1202, '2013-07', 57, 1, 567.00, 'TBPD'),
(1203, '2013-06', 57, 1, 577.00, 'TBPD'),
(1204, '2013-05', 57, 1, 576.00, 'TBPD'),
(1205, '2013-04', 57, 1, 566.00, 'TBPD'),
(1206, '2013-03', 57, 1, 594.00, 'TBPD'),
(1207, '2013-02', 57, 1, 603.00, 'TBPD'),
(1208, '2013-01', 57, 1, 622.00, 'TBPD'),
(1209, '2012-12', 57, 1, 623.00, 'TBPD'),
(1210, '2012-11', 57, 1, 614.00, 'TBPD'),
(1211, '2012-10', 57, 1, 606.00, 'TBPD'),
(1212, '2012-09', 57, 1, 561.00, 'TBPD'),
(1213, '2012-08', 57, 1, 579.00, 'TBPD'),
(1214, '2012-07', 57, 1, 538.00, 'TBPD'),
(1215, '2012-06', 57, 1, 539.00, 'TBPD'),
(1216, '2012-05', 57, 1, 560.00, 'TBPD'),
(1217, '2012-04', 57, 1, 566.00, 'TBPD'),
(1218, '2012-03', 57, 1, 612.00, 'TBPD'),
(1219, '2012-02', 57, 1, 621.00, 'TBPD'),
(1220, '2012-01', 57, 1, 608.00, 'TBPD'),
(1221, '2011-12', 57, 1, 605.00, 'TBPD'),
(1222, '2011-11', 57, 1, 571.00, 'TBPD'),
(1223, '2011-10', 57, 1, 566.00, 'TBPD'),
(1224, '2011-09', 57, 1, 552.00, 'TBPD'),
(1225, '2011-08', 57, 1, 579.00, 'TBPD'),
(1226, '2011-07', 57, 1, 557.00, 'TBPD'),
(1227, '2011-06', 57, 1, 512.00, 'TBPD'),
(1228, '2011-05', 57, 1, 489.00, 'TBPD'),
(1229, '2011-04', 57, 1, 575.00, 'TBPD'),
(1230, '2011-03', 57, 1, 595.00, 'TBPD'),
(1231, '2011-02', 57, 1, 622.00, 'TBPD'),
(1232, '2011-01', 57, 1, 619.00, 'TBPD'),
(1233, '2010-12', 57, 1, 624.00, 'TBPD'),
(1234, '2010-11', 57, 1, 614.00, 'TBPD'),
(1235, '2010-10', 57, 1, 625.00, 'TBPD'),
(1236, '2010-09', 57, 1, 659.00, 'TBPD'),
(1237, '2010-08', 57, 1, 613.00, 'TBPD'),
(1238, '2010-07', 57, 1, 600.00, 'TBPD'),
(1239, '2010-06', 57, 1, 629.00, 'TBPD'),
(1240, '2010-05', 57, 1, 662.00, 'TBPD'),
(1241, '2010-04', 57, 1, 635.00, 'TBPD'),
(1242, '2010-03', 57, 1, 658.00, 'TBPD'),
(1243, '2010-02', 57, 1, 663.00, 'TBPD'),
(1244, '2010-01', 57, 1, 679.00, 'TBPD'),
(1245, '2009-12', 57, 1, 657.00, 'TBPD'),
(1246, '2009-11', 57, 1, 638.00, 'TBPD'),
(1247, '2009-10', 57, 1, 653.00, 'TBPD'),
(1248, '2009-09', 57, 1, 661.00, 'TBPD'),
(1249, '2009-08', 57, 1, 650.00, 'TBPD'),
(1250, '2009-07', 57, 1, 668.00, 'TBPD'),
(1251, '2009-06', 57, 1, 641.00, 'TBPD'),
(1252, '2009-05', 57, 1, 657.00, 'TBPD'),
(1253, '2009-04', 57, 1, 660.00, 'TBPD'),
(1254, '2009-03', 57, 1, 668.00, 'TBPD'),
(1255, '2009-02', 57, 1, 676.00, 'TBPD'),
(1256, '2009-01', 57, 1, 676.00, 'TBPD'),
(1257, '2008-12', 57, 1, 666.00, 'TBPD'),
(1258, '2008-11', 57, 1, 697.00, 'TBPD'),
(1259, '2008-10', 57, 1, 670.00, 'TBPD'),
(1260, '2008-09', 57, 1, 693.00, 'TBPD'),
(1261, '2008-08', 57, 1, 699.00, 'TBPD'),
(1262, '2008-07', 57, 1, 695.00, 'TBPD'),
(1263, '2008-06', 57, 1, 651.00, 'TBPD'),
(1264, '2008-05', 57, 1, 671.00, 'TBPD'),
(1265, '2008-04', 57, 1, 686.00, 'TBPD'),
(1266, '2008-03', 57, 1, 701.00, 'TBPD'),
(1267, '2008-02', 57, 1, 707.00, 'TBPD'),
(1268, '2008-01', 57, 1, 720.00, 'TBPD'),
(1269, '2007-12', 57, 1, 734.00, 'TBPD'),
(1270, '2007-11', 57, 1, 708.00, 'TBPD'),
(1271, '2007-10', 57, 1, 716.00, 'TBPD'),
(1272, '2007-09', 57, 1, 710.00, 'TBPD'),
(1273, '2007-08', 57, 1, 670.00, 'TBPD'),
(1274, '2007-07', 57, 1, 668.00, 'TBPD'),
(1275, '2007-06', 57, 1, 663.00, 'TBPD'),
(1276, '2007-05', 57, 1, 662.00, 'TBPD'),
(1277, '2007-04', 57, 1, 646.00, 'TBPD'),
(1278, '2007-03', 57, 1, 669.00, 'TBPD'),
(1279, '2007-02', 57, 1, 665.00, 'TBPD'),
(1280, '2007-01', 57, 1, 677.00, 'TBPD'),
(1281, '2006-12', 57, 1, 728.00, 'TBPD'),
(1282, '2006-11', 57, 1, 704.00, 'TBPD'),
(1283, '2006-10', 57, 1, 730.00, 'TBPD'),
(1284, '2006-09', 57, 1, 700.00, 'TBPD'),
(1285, '2006-08', 57, 1, 694.00, 'TBPD'),
(1286, '2006-07', 57, 1, 696.00, 'TBPD'),
(1287, '2006-06', 57, 1, 690.00, 'TBPD');
INSERT INTO `tb_month` (`m_id`, `m_period`, `m_product`, `m_activity`, `m_value`, `m_unit`) VALUES
(1288, '2006-05', 57, 1, 585.00, 'TBPD'),
(1289, '2006-04', 57, 1, 677.00, 'TBPD'),
(1290, '2006-03', 57, 1, 701.00, 'TBPD'),
(1291, '2006-02', 57, 1, 704.00, 'TBPD'),
(1292, '2006-01', 57, 1, 694.00, 'TBPD'),
(1293, '2005-12', 57, 1, 744.00, 'TBPD'),
(1294, '2005-11', 57, 1, 759.00, 'TBPD'),
(1295, '2005-10', 57, 1, 747.00, 'TBPD'),
(1296, '2005-09', 57, 1, 746.00, 'TBPD'),
(1297, '2005-08', 57, 1, 742.00, 'TBPD'),
(1298, '2005-07', 57, 1, 741.00, 'TBPD'),
(1299, '2005-06', 57, 1, 699.00, 'TBPD'),
(1300, '2005-05', 57, 1, 644.00, 'TBPD'),
(1301, '2005-04', 57, 1, 696.00, 'TBPD'),
(1302, '2005-03', 57, 1, 730.00, 'TBPD'),
(1303, '2005-02', 57, 1, 725.00, 'TBPD'),
(1304, '2005-01', 57, 1, 744.00, 'TBPD'),
(1305, '2004-12', 57, 1, 750.00, 'TBPD'),
(1306, '2004-11', 57, 1, 785.00, 'TBPD'),
(1307, '2004-10', 57, 1, 791.00, 'TBPD'),
(1308, '2004-09', 57, 1, 763.00, 'TBPD'),
(1309, '2004-08', 57, 1, 785.00, 'TBPD'),
(1310, '2004-07', 57, 1, 746.00, 'TBPD'),
(1311, '2004-06', 57, 1, 710.00, 'TBPD'),
(1312, '2004-05', 57, 1, 752.00, 'TBPD'),
(1313, '2004-04', 57, 1, 757.00, 'TBPD'),
(1314, '2004-03', 57, 1, 771.00, 'TBPD'),
(1315, '2004-02', 57, 1, 772.00, 'TBPD'),
(1316, '2004-01', 57, 1, 779.00, 'TBPD'),
(1317, '2003-12', 57, 1, 768.72, 'TBPD'),
(1318, '2003-11', 57, 1, 752.82, 'TBPD'),
(1319, '2003-10', 57, 1, 747.52, 'TBPD'),
(1320, '2003-09', 57, 1, 742.21, 'TBPD'),
(1321, '2003-08', 57, 1, 742.21, 'TBPD'),
(1322, '2003-07', 57, 1, 742.21, 'TBPD'),
(1323, '2003-06', 57, 1, 742.21, 'TBPD'),
(1324, '2003-05', 57, 1, 731.61, 'TBPD'),
(1325, '2003-04', 57, 1, 726.31, 'TBPD'),
(1326, '2003-03', 57, 1, 705.10, 'TBPD'),
(1327, '2003-02', 57, 1, 726.31, 'TBPD'),
(1328, '2003-01', 57, 1, 726.31, 'TBPD'),
(1329, '2002-12', 57, 1, 696.42, 'TBPD'),
(1330, '2002-11', 57, 1, 696.42, 'TBPD'),
(1331, '2002-10', 57, 1, 696.42, 'TBPD'),
(1332, '2002-09', 57, 1, 696.42, 'TBPD'),
(1333, '2002-08', 57, 1, 696.42, 'TBPD'),
(1334, '2002-07', 57, 1, 696.42, 'TBPD'),
(1335, '2002-06', 57, 1, 696.42, 'TBPD'),
(1336, '2002-05', 57, 1, 696.42, 'TBPD'),
(1337, '2002-04', 57, 1, 702.62, 'TBPD'),
(1338, '2002-03', 57, 1, 702.62, 'TBPD'),
(1339, '2002-02', 57, 1, 702.62, 'TBPD'),
(1340, '2002-01', 57, 1, 702.62, 'TBPD'),
(1341, '2001-12', 57, 1, 665.00, 'TBPD'),
(1342, '2001-11', 57, 1, 665.00, 'TBPD'),
(1343, '2001-10', 57, 1, 665.00, 'TBPD'),
(1344, '2001-09', 57, 1, 665.00, 'TBPD'),
(1345, '2001-08', 57, 1, 665.00, 'TBPD'),
(1346, '2001-07', 57, 1, 665.00, 'TBPD'),
(1347, '2001-06', 57, 1, 670.00, 'TBPD'),
(1348, '2001-05', 57, 1, 650.00, 'TBPD'),
(1349, '2001-04', 57, 1, 650.00, 'TBPD'),
(1350, '2001-03', 57, 1, 650.00, 'TBPD'),
(1351, '2001-02', 57, 1, 650.00, 'TBPD'),
(1352, '2001-01', 57, 1, 650.00, 'TBPD'),
(1353, '2000-12', 57, 1, 720.00, 'TBPD'),
(1354, '2000-11', 57, 1, 720.00, 'TBPD'),
(1355, '2000-10', 57, 1, 720.00, 'TBPD'),
(1356, '2000-09', 57, 1, 720.00, 'TBPD'),
(1357, '2000-08', 57, 1, 720.00, 'TBPD'),
(1358, '2000-07', 57, 1, 670.00, 'TBPD'),
(1359, '2000-06', 57, 1, 670.00, 'TBPD'),
(1360, '2000-05', 57, 1, 660.00, 'TBPD'),
(1361, '2000-04', 57, 1, 660.00, 'TBPD'),
(1362, '2000-03', 57, 1, 660.00, 'TBPD'),
(1363, '2000-02', 57, 1, 680.00, 'TBPD'),
(1364, '2000-01', 57, 1, 680.00, 'TBPD'),
(1365, '1999-12', 57, 1, 693.00, 'TBPD'),
(1366, '1999-11', 57, 1, 693.00, 'TBPD'),
(1367, '1999-10', 57, 1, 693.00, 'TBPD'),
(1368, '1999-09', 57, 1, 703.00, 'TBPD'),
(1369, '1999-08', 57, 1, 703.00, 'TBPD'),
(1370, '1999-07', 57, 1, 664.00, 'TBPD'),
(1371, '1999-06', 57, 1, 703.00, 'TBPD'),
(1372, '1999-05', 57, 1, 693.00, 'TBPD'),
(1373, '1999-04', 57, 1, 693.00, 'TBPD'),
(1374, '1999-03', 57, 1, 693.00, 'TBPD'),
(1375, '1999-02', 57, 1, 693.00, 'TBPD'),
(1376, '1999-01', 57, 1, 693.00, 'TBPD'),
(1377, '1998-12', 57, 1, 708.00, 'TBPD'),
(1378, '1998-11', 57, 1, 708.00, 'TBPD'),
(1379, '1998-10', 57, 1, 708.00, 'TBPD'),
(1380, '1998-09', 57, 1, 708.00, 'TBPD'),
(1381, '1998-08', 57, 1, 718.00, 'TBPD'),
(1382, '1998-07', 57, 1, 718.00, 'TBPD'),
(1383, '1998-06', 57, 1, 737.00, 'TBPD'),
(1384, '1998-05', 57, 1, 737.00, 'TBPD'),
(1385, '1998-04', 57, 1, 727.00, 'TBPD'),
(1386, '1998-03', 57, 1, 727.00, 'TBPD'),
(1387, '1998-02', 57, 1, 718.00, 'TBPD'),
(1388, '1998-01', 57, 1, 727.00, 'TBPD'),
(1389, '1997-12', 57, 1, 713.00, 'TBPD'),
(1390, '1997-11', 57, 1, 713.00, 'TBPD'),
(1391, '1997-10', 57, 1, 713.00, 'TBPD'),
(1392, '1997-09', 57, 1, 713.00, 'TBPD'),
(1393, '1997-08', 57, 1, 694.00, 'TBPD'),
(1394, '1997-07', 57, 1, 694.00, 'TBPD'),
(1395, '1997-06', 57, 1, 694.00, 'TBPD'),
(1396, '1997-05', 57, 1, 704.00, 'TBPD'),
(1397, '1997-04', 57, 1, 704.00, 'TBPD'),
(1398, '1997-03', 57, 1, 685.00, 'TBPD'),
(1399, '1997-02', 57, 1, 685.00, 'TBPD'),
(1400, '1997-01', 57, 1, 685.00, 'TBPD'),
(1401, '1996-12', 57, 1, 700.00, 'TBPD'),
(1402, '1996-11', 57, 1, 700.00, 'TBPD'),
(1403, '1996-10', 57, 1, 700.00, 'TBPD'),
(1404, '1996-09', 57, 1, 700.00, 'TBPD'),
(1405, '1996-08', 57, 1, 700.00, 'TBPD'),
(1406, '1996-07', 57, 1, 700.00, 'TBPD'),
(1407, '1996-06', 57, 1, 700.00, 'TBPD'),
(1408, '1996-05', 57, 1, 700.00, 'TBPD'),
(1409, '1996-04', 57, 1, 700.00, 'TBPD'),
(1410, '1996-03', 57, 1, 680.00, 'TBPD'),
(1411, '1996-02', 57, 1, 680.00, 'TBPD'),
(1412, '1996-01', 57, 1, 680.00, 'TBPD'),
(1413, '1995-12', 57, 1, 690.00, 'TBPD'),
(1414, '1995-11', 57, 1, 690.00, 'TBPD'),
(1415, '1995-10', 57, 1, 690.00, 'TBPD'),
(1416, '1995-09', 57, 1, 690.00, 'TBPD'),
(1417, '1995-08', 57, 1, 690.00, 'TBPD'),
(1418, '1995-07', 57, 1, 690.00, 'TBPD'),
(1419, '1995-06', 57, 1, 680.00, 'TBPD'),
(1420, '1995-05', 57, 1, 680.00, 'TBPD'),
(1421, '1995-04', 57, 1, 680.00, 'TBPD'),
(1422, '1995-03', 57, 1, 680.00, 'TBPD'),
(1423, '1995-02', 57, 1, 680.00, 'TBPD'),
(1424, '1995-01', 57, 1, 650.00, 'TBPD'),
(1425, '1994-12', 57, 1, 650.00, 'TBPD'),
(1426, '1994-11', 57, 1, 650.00, 'TBPD'),
(1427, '1994-10', 57, 1, 650.00, 'TBPD'),
(1428, '1994-09', 57, 1, 650.00, 'TBPD'),
(1429, '1994-08', 57, 1, 650.00, 'TBPD'),
(1430, '1994-07', 57, 1, 650.00, 'TBPD'),
(1431, '1994-06', 57, 1, 640.00, 'TBPD'),
(1432, '1994-05', 57, 1, 640.00, 'TBPD'),
(1433, '1994-04', 57, 1, 630.00, 'TBPD'),
(1434, '1994-03', 57, 1, 650.00, 'TBPD'),
(1435, '1994-02', 57, 1, 650.00, 'TBPD'),
(1436, '1994-01', 57, 1, 630.00, 'TBPD'),
(1437, '1993-12', 57, 1, 633.70, 'TBPD'),
(1438, '1993-11', 57, 1, 633.70, 'TBPD'),
(1439, '1993-10', 57, 1, 653.82, 'TBPD'),
(1440, '1993-09', 57, 1, 653.82, 'TBPD'),
(1441, '1993-08', 57, 1, 653.82, 'TBPD'),
(1442, '1993-07', 57, 1, 653.82, 'TBPD'),
(1443, '1993-06', 57, 1, 613.59, 'TBPD'),
(1444, '1993-05', 57, 1, 613.59, 'TBPD'),
(1445, '1993-04', 57, 1, 613.59, 'TBPD'),
(1446, '1993-03', 57, 1, 653.82, 'TBPD'),
(1447, '1993-02', 57, 1, 653.82, 'TBPD'),
(1448, '1993-01', 57, 1, 648.79, 'TBPD'),
(1449, '2023-02', 58, 1, 44.33, 'TBPD'),
(1450, '2023-01', 58, 1, 44.50, 'TBPD'),
(1451, '2022-12', 58, 1, 44.67, 'TBPD'),
(1452, '2022-11', 58, 1, 44.83, 'TBPD'),
(1453, '2022-10', 58, 1, 45.00, 'TBPD'),
(1454, '2022-09', 58, 1, 45.17, 'TBPD'),
(1455, '2022-08', 58, 1, 45.33, 'TBPD'),
(1456, '2022-07', 58, 1, 45.50, 'TBPD'),
(1457, '2022-06', 58, 1, 45.67, 'TBPD'),
(1458, '2022-05', 58, 1, 45.83, 'TBPD'),
(1459, '2022-04', 58, 1, 46.00, 'TBPD'),
(1460, '2022-03', 58, 1, 46.00, 'TBPD'),
(1461, '2022-02', 58, 1, 44.00, 'TBPD'),
(1462, '2022-01', 58, 1, 44.00, 'TBPD'),
(1463, '2021-12', 58, 1, 44.00, 'TBPD'),
(1464, '2021-11', 58, 1, 45.00, 'TBPD'),
(1465, '2021-10', 58, 1, 45.00, 'TBPD'),
(1466, '2021-09', 58, 1, 45.00, 'TBPD'),
(1467, '2021-08', 58, 1, 45.00, 'TBPD'),
(1468, '2021-07', 58, 1, 46.00, 'TBPD'),
(1469, '2021-06', 58, 1, 46.00, 'TBPD'),
(1470, '2021-05', 58, 1, 46.00, 'TBPD'),
(1471, '2021-04', 58, 1, 46.00, 'TBPD'),
(1472, '2021-03', 58, 1, 47.00, 'TBPD'),
(1473, '2021-02', 58, 1, 47.00, 'TBPD'),
(1474, '2021-01', 58, 1, 47.00, 'TBPD'),
(1475, '2020-12', 58, 1, 48.00, 'TBPD'),
(1476, '2020-11', 58, 1, 48.00, 'TBPD'),
(1477, '2020-10', 58, 1, 48.00, 'TBPD'),
(1478, '2020-09', 58, 1, 48.00, 'TBPD'),
(1479, '2020-08', 58, 1, 48.00, 'TBPD'),
(1480, '2020-07', 58, 1, 48.00, 'TBPD'),
(1481, '2020-06', 58, 1, 49.00, 'TBPD'),
(1482, '2020-05', 58, 1, 49.00, 'TBPD'),
(1483, '2020-04', 58, 1, 49.00, 'TBPD'),
(1484, '2020-03', 58, 1, 49.00, 'TBPD'),
(1485, '2020-02', 58, 1, 49.00, 'TBPD'),
(1486, '2020-01', 58, 1, 50.00, 'TBPD'),
(1487, '2019-12', 58, 1, 50.00, 'TBPD'),
(1488, '2019-11', 58, 1, 50.00, 'TBPD'),
(1489, '2019-10', 58, 1, 50.00, 'TBPD'),
(1490, '2019-09', 58, 1, 50.00, 'TBPD'),
(1491, '2019-08', 58, 1, 51.00, 'TBPD'),
(1492, '2019-07', 58, 1, 51.00, 'TBPD'),
(1493, '2019-06', 58, 1, 51.00, 'TBPD'),
(1494, '2019-05', 58, 1, 51.00, 'TBPD'),
(1495, '2019-04', 58, 1, 51.00, 'TBPD'),
(1496, '2019-03', 58, 1, 52.00, 'TBPD'),
(1497, '2019-02', 58, 1, 52.00, 'TBPD'),
(1498, '2019-01', 58, 1, 52.00, 'TBPD'),
(1499, '2018-12', 58, 1, 56.00, 'TBPD'),
(1500, '2018-11', 58, 1, 56.00, 'TBPD'),
(1501, '2018-10', 58, 1, 56.00, 'TBPD'),
(1502, '2018-09', 58, 1, 56.00, 'TBPD'),
(1503, '2018-08', 58, 1, 56.00, 'TBPD'),
(1504, '2018-07', 58, 1, 56.00, 'TBPD'),
(1505, '2018-06', 58, 1, 56.00, 'TBPD'),
(1506, '2018-05', 58, 1, 56.00, 'TBPD'),
(1507, '2018-04', 58, 1, 56.00, 'TBPD'),
(1508, '2018-03', 58, 1, 56.00, 'TBPD'),
(1509, '2018-02', 58, 1, 56.00, 'TBPD'),
(1510, '2018-01', 58, 1, 56.00, 'TBPD'),
(1511, '2017-12', 58, 1, 54.00, 'TBPD'),
(1512, '2017-11', 58, 1, 54.00, 'TBPD'),
(1513, '2017-10', 58, 1, 54.00, 'TBPD'),
(1514, '2017-09', 58, 1, 54.00, 'TBPD'),
(1515, '2017-08', 58, 1, 54.00, 'TBPD'),
(1516, '2017-07', 58, 1, 54.00, 'TBPD'),
(1517, '2017-06', 58, 1, 54.00, 'TBPD'),
(1518, '2017-05', 58, 1, 54.00, 'TBPD'),
(1519, '2017-04', 58, 1, 54.00, 'TBPD'),
(1520, '2017-03', 58, 1, 54.00, 'TBPD'),
(1521, '2017-02', 58, 1, 54.00, 'TBPD'),
(1522, '2017-01', 58, 1, 54.00, 'TBPD'),
(1523, '2016-12', 58, 1, 55.00, 'TBPD'),
(1524, '2016-11', 58, 1, 55.00, 'TBPD'),
(1525, '2016-10', 58, 1, 55.00, 'TBPD'),
(1526, '2016-09', 58, 1, 55.00, 'TBPD'),
(1527, '2016-08', 58, 1, 55.00, 'TBPD'),
(1528, '2016-07', 58, 1, 55.00, 'TBPD'),
(1529, '2016-06', 58, 1, 55.00, 'TBPD'),
(1530, '2016-05', 58, 1, 55.00, 'TBPD'),
(1531, '2016-04', 58, 1, 55.00, 'TBPD'),
(1532, '2016-03', 58, 1, 55.00, 'TBPD'),
(1533, '2016-02', 58, 1, 55.00, 'TBPD'),
(1534, '2016-01', 58, 1, 55.00, 'TBPD'),
(1535, '2015-12', 58, 1, 32.00, 'TBPD'),
(1536, '2015-11', 58, 1, 32.00, 'TBPD'),
(1537, '2015-10', 58, 1, 32.00, 'TBPD'),
(1538, '2015-09', 58, 1, 32.00, 'TBPD'),
(1539, '2015-08', 58, 1, 32.00, 'TBPD'),
(1540, '2015-07', 58, 1, 32.00, 'TBPD'),
(1541, '2015-06', 58, 1, 32.00, 'TBPD'),
(1542, '2015-05', 58, 1, 32.00, 'TBPD'),
(1543, '2015-04', 58, 1, 32.00, 'TBPD'),
(1544, '2015-03', 58, 1, 32.00, 'TBPD'),
(1545, '2015-02', 58, 1, 32.00, 'TBPD'),
(1546, '2015-01', 58, 1, 32.00, 'TBPD'),
(1547, '2014-12', 58, 1, 35.00, 'TBPD'),
(1548, '2014-11', 58, 1, 35.00, 'TBPD'),
(1549, '2014-10', 58, 1, 35.00, 'TBPD'),
(1550, '2014-09', 58, 1, 35.00, 'TBPD'),
(1551, '2014-08', 58, 1, 35.00, 'TBPD'),
(1552, '2014-07', 58, 1, 35.00, 'TBPD'),
(1553, '2014-06', 58, 1, 35.00, 'TBPD'),
(1554, '2014-05', 58, 1, 35.00, 'TBPD'),
(1555, '2014-04', 58, 1, 35.00, 'TBPD'),
(1556, '2014-03', 58, 1, 35.00, 'TBPD'),
(1557, '2014-02', 58, 1, 35.00, 'TBPD'),
(1558, '2014-01', 58, 1, 35.00, 'TBPD'),
(1559, '2013-12', 58, 1, 33.00, 'TBPD'),
(1560, '2013-11', 58, 1, 33.00, 'TBPD'),
(1561, '2013-10', 58, 1, 33.00, 'TBPD'),
(1562, '2013-09', 58, 1, 33.00, 'TBPD'),
(1563, '2013-08', 58, 1, 33.00, 'TBPD'),
(1564, '2013-07', 58, 1, 33.00, 'TBPD'),
(1565, '2013-06', 58, 1, 33.00, 'TBPD'),
(1566, '2013-05', 58, 1, 33.00, 'TBPD'),
(1567, '2013-04', 58, 1, 33.00, 'TBPD'),
(1568, '2013-03', 58, 1, 33.00, 'TBPD'),
(1569, '2013-02', 58, 1, 33.00, 'TBPD'),
(1570, '2013-01', 58, 1, 33.00, 'TBPD'),
(1571, '2012-12', 58, 1, 56.00, 'TBPD'),
(1572, '2012-11', 58, 1, 56.00, 'TBPD'),
(1573, '2012-10', 58, 1, 56.00, 'TBPD'),
(1574, '2012-09', 58, 1, 56.00, 'TBPD'),
(1575, '2012-08', 58, 1, 56.00, 'TBPD'),
(1576, '2012-07', 58, 1, 56.00, 'TBPD'),
(1577, '2012-06', 58, 1, 56.00, 'TBPD'),
(1578, '2012-05', 58, 1, 56.00, 'TBPD'),
(1579, '2012-04', 58, 1, 56.00, 'TBPD'),
(1580, '2012-03', 58, 1, 56.00, 'TBPD'),
(1581, '2012-02', 58, 1, 56.00, 'TBPD'),
(1582, '2012-01', 58, 1, 56.00, 'TBPD'),
(1583, '2011-12', 58, 1, 67.00, 'TBPD'),
(1584, '2011-11', 58, 1, 67.00, 'TBPD'),
(1585, '2011-10', 58, 1, 67.00, 'TBPD'),
(1586, '2011-09', 58, 1, 67.00, 'TBPD'),
(1587, '2011-08', 58, 1, 67.00, 'TBPD'),
(1588, '2011-07', 58, 1, 67.00, 'TBPD'),
(1589, '2011-06', 58, 1, 67.00, 'TBPD'),
(1590, '2011-05', 58, 1, 67.00, 'TBPD'),
(1591, '2011-04', 58, 1, 67.00, 'TBPD'),
(1592, '2011-03', 58, 1, 67.00, 'TBPD'),
(1593, '2011-02', 58, 1, 67.00, 'TBPD'),
(1594, '2011-01', 58, 1, 70.00, 'TBPD'),
(1595, '2010-12', 58, 1, 64.00, 'TBPD'),
(1596, '2010-11', 58, 1, 64.00, 'TBPD'),
(1597, '2010-10', 58, 1, 64.00, 'TBPD'),
(1598, '2010-09', 58, 1, 64.00, 'TBPD'),
(1599, '2010-08', 58, 1, 64.00, 'TBPD'),
(1600, '2010-07', 58, 1, 64.00, 'TBPD'),
(1601, '2010-06', 58, 1, 64.00, 'TBPD'),
(1602, '2010-05', 58, 1, 64.00, 'TBPD'),
(1603, '2010-04', 58, 1, 64.00, 'TBPD'),
(1604, '2010-03', 58, 1, 64.00, 'TBPD'),
(1605, '2010-02', 58, 1, 64.00, 'TBPD'),
(1606, '2010-01', 58, 1, 64.00, 'TBPD'),
(1607, '2009-12', 58, 1, 28.00, 'TBPD'),
(1608, '2009-11', 58, 1, 28.00, 'TBPD'),
(1609, '2009-10', 58, 1, 28.00, 'TBPD'),
(1610, '2009-09', 58, 1, 28.00, 'TBPD'),
(1611, '2009-08', 58, 1, 28.00, 'TBPD'),
(1612, '2009-07', 58, 1, 28.00, 'TBPD'),
(1613, '2009-06', 58, 1, 28.00, 'TBPD'),
(1614, '2009-05', 58, 1, 28.00, 'TBPD'),
(1615, '2009-04', 58, 1, 28.00, 'TBPD'),
(1616, '2009-03', 58, 1, 28.00, 'TBPD'),
(1617, '2009-02', 58, 1, 28.00, 'TBPD'),
(1618, '2009-01', 58, 1, 28.00, 'TBPD'),
(1619, '2008-12', 58, 1, 38.00, 'TBPD'),
(1620, '2008-11', 58, 1, 38.00, 'TBPD'),
(1621, '2008-10', 58, 1, 38.00, 'TBPD'),
(1622, '2008-09', 58, 1, 38.00, 'TBPD'),
(1623, '2008-08', 58, 1, 38.00, 'TBPD'),
(1624, '2008-07', 58, 1, 38.00, 'TBPD'),
(1625, '2008-06', 58, 1, 38.00, 'TBPD'),
(1626, '2008-05', 58, 1, 38.00, 'TBPD'),
(1627, '2008-04', 58, 1, 38.00, 'TBPD'),
(1628, '2008-03', 58, 1, 38.00, 'TBPD'),
(1629, '2008-02', 58, 1, 38.00, 'TBPD'),
(1630, '2008-01', 58, 1, 38.00, 'TBPD'),
(1631, '2007-12', 58, 1, 41.00, 'TBPD'),
(1632, '2007-11', 58, 1, 41.00, 'TBPD'),
(1633, '2007-10', 58, 1, 41.00, 'TBPD'),
(1634, '2007-09', 58, 1, 41.00, 'TBPD'),
(1635, '2007-08', 58, 1, 41.00, 'TBPD'),
(1636, '2007-07', 58, 1, 41.00, 'TBPD'),
(1637, '2007-06', 58, 1, 41.00, 'TBPD'),
(1638, '2007-05', 58, 1, 41.00, 'TBPD'),
(1639, '2007-04', 58, 1, 41.00, 'TBPD'),
(1640, '2007-03', 58, 1, 41.00, 'TBPD'),
(1641, '2007-02', 58, 1, 41.00, 'TBPD'),
(1642, '2007-01', 58, 1, 41.00, 'TBPD'),
(1643, '2006-12', 58, 1, 29.00, 'TBPD'),
(1644, '2006-11', 58, 1, 29.00, 'TBPD'),
(1645, '2006-10', 58, 1, 29.00, 'TBPD'),
(1646, '2006-09', 58, 1, 29.00, 'TBPD'),
(1647, '2006-08', 58, 1, 29.00, 'TBPD'),
(1648, '2006-07', 58, 1, 29.00, 'TBPD'),
(1649, '2006-06', 58, 1, 29.00, 'TBPD'),
(1650, '2006-05', 58, 1, 29.00, 'TBPD'),
(1651, '2006-04', 58, 1, 29.00, 'TBPD'),
(1652, '2006-03', 58, 1, 29.00, 'TBPD'),
(1653, '2006-02', 58, 1, 29.00, 'TBPD'),
(1654, '2006-01', 58, 1, 29.00, 'TBPD'),
(1655, '2005-12', 58, 1, 37.00, 'TBPD'),
(1656, '2005-11', 58, 1, 37.00, 'TBPD'),
(1657, '2005-10', 58, 1, 37.00, 'TBPD'),
(1658, '2005-09', 58, 1, 37.00, 'TBPD'),
(1659, '2005-08', 58, 1, 37.00, 'TBPD'),
(1660, '2005-07', 58, 1, 37.00, 'TBPD'),
(1661, '2005-06', 58, 1, 37.00, 'TBPD'),
(1662, '2005-05', 58, 1, 37.00, 'TBPD'),
(1663, '2005-04', 58, 1, 37.00, 'TBPD'),
(1664, '2005-03', 58, 1, 37.00, 'TBPD'),
(1665, '2005-02', 58, 1, 37.00, 'TBPD'),
(1666, '2005-01', 58, 1, 37.00, 'TBPD'),
(1667, '2004-12', 58, 1, 29.00, 'TBPD'),
(1668, '2004-11', 58, 1, 29.00, 'TBPD'),
(1669, '2004-10', 58, 1, 29.00, 'TBPD'),
(1670, '2004-09', 58, 1, 29.00, 'TBPD'),
(1671, '2004-08', 58, 1, 29.00, 'TBPD'),
(1672, '2004-07', 58, 1, 29.00, 'TBPD'),
(1673, '2004-06', 58, 1, 29.00, 'TBPD'),
(1674, '2004-05', 58, 1, 29.00, 'TBPD'),
(1675, '2004-04', 58, 1, 29.00, 'TBPD'),
(1676, '2004-03', 58, 1, 29.00, 'TBPD'),
(1677, '2004-02', 58, 1, 29.00, 'TBPD'),
(1678, '2004-01', 58, 1, 29.00, 'TBPD'),
(1679, '2003-12', 58, 1, 80.00, 'TBPD'),
(1680, '2003-11', 58, 1, 80.00, 'TBPD'),
(1681, '2003-10', 58, 1, 80.00, 'TBPD'),
(1682, '2003-09', 58, 1, 80.00, 'TBPD'),
(1683, '2003-08', 58, 1, 80.00, 'TBPD'),
(1684, '2003-07', 58, 1, 80.00, 'TBPD'),
(1685, '2003-06', 58, 1, 80.00, 'TBPD'),
(1686, '2003-05', 58, 1, 80.00, 'TBPD'),
(1687, '2003-04', 58, 1, 80.00, 'TBPD'),
(1688, '2003-03', 58, 1, 80.00, 'TBPD'),
(1689, '2003-02', 58, 1, 80.00, 'TBPD'),
(1690, '2003-01', 58, 1, 80.00, 'TBPD'),
(1691, '2002-12', 58, 1, 75.00, 'TBPD'),
(1692, '2002-11', 58, 1, 75.00, 'TBPD'),
(1693, '2002-10', 58, 1, 75.00, 'TBPD'),
(1694, '2002-09', 58, 1, 75.00, 'TBPD'),
(1695, '2002-08', 58, 1, 75.00, 'TBPD'),
(1696, '2002-07', 58, 1, 75.00, 'TBPD'),
(1697, '2002-06', 58, 1, 75.00, 'TBPD'),
(1698, '2002-05', 58, 1, 75.00, 'TBPD'),
(1699, '2002-04', 58, 1, 75.00, 'TBPD'),
(1700, '2002-03', 58, 1, 75.00, 'TBPD'),
(1701, '2002-02', 58, 1, 75.00, 'TBPD'),
(1702, '2002-01', 58, 1, 75.00, 'TBPD'),
(1703, '2001-12', 58, 1, 70.00, 'TBPD'),
(1704, '2001-11', 58, 1, 70.00, 'TBPD'),
(1705, '2001-10', 58, 1, 70.00, 'TBPD'),
(1706, '2001-09', 58, 1, 70.00, 'TBPD'),
(1707, '2001-08', 58, 1, 70.00, 'TBPD'),
(1708, '2001-07', 58, 1, 70.00, 'TBPD'),
(1709, '2001-06', 58, 1, 70.00, 'TBPD'),
(1710, '2001-05', 58, 1, 70.00, 'TBPD'),
(1711, '2001-04', 58, 1, 70.00, 'TBPD'),
(1712, '2001-03', 58, 1, 70.00, 'TBPD'),
(1713, '2001-02', 58, 1, 70.00, 'TBPD'),
(1714, '2001-01', 58, 1, 70.00, 'TBPD'),
(1715, '2000-12', 58, 1, 65.00, 'TBPD'),
(1716, '2000-11', 58, 1, 65.00, 'TBPD'),
(1717, '2000-10', 58, 1, 65.00, 'TBPD'),
(1718, '2000-09', 58, 1, 65.00, 'TBPD'),
(1719, '2000-08', 58, 1, 65.00, 'TBPD'),
(1720, '2000-07', 58, 1, 65.00, 'TBPD'),
(1721, '2000-06', 58, 1, 65.00, 'TBPD'),
(1722, '2000-05', 58, 1, 65.00, 'TBPD'),
(1723, '2000-04', 58, 1, 65.00, 'TBPD'),
(1724, '2000-03', 58, 1, 65.00, 'TBPD'),
(1725, '2000-02', 58, 1, 65.00, 'TBPD'),
(1726, '2000-01', 58, 1, 65.00, 'TBPD'),
(1727, '1999-12', 58, 1, 85.00, 'TBPD'),
(1728, '1999-11', 58, 1, 85.00, 'TBPD'),
(1729, '1999-10', 58, 1, 85.00, 'TBPD'),
(1730, '1999-09', 58, 1, 85.00, 'TBPD'),
(1731, '1999-08', 58, 1, 85.00, 'TBPD'),
(1732, '1999-07', 58, 1, 85.00, 'TBPD'),
(1733, '1999-06', 58, 1, 85.00, 'TBPD'),
(1734, '1999-05', 58, 1, 85.00, 'TBPD'),
(1735, '1999-04', 58, 1, 85.00, 'TBPD'),
(1736, '1999-03', 58, 1, 85.00, 'TBPD'),
(1737, '1999-02', 58, 1, 85.00, 'TBPD'),
(1738, '1999-01', 58, 1, 85.00, 'TBPD'),
(1739, '1998-12', 58, 1, 90.00, 'TBPD'),
(1740, '1998-11', 58, 1, 90.00, 'TBPD'),
(1741, '1998-10', 58, 1, 90.00, 'TBPD'),
(1742, '1998-09', 58, 1, 90.00, 'TBPD'),
(1743, '1998-08', 58, 1, 90.00, 'TBPD'),
(1744, '1998-07', 58, 1, 90.00, 'TBPD'),
(1745, '1998-06', 58, 1, 90.00, 'TBPD'),
(1746, '1998-05', 58, 1, 90.00, 'TBPD'),
(1747, '1998-04', 58, 1, 90.00, 'TBPD'),
(1748, '1998-03', 58, 1, 90.00, 'TBPD'),
(1749, '1998-02', 58, 1, 90.00, 'TBPD'),
(1750, '1998-01', 58, 1, 90.00, 'TBPD'),
(1751, '1997-12', 58, 1, 50.00, 'TBPD'),
(1752, '1997-11', 58, 1, 50.00, 'TBPD'),
(1753, '1997-10', 58, 1, 50.00, 'TBPD'),
(1754, '1997-09', 58, 1, 50.00, 'TBPD'),
(1755, '1997-08', 58, 1, 50.00, 'TBPD'),
(1756, '1997-07', 58, 1, 50.00, 'TBPD'),
(1757, '1997-06', 58, 1, 50.00, 'TBPD'),
(1758, '1997-05', 58, 1, 50.00, 'TBPD'),
(1759, '1997-04', 58, 1, 50.00, 'TBPD'),
(1760, '1997-03', 58, 1, 50.00, 'TBPD'),
(1761, '1997-02', 58, 1, 50.00, 'TBPD'),
(1762, '1997-01', 58, 1, 50.00, 'TBPD'),
(1763, '1996-12', 58, 1, 20.00, 'TBPD'),
(1764, '1996-11', 58, 1, 20.00, 'TBPD'),
(1765, '1996-10', 58, 1, 20.00, 'TBPD'),
(1766, '1996-09', 58, 1, 20.00, 'TBPD'),
(1767, '1996-08', 58, 1, 20.00, 'TBPD'),
(1768, '1996-07', 58, 1, 20.00, 'TBPD'),
(1769, '1996-06', 58, 1, 20.00, 'TBPD'),
(1770, '1996-05', 58, 1, 20.00, 'TBPD'),
(1771, '1996-04', 58, 1, 20.00, 'TBPD'),
(1772, '1996-03', 58, 1, 20.00, 'TBPD'),
(1773, '1996-02', 58, 1, 20.00, 'TBPD'),
(1774, '1996-01', 58, 1, 20.00, 'TBPD'),
(1775, '1995-12', 58, 1, 20.00, 'TBPD'),
(1776, '1995-11', 58, 1, 20.00, 'TBPD'),
(1777, '1995-10', 58, 1, 20.00, 'TBPD'),
(1778, '1995-09', 58, 1, 20.00, 'TBPD'),
(1779, '1995-08', 58, 1, 20.00, 'TBPD'),
(1780, '1995-07', 58, 1, 20.00, 'TBPD'),
(1781, '1995-06', 58, 1, 20.00, 'TBPD'),
(1782, '1995-05', 58, 1, 20.00, 'TBPD'),
(1783, '1995-04', 58, 1, 20.00, 'TBPD'),
(1784, '1995-03', 58, 1, 20.00, 'TBPD'),
(1785, '1995-02', 58, 1, 20.00, 'TBPD'),
(1786, '1995-01', 58, 1, 20.00, 'TBPD'),
(1787, '1994-12', 58, 1, 17.00, 'TBPD'),
(1788, '1994-11', 58, 1, 17.00, 'TBPD'),
(1789, '1994-10', 58, 1, 17.00, 'TBPD'),
(1790, '1994-09', 58, 1, 17.00, 'TBPD'),
(1791, '1994-08', 58, 1, 17.00, 'TBPD'),
(1792, '1994-07', 58, 1, 17.00, 'TBPD'),
(1793, '1994-06', 58, 1, 17.00, 'TBPD'),
(1794, '1994-05', 58, 1, 17.00, 'TBPD'),
(1795, '1994-04', 58, 1, 17.00, 'TBPD'),
(1796, '1994-03', 58, 1, 17.00, 'TBPD'),
(1797, '1994-02', 58, 1, 17.00, 'TBPD'),
(1798, '1994-01', 58, 1, 17.00, 'TBPD'),
(1799, '1993-12', 58, 1, 17.00, 'TBPD'),
(1800, '1993-11', 58, 1, 17.00, 'TBPD'),
(1801, '1993-10', 58, 1, 17.00, 'TBPD'),
(1802, '1993-09', 58, 1, 17.00, 'TBPD'),
(1803, '1993-08', 58, 1, 17.00, 'TBPD'),
(1804, '1993-07', 58, 1, 17.00, 'TBPD'),
(1805, '1993-06', 58, 1, 17.00, 'TBPD'),
(1806, '1993-05', 58, 1, 17.00, 'TBPD'),
(1807, '1993-04', 58, 1, 17.00, 'TBPD'),
(1808, '1993-03', 58, 1, 17.00, 'TBPD'),
(1809, '1993-02', 58, 1, 17.00, 'TBPD'),
(1810, '1993-01', 58, 1, 17.00, 'TBPD'),
(1811, '2023-02', 59, 1, 37.00, 'TBPD'),
(1812, '2023-01', 59, 1, 37.00, 'TBPD'),
(1813, '2022-12', 59, 1, 37.00, 'TBPD'),
(1814, '2022-11', 59, 1, 37.00, 'TBPD'),
(1815, '2022-10', 59, 1, 37.00, 'TBPD'),
(1816, '2022-09', 59, 1, 37.00, 'TBPD'),
(1817, '2022-08', 59, 1, 37.00, 'TBPD'),
(1818, '2022-07', 59, 1, 37.00, 'TBPD'),
(1819, '2022-06', 59, 1, 37.00, 'TBPD'),
(1820, '2022-05', 59, 1, 37.00, 'TBPD'),
(1821, '2022-04', 59, 1, 37.00, 'TBPD'),
(1822, '2022-03', 59, 1, 37.00, 'TBPD'),
(1823, '2022-02', 59, 1, 37.00, 'TBPD'),
(1824, '2022-01', 59, 1, 37.00, 'TBPD'),
(1825, '2021-12', 59, 1, 37.00, 'TBPD'),
(1826, '2021-11', 59, 1, 37.00, 'TBPD'),
(1827, '2021-10', 59, 1, 37.00, 'TBPD'),
(1828, '2021-09', 59, 1, 37.00, 'TBPD'),
(1829, '2021-08', 59, 1, 37.00, 'TBPD'),
(1830, '2021-07', 59, 1, 37.00, 'TBPD'),
(1831, '2021-06', 59, 1, 37.00, 'TBPD'),
(1832, '2021-05', 59, 1, 37.00, 'TBPD'),
(1833, '2021-04', 59, 1, 37.00, 'TBPD'),
(1834, '2021-03', 59, 1, 37.00, 'TBPD'),
(1835, '2021-02', 59, 1, 37.00, 'TBPD'),
(1836, '2021-01', 59, 1, 37.00, 'TBPD'),
(1837, '2020-12', 59, 1, 37.00, 'TBPD'),
(1838, '2020-11', 59, 1, 37.00, 'TBPD'),
(1839, '2020-10', 59, 1, 37.00, 'TBPD'),
(1840, '2020-09', 59, 1, 37.00, 'TBPD'),
(1841, '2020-08', 59, 1, 37.00, 'TBPD'),
(1842, '2020-07', 59, 1, 37.00, 'TBPD'),
(1843, '2020-06', 59, 1, 37.00, 'TBPD'),
(1844, '2020-05', 59, 1, 37.00, 'TBPD'),
(1845, '2020-04', 59, 1, 37.00, 'TBPD'),
(1846, '2020-03', 59, 1, 37.00, 'TBPD'),
(1847, '2020-02', 59, 1, 37.00, 'TBPD'),
(1848, '2020-01', 59, 1, 37.00, 'TBPD'),
(1849, '2019-12', 59, 1, 41.00, 'TBPD'),
(1850, '2019-11', 59, 1, 41.00, 'TBPD'),
(1851, '2019-10', 59, 1, 41.00, 'TBPD'),
(1852, '2019-09', 59, 1, 41.00, 'TBPD'),
(1853, '2019-08', 59, 1, 41.00, 'TBPD'),
(1854, '2019-07', 59, 1, 41.00, 'TBPD'),
(1855, '2019-06', 59, 1, 41.00, 'TBPD'),
(1856, '2019-05', 59, 1, 41.00, 'TBPD'),
(1857, '2019-04', 59, 1, 41.00, 'TBPD'),
(1858, '2019-03', 59, 1, 41.00, 'TBPD'),
(1859, '2019-02', 59, 1, 41.00, 'TBPD'),
(1860, '2019-01', 59, 1, 41.00, 'TBPD'),
(1861, '2018-12', 59, 1, 34.00, 'TBPD'),
(1862, '2018-11', 59, 1, 34.00, 'TBPD'),
(1863, '2018-10', 59, 1, 34.00, 'TBPD'),
(1864, '2018-09', 59, 1, 34.00, 'TBPD'),
(1865, '2018-08', 59, 1, 34.00, 'TBPD'),
(1866, '2018-07', 59, 1, 34.00, 'TBPD'),
(1867, '2018-06', 59, 1, 34.00, 'TBPD'),
(1868, '2018-05', 59, 1, 34.00, 'TBPD'),
(1869, '2018-04', 59, 1, 34.00, 'TBPD'),
(1870, '2018-03', 59, 1, 34.00, 'TBPD'),
(1871, '2018-02', 59, 1, 34.00, 'TBPD'),
(1872, '2018-01', 59, 1, 34.00, 'TBPD'),
(1873, '2017-12', 59, 1, 30.00, 'TBPD'),
(1874, '2017-11', 59, 1, 30.00, 'TBPD'),
(1875, '2017-10', 59, 1, 30.00, 'TBPD'),
(1876, '2017-09', 59, 1, 30.00, 'TBPD'),
(1877, '2017-08', 59, 1, 30.00, 'TBPD'),
(1878, '2017-07', 59, 1, 30.00, 'TBPD'),
(1879, '2017-06', 59, 1, 30.00, 'TBPD'),
(1880, '2017-05', 59, 1, 30.00, 'TBPD'),
(1881, '2017-04', 59, 1, 30.00, 'TBPD'),
(1882, '2017-03', 59, 1, 30.00, 'TBPD'),
(1883, '2017-02', 59, 1, 30.00, 'TBPD'),
(1884, '2017-01', 59, 1, 30.00, 'TBPD'),
(1885, '2016-12', 59, 1, 25.00, 'TBPD'),
(1886, '2016-11', 59, 1, 25.00, 'TBPD'),
(1887, '2016-10', 59, 1, 25.00, 'TBPD'),
(1888, '2016-09', 59, 1, 25.00, 'TBPD'),
(1889, '2016-08', 59, 1, 25.00, 'TBPD'),
(1890, '2016-07', 59, 1, 25.00, 'TBPD'),
(1891, '2016-06', 59, 1, 25.00, 'TBPD'),
(1892, '2016-05', 59, 1, 25.00, 'TBPD'),
(1893, '2016-04', 59, 1, 25.00, 'TBPD'),
(1894, '2016-03', 59, 1, 25.00, 'TBPD'),
(1895, '2016-02', 59, 1, 25.00, 'TBPD'),
(1896, '2016-01', 59, 1, 25.00, 'TBPD'),
(1897, '2015-12', 59, 1, 28.00, 'TBPD'),
(1898, '2015-11', 59, 1, 28.00, 'TBPD'),
(1899, '2015-10', 59, 1, 28.00, 'TBPD'),
(1900, '2015-09', 59, 1, 28.00, 'TBPD'),
(1901, '2015-08', 59, 1, 28.00, 'TBPD'),
(1902, '2015-07', 59, 1, 28.00, 'TBPD'),
(1903, '2015-06', 59, 1, 28.00, 'TBPD'),
(1904, '2015-05', 59, 1, 28.00, 'TBPD'),
(1905, '2015-04', 59, 1, 28.00, 'TBPD'),
(1906, '2015-03', 59, 1, 28.00, 'TBPD'),
(1907, '2015-02', 59, 1, 28.00, 'TBPD'),
(1908, '2015-01', 59, 1, 28.00, 'TBPD'),
(1909, '2014-12', 59, 1, 23.00, 'TBPD'),
(1910, '2014-11', 59, 1, 23.00, 'TBPD'),
(1911, '2014-10', 59, 1, 23.00, 'TBPD'),
(1912, '2014-09', 59, 1, 23.00, 'TBPD'),
(1913, '2014-08', 59, 1, 23.00, 'TBPD'),
(1914, '2014-07', 59, 1, 23.00, 'TBPD'),
(1915, '2014-06', 59, 1, 23.00, 'TBPD'),
(1916, '2014-05', 59, 1, 23.00, 'TBPD'),
(1917, '2014-04', 59, 1, 23.00, 'TBPD'),
(1918, '2014-03', 59, 1, 23.00, 'TBPD'),
(1919, '2014-02', 59, 1, 23.00, 'TBPD'),
(1920, '2014-01', 59, 1, 23.00, 'TBPD'),
(1921, '2013-12', 59, 1, 24.00, 'TBPD'),
(1922, '2013-11', 59, 1, 24.00, 'TBPD'),
(1923, '2013-10', 59, 1, 24.00, 'TBPD'),
(1924, '2013-09', 59, 1, 24.00, 'TBPD'),
(1925, '2013-08', 59, 1, 24.00, 'TBPD'),
(1926, '2013-07', 59, 1, 24.00, 'TBPD'),
(1927, '2013-06', 59, 1, 24.00, 'TBPD'),
(1928, '2013-05', 59, 1, 24.00, 'TBPD'),
(1929, '2013-04', 59, 1, 24.00, 'TBPD'),
(1930, '2013-03', 59, 1, 24.00, 'TBPD'),
(1931, '2013-02', 59, 1, 24.00, 'TBPD'),
(1932, '2013-01', 59, 1, 24.00, 'TBPD'),
(1933, '2012-12', 59, 1, 19.67, 'TBPD'),
(1934, '2012-11', 59, 1, 19.67, 'TBPD'),
(1935, '2012-10', 59, 1, 19.67, 'TBPD'),
(1936, '2012-09', 59, 1, 19.67, 'TBPD'),
(1937, '2012-08', 59, 1, 19.67, 'TBPD'),
(1938, '2012-07', 59, 1, 19.67, 'TBPD'),
(1939, '2012-06', 59, 1, 19.67, 'TBPD'),
(1940, '2012-05', 59, 1, 19.67, 'TBPD'),
(1941, '2012-04', 59, 1, 19.67, 'TBPD'),
(1942, '2012-03', 59, 1, 19.67, 'TBPD'),
(1943, '2012-02', 59, 1, 19.67, 'TBPD'),
(1944, '2012-01', 59, 1, 19.67, 'TBPD'),
(1945, '2011-12', 59, 1, 19.00, 'TBPD'),
(1946, '2011-11', 59, 1, 19.00, 'TBPD'),
(1947, '2011-10', 59, 1, 19.00, 'TBPD'),
(1948, '2011-09', 59, 1, 19.00, 'TBPD'),
(1949, '2011-08', 59, 1, 19.00, 'TBPD'),
(1950, '2011-07', 59, 1, 19.00, 'TBPD'),
(1951, '2011-06', 59, 1, 19.00, 'TBPD'),
(1952, '2011-05', 59, 1, 19.00, 'TBPD'),
(1953, '2011-04', 59, 1, 19.00, 'TBPD'),
(1954, '2011-03', 59, 1, 19.00, 'TBPD'),
(1955, '2011-02', 59, 1, 19.00, 'TBPD'),
(1956, '2011-01', 59, 1, 19.00, 'TBPD'),
(1957, '2010-12', 59, 1, 17.19, 'TBPD'),
(1958, '2010-11', 59, 1, 17.19, 'TBPD'),
(1959, '2010-10', 59, 1, 17.19, 'TBPD'),
(1960, '2010-09', 59, 1, 17.19, 'TBPD'),
(1961, '2010-08', 59, 1, 17.19, 'TBPD'),
(1962, '2010-07', 59, 1, 17.19, 'TBPD'),
(1963, '2010-06', 59, 1, 17.19, 'TBPD'),
(1964, '2010-05', 59, 1, 17.19, 'TBPD'),
(1965, '2010-04', 59, 1, 17.19, 'TBPD'),
(1966, '2010-03', 59, 1, 17.19, 'TBPD'),
(1967, '2010-02', 59, 1, 17.19, 'TBPD'),
(1968, '2010-01', 59, 1, 17.19, 'TBPD'),
(1969, '2009-12', 59, 1, 19.26, 'TBPD'),
(1970, '2009-11', 59, 1, 19.26, 'TBPD'),
(1971, '2009-10', 59, 1, 19.26, 'TBPD'),
(1972, '2009-09', 59, 1, 19.26, 'TBPD'),
(1973, '2009-08', 59, 1, 19.26, 'TBPD'),
(1974, '2009-07', 59, 1, 19.26, 'TBPD'),
(1975, '2009-06', 59, 1, 19.26, 'TBPD'),
(1976, '2009-05', 59, 1, 19.26, 'TBPD'),
(1977, '2009-04', 59, 1, 19.26, 'TBPD'),
(1978, '2009-03', 59, 1, 19.26, 'TBPD'),
(1979, '2009-02', 59, 1, 19.26, 'TBPD'),
(1980, '2009-01', 59, 1, 19.26, 'TBPD'),
(1981, '2008-12', 59, 1, 18.21, 'TBPD'),
(1982, '2008-11', 59, 1, 18.21, 'TBPD'),
(1983, '2008-10', 59, 1, 18.21, 'TBPD'),
(1984, '2008-09', 59, 1, 18.21, 'TBPD'),
(1985, '2008-08', 59, 1, 18.21, 'TBPD'),
(1986, '2008-07', 59, 1, 18.21, 'TBPD'),
(1987, '2008-06', 59, 1, 18.21, 'TBPD'),
(1988, '2008-05', 59, 1, 18.21, 'TBPD'),
(1989, '2008-04', 59, 1, 18.21, 'TBPD'),
(1990, '2008-03', 59, 1, 18.21, 'TBPD'),
(1991, '2008-02', 59, 1, 18.21, 'TBPD'),
(1992, '2008-01', 59, 1, 18.21, 'TBPD'),
(1993, '2007-12', 59, 1, 16.88, 'TBPD'),
(1994, '2007-11', 59, 1, 16.88, 'TBPD'),
(1995, '2007-10', 59, 1, 16.88, 'TBPD'),
(1996, '2007-09', 59, 1, 16.88, 'TBPD'),
(1997, '2007-08', 59, 1, 16.88, 'TBPD'),
(1998, '2007-07', 59, 1, 16.88, 'TBPD'),
(1999, '2007-06', 59, 1, 16.88, 'TBPD'),
(2000, '2007-05', 59, 1, 16.88, 'TBPD'),
(2001, '2007-04', 59, 1, 16.88, 'TBPD'),
(2002, '2007-03', 59, 1, 16.88, 'TBPD'),
(2003, '2007-02', 59, 1, 16.88, 'TBPD'),
(2004, '2007-01', 59, 1, 16.88, 'TBPD'),
(2005, '2006-12', 59, 1, 15.00, 'TBPD'),
(2006, '2006-11', 59, 1, 15.00, 'TBPD'),
(2007, '2006-10', 59, 1, 15.00, 'TBPD'),
(2008, '2006-09', 59, 1, 15.00, 'TBPD'),
(2009, '2006-08', 59, 1, 15.00, 'TBPD'),
(2010, '2006-07', 59, 1, 15.00, 'TBPD'),
(2011, '2006-06', 59, 1, 15.00, 'TBPD'),
(2012, '2006-05', 59, 1, 15.00, 'TBPD'),
(2013, '2006-04', 59, 1, 15.00, 'TBPD'),
(2014, '2006-03', 59, 1, 15.00, 'TBPD'),
(2015, '2006-02', 59, 1, 15.00, 'TBPD'),
(2016, '2006-01', 59, 1, 15.00, 'TBPD'),
(2017, '2005-12', 59, 1, 15.00, 'TBPD'),
(2018, '2005-11', 59, 1, 15.00, 'TBPD'),
(2019, '2005-10', 59, 1, 15.00, 'TBPD'),
(2020, '2005-09', 59, 1, 15.00, 'TBPD'),
(2021, '2005-08', 59, 1, 15.00, 'TBPD'),
(2022, '2005-07', 59, 1, 15.00, 'TBPD'),
(2023, '2005-06', 59, 1, 15.00, 'TBPD'),
(2024, '2005-05', 59, 1, 15.00, 'TBPD'),
(2025, '2005-04', 59, 1, 15.00, 'TBPD'),
(2026, '2005-03', 59, 1, 15.00, 'TBPD'),
(2027, '2005-02', 59, 1, 15.00, 'TBPD'),
(2028, '2005-01', 59, 1, 15.00, 'TBPD'),
(2029, '2004-12', 59, 1, 0.01, 'TBPD'),
(2030, '2004-11', 59, 1, 0.01, 'TBPD'),
(2031, '2004-10', 59, 1, 0.01, 'TBPD'),
(2032, '2004-09', 59, 1, 0.01, 'TBPD'),
(2033, '2004-08', 59, 1, 0.01, 'TBPD'),
(2034, '2004-07', 59, 1, 0.01, 'TBPD'),
(2035, '2004-06', 59, 1, 0.01, 'TBPD'),
(2036, '2004-05', 59, 1, 0.01, 'TBPD'),
(2037, '2004-04', 59, 1, 0.01, 'TBPD'),
(2038, '2004-03', 59, 1, 0.01, 'TBPD'),
(2039, '2004-02', 59, 1, 0.01, 'TBPD'),
(2040, '2004-01', 59, 1, 0.01, 'TBPD'),
(2041, '2003-12', 59, 1, 0.01, 'TBPD'),
(2042, '2003-11', 59, 1, 0.01, 'TBPD'),
(2043, '2003-10', 59, 1, 0.01, 'TBPD'),
(2044, '2003-09', 59, 1, 0.01, 'TBPD'),
(2045, '2003-08', 59, 1, 0.01, 'TBPD'),
(2046, '2003-07', 59, 1, 0.01, 'TBPD'),
(2047, '2003-06', 59, 1, 0.01, 'TBPD'),
(2048, '2003-05', 59, 1, 0.01, 'TBPD'),
(2049, '2003-04', 59, 1, 0.01, 'TBPD'),
(2050, '2003-03', 59, 1, 0.01, 'TBPD'),
(2051, '2003-02', 59, 1, 0.01, 'TBPD'),
(2052, '2003-01', 59, 1, 0.01, 'TBPD'),
(2053, '2002-12', 59, 1, 0.01, 'TBPD'),
(2054, '2002-11', 59, 1, 0.01, 'TBPD'),
(2055, '2002-10', 59, 1, 0.01, 'TBPD'),
(2056, '2002-09', 59, 1, 0.01, 'TBPD'),
(2057, '2002-08', 59, 1, 0.01, 'TBPD'),
(2058, '2002-07', 59, 1, 0.01, 'TBPD'),
(2059, '2002-06', 59, 1, 0.01, 'TBPD'),
(2060, '2002-05', 59, 1, 0.01, 'TBPD'),
(2061, '2002-04', 59, 1, 0.01, 'TBPD'),
(2062, '2002-03', 59, 1, 0.01, 'TBPD'),
(2063, '2002-02', 59, 1, 0.01, 'TBPD'),
(2064, '2002-01', 59, 1, 0.01, 'TBPD'),
(2065, '2001-12', 59, 1, 0.01, 'TBPD'),
(2066, '2001-11', 59, 1, 0.01, 'TBPD'),
(2067, '2001-10', 59, 1, 0.01, 'TBPD'),
(2068, '2001-09', 59, 1, 0.01, 'TBPD'),
(2069, '2001-08', 59, 1, 0.01, 'TBPD'),
(2070, '2001-07', 59, 1, 0.01, 'TBPD'),
(2071, '2001-06', 59, 1, 0.01, 'TBPD'),
(2072, '2001-05', 59, 1, 0.01, 'TBPD'),
(2073, '2001-04', 59, 1, 0.01, 'TBPD'),
(2074, '2001-03', 59, 1, 12.00, 'TBPD'),
(2075, '2001-02', 59, 1, 12.00, 'TBPD'),
(2076, '2001-01', 59, 1, 12.00, 'TBPD'),
(2077, '2000-12', 59, 1, 0.01, 'TBPD'),
(2078, '2000-11', 59, 1, 0.01, 'TBPD'),
(2079, '2000-10', 59, 1, 0.01, 'TBPD'),
(2080, '2000-09', 59, 1, 0.01, 'TBPD'),
(2081, '2000-08', 59, 1, 0.01, 'TBPD'),
(2082, '2000-07', 59, 1, 0.01, 'TBPD'),
(2083, '2000-06', 59, 1, 0.01, 'TBPD'),
(2084, '2000-05', 59, 1, 0.01, 'TBPD'),
(2085, '2000-04', 59, 1, 0.01, 'TBPD'),
(2086, '2000-03', 59, 1, 0.01, 'TBPD'),
(2087, '2000-02', 59, 1, 0.01, 'TBPD'),
(2088, '2000-01', 59, 1, 8.00, 'TBPD'),
(2089, '1999-12', 59, 1, 10.00, 'TBPD'),
(2090, '1999-11', 59, 1, 10.00, 'TBPD'),
(2091, '1999-10', 59, 1, 10.00, 'TBPD'),
(2092, '1999-09', 59, 1, 10.00, 'TBPD'),
(2093, '1999-08', 59, 1, 10.00, 'TBPD'),
(2094, '1999-07', 59, 1, 10.00, 'TBPD'),
(2095, '1999-06', 59, 1, 10.00, 'TBPD'),
(2096, '1999-05', 59, 1, 10.00, 'TBPD'),
(2097, '1999-04', 59, 1, 10.00, 'TBPD'),
(2098, '1999-03', 59, 1, 10.00, 'TBPD'),
(2099, '1999-02', 59, 1, 10.00, 'TBPD'),
(2100, '1999-01', 59, 1, 10.00, 'TBPD'),
(2101, '1998-12', 59, 1, 10.00, 'TBPD'),
(2102, '1998-11', 59, 1, 10.00, 'TBPD'),
(2103, '1998-10', 59, 1, 10.00, 'TBPD'),
(2104, '1998-09', 59, 1, 10.00, 'TBPD'),
(2105, '1998-08', 59, 1, 10.00, 'TBPD'),
(2106, '1998-07', 59, 1, 10.00, 'TBPD'),
(2107, '1998-06', 59, 1, 10.00, 'TBPD'),
(2108, '1998-05', 59, 1, 10.00, 'TBPD'),
(2109, '1998-04', 59, 1, 10.00, 'TBPD'),
(2110, '1998-03', 59, 1, 10.00, 'TBPD'),
(2111, '1998-02', 59, 1, 10.00, 'TBPD'),
(2112, '1998-01', 59, 1, 10.00, 'TBPD'),
(2113, '1997-12', 59, 1, 12.00, 'TBPD'),
(2114, '1997-11', 59, 1, 12.00, 'TBPD'),
(2115, '1997-10', 59, 1, 12.00, 'TBPD'),
(2116, '1997-09', 59, 1, 12.00, 'TBPD'),
(2117, '1997-08', 59, 1, 12.00, 'TBPD'),
(2118, '1997-07', 59, 1, 12.00, 'TBPD'),
(2119, '1997-06', 59, 1, 12.00, 'TBPD'),
(2120, '1997-05', 59, 1, 12.00, 'TBPD'),
(2121, '1997-04', 59, 1, 12.00, 'TBPD'),
(2122, '1997-03', 59, 1, 12.00, 'TBPD'),
(2123, '1997-02', 59, 1, 12.00, 'TBPD'),
(2124, '1997-01', 59, 1, 12.00, 'TBPD'),
(2125, '1996-12', 59, 1, 12.00, 'TBPD'),
(2126, '1996-11', 59, 1, 12.00, 'TBPD'),
(2127, '1996-10', 59, 1, 12.00, 'TBPD'),
(2128, '1996-09', 59, 1, 12.00, 'TBPD'),
(2129, '1996-08', 59, 1, 12.00, 'TBPD'),
(2130, '1996-07', 59, 1, 12.00, 'TBPD'),
(2131, '1996-06', 59, 1, 12.00, 'TBPD'),
(2132, '1996-05', 59, 1, 12.00, 'TBPD'),
(2133, '1996-04', 59, 1, 12.00, 'TBPD'),
(2134, '1996-03', 59, 1, 12.00, 'TBPD'),
(2135, '1996-02', 59, 1, 12.00, 'TBPD'),
(2136, '1996-01', 59, 1, 12.00, 'TBPD'),
(2137, '1995-12', 59, 1, 12.00, 'TBPD'),
(2138, '1995-11', 59, 1, 12.00, 'TBPD'),
(2139, '1995-10', 59, 1, 12.00, 'TBPD'),
(2140, '1995-09', 59, 1, 12.00, 'TBPD'),
(2141, '1995-08', 59, 1, 12.00, 'TBPD'),
(2142, '1995-07', 59, 1, 12.00, 'TBPD'),
(2143, '1995-06', 59, 1, 12.00, 'TBPD'),
(2144, '1995-05', 59, 1, 12.00, 'TBPD'),
(2145, '1995-04', 59, 1, 12.00, 'TBPD'),
(2146, '1995-03', 59, 1, 12.00, 'TBPD'),
(2147, '1995-02', 59, 1, 12.00, 'TBPD'),
(2148, '1995-01', 59, 1, 12.00, 'TBPD'),
(2149, '1994-12', 59, 1, 12.00, 'TBPD'),
(2150, '1994-11', 59, 1, 12.00, 'TBPD'),
(2151, '1994-10', 59, 1, 12.00, 'TBPD'),
(2152, '1994-09', 59, 1, 12.00, 'TBPD'),
(2153, '1994-08', 59, 1, 12.00, 'TBPD'),
(2154, '1994-07', 59, 1, 12.00, 'TBPD'),
(2155, '1994-06', 59, 1, 12.00, 'TBPD'),
(2156, '1994-05', 59, 1, 12.00, 'TBPD'),
(2157, '1994-04', 59, 1, 12.00, 'TBPD'),
(2158, '1994-03', 59, 1, 12.00, 'TBPD'),
(2159, '1994-02', 59, 1, 12.00, 'TBPD'),
(2160, '1994-01', 59, 1, 12.00, 'TBPD'),
(2161, '1993-12', 59, 1, 3.00, 'TBPD'),
(2162, '1993-11', 59, 1, 3.00, 'TBPD'),
(2163, '1993-10', 59, 1, 3.00, 'TBPD'),
(2164, '1993-09', 59, 1, 3.00, 'TBPD'),
(2165, '1993-08', 59, 1, 3.00, 'TBPD'),
(2166, '1993-07', 59, 1, 3.00, 'TBPD'),
(2167, '1993-06', 59, 1, 3.00, 'TBPD'),
(2168, '1993-05', 59, 1, 3.00, 'TBPD'),
(2169, '1993-04', 59, 1, 3.00, 'TBPD'),
(2170, '1993-03', 59, 1, 3.00, 'TBPD'),
(2171, '1993-02', 59, 1, 3.00, 'TBPD'),
(2172, '1993-01', 59, 1, 3.00, 'TBPD'),
(2173, '1999-12', 57, 1, 2812.00, 'MT'),
(2174, '1999-11', 57, 1, 2721.00, 'MT'),
(2175, '1999-10', 57, 1, 2812.00, 'MT'),
(2176, '1999-09', 57, 1, 2760.00, 'MT'),
(2177, '1999-08', 57, 1, 2852.00, 'MT'),
(2178, '1999-07', 57, 1, 2694.00, 'MT'),
(2179, '1999-06', 57, 1, 2760.00, 'MT'),
(2180, '1999-05', 57, 1, 2812.00, 'MT'),
(2181, '1999-04', 57, 1, 2721.00, 'MT'),
(2182, '1999-03', 57, 1, 2812.00, 'MT'),
(2183, '1999-02', 57, 1, 2539.00, 'MT'),
(2184, '1999-01', 57, 1, 2812.00, 'MT'),
(2185, '1998-12', 57, 1, 2872.00, 'MT'),
(2186, '1998-11', 57, 1, 2780.00, 'MT'),
(2187, '1998-10', 57, 1, 2872.00, 'MT'),
(2188, '1998-09', 57, 1, 2780.00, 'MT'),
(2189, '1998-08', 57, 1, 2913.00, 'MT'),
(2190, '1998-07', 57, 1, 2913.00, 'MT'),
(2191, '1998-06', 57, 1, 2894.00, 'MT'),
(2192, '1998-05', 57, 1, 2990.00, 'MT'),
(2193, '1998-04', 57, 1, 2854.00, 'MT'),
(2194, '1998-03', 57, 1, 2950.00, 'MT'),
(2195, '1998-02', 57, 1, 2631.00, 'MT'),
(2196, '1998-01', 57, 1, 2950.00, 'MT'),
(2197, '1997-12', 57, 1, 2893.00, 'MT'),
(2198, '1997-11', 57, 1, 2799.00, 'MT'),
(2199, '1997-10', 57, 1, 2893.00, 'MT'),
(2200, '1997-09', 57, 1, 2799.00, 'MT'),
(2201, '1997-08', 57, 1, 2816.00, 'MT'),
(2202, '1997-07', 57, 1, 2816.00, 'MT'),
(2203, '1997-06', 57, 1, 2725.00, 'MT'),
(2204, '1997-05', 57, 1, 2856.00, 'MT'),
(2205, '1997-04', 57, 1, 2764.00, 'MT'),
(2206, '1997-03', 57, 1, 2779.00, 'MT'),
(2207, '1997-02', 57, 1, 2510.00, 'MT'),
(2208, '1997-01', 57, 1, 2779.00, 'MT'),
(2209, '1996-12', 57, 1, 2840.00, 'MT'),
(2210, '1996-11', 57, 1, 2748.00, 'MT'),
(2211, '1996-10', 57, 1, 2840.00, 'MT'),
(2212, '1996-09', 57, 1, 2748.00, 'MT'),
(2213, '1996-08', 57, 1, 2840.00, 'MT'),
(2214, '1996-07', 57, 1, 2840.00, 'MT'),
(2215, '1996-06', 57, 1, 2748.00, 'MT'),
(2216, '1996-05', 57, 1, 2840.00, 'MT'),
(2217, '1996-04', 57, 1, 2748.00, 'MT'),
(2218, '1996-03', 57, 1, 2759.00, 'MT'),
(2219, '1996-02', 57, 1, 2581.00, 'MT'),
(2220, '1996-01', 57, 1, 2759.00, 'MT'),
(2221, '1995-12', 57, 1, 2799.00, 'MT'),
(2222, '1995-11', 57, 1, 2709.00, 'MT'),
(2223, '1995-10', 57, 1, 2799.00, 'MT'),
(2224, '1995-09', 57, 1, 2709.00, 'MT'),
(2225, '1995-08', 57, 1, 2799.00, 'MT'),
(2226, '1995-07', 57, 1, 2799.00, 'MT'),
(2227, '1995-06', 57, 1, 2670.00, 'MT'),
(2228, '1995-05', 57, 1, 2759.00, 'MT'),
(2229, '1995-04', 57, 1, 2670.00, 'MT'),
(2230, '1995-03', 57, 1, 2759.00, 'MT'),
(2231, '1995-02', 57, 1, 2492.00, 'MT'),
(2232, '1995-01', 57, 1, 2637.00, 'MT'),
(2233, '1994-12', 57, 1, 2637.00, 'MT'),
(2234, '1994-11', 57, 1, 2552.00, 'MT'),
(2235, '1994-10', 57, 1, 2637.00, 'MT'),
(2236, '1994-09', 57, 1, 2552.00, 'MT'),
(2237, '1994-08', 57, 1, 2637.00, 'MT'),
(2238, '1994-07', 57, 1, 2637.00, 'MT'),
(2239, '1994-06', 57, 1, 2513.00, 'MT'),
(2240, '1994-05', 57, 1, 2597.00, 'MT'),
(2241, '1994-04', 57, 1, 2474.00, 'MT'),
(2242, '1994-03', 57, 1, 2637.00, 'MT'),
(2243, '1994-02', 57, 1, 2382.00, 'MT'),
(2244, '1994-01', 57, 1, 2556.00, 'MT'),
(2245, '2022-12', 54, 2, 1.00, 'TBPD'),
(2246, '2022-11', 54, 2, 1.00, 'TBPD'),
(2247, '2022-10', 54, 2, 1.00, 'TBPD'),
(2248, '2022-09', 54, 2, 1.00, 'TBPD'),
(2249, '2022-08', 54, 2, 1.00, 'TBPD'),
(2250, '2022-07', 54, 2, 1.00, 'TBPD'),
(2251, '2022-06', 54, 2, 1.00, 'TBPD'),
(2252, '2022-05', 54, 2, 1.00, 'TBPD'),
(2253, '2022-04', 54, 2, 1.00, 'TBPD'),
(2254, '2022-03', 54, 2, 1.00, 'TBPD'),
(2255, '2022-02', 54, 2, 1.00, 'TBPD'),
(2256, '2022-01', 54, 2, 1.00, 'TBPD'),
(2257, '2020-12', 54, 2, 1.00, 'TBPD'),
(2258, '2020-11', 54, 2, 1.00, 'TBPD'),
(2259, '2020-10', 54, 2, 1.00, 'TBPD'),
(2260, '2020-09', 54, 2, 1.00, 'TBPD'),
(2261, '2020-08', 54, 2, 1.00, 'TBPD'),
(2262, '2020-07', 54, 2, 1.00, 'TBPD'),
(2263, '2020-06', 54, 2, 1.00, 'TBPD'),
(2264, '2020-05', 54, 2, 1.00, 'TBPD'),
(2265, '2020-04', 54, 2, 1.00, 'TBPD'),
(2266, '2020-03', 54, 2, 1.00, 'TBPD'),
(2267, '2020-02', 54, 2, 1.00, 'TBPD'),
(2268, '2020-01', 54, 2, 1.00, 'TBPD'),
(2269, '2019-12', 54, 2, 1.00, 'TBPD'),
(2270, '2019-11', 54, 2, 1.00, 'TBPD'),
(2271, '2019-10', 54, 2, 1.00, 'TBPD'),
(2272, '2019-09', 54, 2, 1.00, 'TBPD'),
(2273, '2019-08', 54, 2, 1.00, 'TBPD'),
(2274, '2019-07', 54, 2, 1.00, 'TBPD'),
(2275, '2019-06', 54, 2, 1.00, 'TBPD'),
(2276, '2019-05', 54, 2, 1.00, 'TBPD'),
(2277, '2019-04', 54, 2, 1.00, 'TBPD'),
(2278, '2019-03', 54, 2, 1.00, 'TBPD'),
(2279, '2019-02', 54, 2, 1.00, 'TBPD'),
(2280, '2019-01', 54, 2, 1.00, 'TBPD'),
(2281, '2018-12', 54, 2, 1.00, 'TBPD'),
(2282, '2018-11', 54, 2, 1.00, 'TBPD'),
(2283, '2018-10', 54, 2, 1.00, 'TBPD'),
(2284, '2018-09', 54, 2, 1.00, 'TBPD'),
(2285, '2018-08', 54, 2, 1.00, 'TBPD'),
(2286, '2018-07', 54, 2, 1.00, 'TBPD'),
(2287, '2018-06', 54, 2, 1.00, 'TBPD'),
(2288, '2018-05', 54, 2, 1.00, 'TBPD'),
(2289, '2018-04', 54, 2, 1.00, 'TBPD'),
(2290, '2018-03', 54, 2, 1.00, 'TBPD'),
(2291, '2018-02', 54, 2, 1.00, 'TBPD'),
(2292, '2018-01', 54, 2, 1.00, 'TBPD');

-- --------------------------------------------------------

--
-- Table structure for table `tb_product`
--

CREATE TABLE `tb_product` (
  `p_id` int(11) NOT NULL,
  `p_name` varchar(50) NOT NULL
) ENGINE=InnoDB DEFAULT CHARSET=utf8mb4 COLLATE=utf8mb4_general_ci;

--
-- Dumping data for table `tb_product`
--

INSERT INTO `tb_product` (`p_id`, `p_name`) VALUES
(5, 'Petroleum and other liquids'),
(7, 'Coal'),
(11, 'Anthracite'),
(12, 'Bituminous'),
(13, 'Liquefied petroleum gases and ethane'),
(14, 'Lignite'),
(21, 'Metallurgical coke'),
(53, 'Total petroleum and other liquids'),
(54, 'Refined petroleum products'),
(55, 'Crude oil, NGPL and other liquids'),
(56, 'Refinery processing gain'),
(57, 'Crude oil including lease condensate'),
(58, 'NGPL'),
(59, 'Other liquids'),
(62, 'Motor gasoline'),
(63, 'Jet Fuel'),
(64, 'Kerosene'),
(65, 'Distillate fuel oil'),
(66, 'Residuel fuel oil'),
(67, 'Liquefied Petroleum Gases'),
(68, 'Other petroleum liquids'),
(79, 'Biofuels'),
(80, 'Fuel ethanol'),
(81, 'Biomass-based diesel'),
(119, 'Subbituminous'),
(130, 'Metallurgical coal'),
(6798, 'Liquefied petroleum gases and ethane (nonrefinery)'),
(6799, 'Liquefied petroleum gases (nonrefinery)'),
(6899, 'LPG'),
(8399, 'Ethane (non refinery)'),
(8499, 'Ethane');

-- --------------------------------------------------------

--
-- Table structure for table `tb_unit`
--

CREATE TABLE `tb_unit` (
  `t_id` varchar(5) NOT NULL,
  `t_desc` varchar(50) NOT NULL
) ENGINE=InnoDB DEFAULT CHARSET=utf8mb4 COLLATE=utf8mb4_general_ci;

--
-- Dumping data for table `tb_unit`
--

INSERT INTO `tb_unit` (`t_id`, `t_desc`) VALUES
('MT', '1000 metric tons'),
('TBPD', 'thousand barrels per day');

-- --------------------------------------------------------

--
-- Table structure for table `tb_user`
--

CREATE TABLE `tb_user` (
  `u_ic` varchar(12) NOT NULL,
  `u_pwd` varchar(50) NOT NULL,
  `u_type` int(2) NOT NULL
) ENGINE=InnoDB DEFAULT CHARSET=utf8mb4 COLLATE=utf8mb4_general_ci;

--
-- Dumping data for table `tb_user`
--

INSERT INTO `tb_user` (`u_ic`, `u_pwd`, `u_type`) VALUES
('01071113096', '1', 1),
('701014075428', '1', 2);

-- --------------------------------------------------------

--
-- Table structure for table `tb_year`
--

CREATE TABLE `tb_year` (
  `y_id` int(11) NOT NULL,
  `y_period` int(11) NOT NULL,
  `y_product` int(11) NOT NULL,
  `y_activity` int(11) NOT NULL,
  `y_value` decimal(10,2) NOT NULL,
  `y_unit` varchar(5) NOT NULL
) ENGINE=InnoDB DEFAULT CHARSET=utf8mb4 COLLATE=utf8mb4_general_ci;

--
-- Dumping data for table `tb_year`
--

INSERT INTO `tb_year` (`y_id`, `y_period`, `y_product`, `y_activity`, `y_value`, `y_unit`) VALUES
(1, 2021, 67, 2, 2405.00, 'MT'),
(2, 2021, 62, 2, 12890.00, 'MT'),
(3, 2021, 7, 2, 32862.39, 'MT'),
(4, 2021, 130, 2, 2281.58, 'MT'),
(5, 2021, 11, 2, 144.30, 'MT'),
(6, 2021, 65, 2, 9051.00, 'MT'),
(7, 2021, 63, 2, 2676.00, 'MT'),
(8, 2021, 54, 2, 30030.18, 'MT'),
(9, 2021, 68, 2, 2007.18, 'MT'),
(10, 2021, 64, 2, 12.00, 'MT'),
(11, 2021, 21, 2, 1032.58, 'MT'),
(12, 2021, 66, 2, 989.00, 'MT'),
(13, 2021, 119, 2, 30241.99, 'MT'),
(14, 2021, 14, 2, 4.66, 'MT'),
(15, 2021, 12, 2, 189.87, 'MT'),
(16, 2021, 5, 2, 30030.18, 'MT'),
(17, 2020, 67, 2, 2405.00, 'MT'),
(18, 2020, 62, 2, 12890.00, 'MT'),
(19, 2020, 7, 2, 34076.93, 'MT'),
(20, 2020, 11, 2, 181.04, 'MT'),
(21, 2020, 130, 2, 3092.09, 'MT'),
(22, 2020, 65, 2, 9051.00, 'MT'),
(23, 2020, 63, 2, 2676.00, 'MT'),
(24, 2020, 54, 2, 29876.16, 'MT'),
(25, 2020, 68, 2, 1853.16, 'MT'),
(26, 2020, 64, 2, 12.00, 'MT'),
(27, 2020, 21, 2, 1190.80, 'MT'),
(28, 2020, 66, 2, 989.00, 'MT'),
(29, 2020, 14, 2, 9.99, 'MT'),
(30, 2020, 119, 2, 30654.61, 'MT'),
(31, 2020, 12, 2, 139.20, 'MT'),
(32, 2020, 5, 2, 29876.16, 'MT'),
(33, 2019, 14, 2, 0.24, 'MT'),
(34, 2019, 119, 2, 30863.12, 'MT'),
(35, 2019, 12, 2, 156.77, 'MT'),
(36, 2019, 5, 2, 31528.00, 'MT'),
(37, 2019, 67, 2, 2742.00, 'MT'),
(38, 2019, 62, 2, 12829.00, 'MT'),
(39, 2019, 7, 2, 33402.78, 'MT'),
(40, 2019, 79, 2, 822.50, 'MT'),
(41, 2019, 130, 2, 2131.08, 'MT'),
(42, 2019, 11, 2, 251.57, 'MT'),
(43, 2019, 65, 2, 9910.00, 'MT'),
(44, 2019, 63, 2, 3149.00, 'MT'),
(45, 2019, 54, 2, 31528.00, 'MT'),
(46, 2019, 68, 2, 2051.00, 'MT'),
(47, 2019, 81, 2, 822.50, 'MT'),
(48, 2019, 64, 2, 68.00, 'MT'),
(49, 2019, 21, 2, 1459.04, 'MT'),
(50, 2019, 66, 2, 779.00, 'MT'),
(51, 2018, 66, 2, 654.00, 'MT'),
(52, 2018, 14, 2, 0.17, 'MT'),
(53, 2018, 119, 2, 34484.61, 'MT'),
(54, 2018, 12, 2, 74.64, 'MT'),
(55, 2018, 5, 2, 30826.00, 'MT'),
(56, 2018, 67, 2, 3042.00, 'MT'),
(57, 2018, 62, 2, 12464.00, 'MT'),
(58, 2018, 7, 2, 35342.60, 'MT'),
(59, 2018, 79, 2, 577.50, 'MT'),
(60, 2018, 130, 2, 542.76, 'MT'),
(61, 2018, 11, 2, 240.42, 'MT'),
(62, 2018, 65, 2, 9948.00, 'MT'),
(63, 2018, 63, 2, 3061.00, 'MT'),
(64, 2018, 54, 2, 30826.00, 'MT'),
(65, 2018, 68, 2, 1646.00, 'MT'),
(66, 2018, 81, 2, 577.50, 'MT'),
(67, 2018, 64, 2, 11.00, 'MT'),
(68, 2018, 21, 2, 1407.88, 'MT'),
(69, 2017, 11, 2, 216.24, 'MT'),
(70, 2017, 65, 2, 9829.00, 'MT'),
(71, 2017, 63, 2, 3029.00, 'MT'),
(72, 2017, 54, 2, 31525.00, 'MT'),
(73, 2017, 68, 2, 1553.00, 'MT'),
(74, 2017, 81, 2, 568.75, 'MT'),
(75, 2017, 64, 2, 5.00, 'MT'),
(76, 2017, 21, 2, 912.53, 'MT'),
(77, 2017, 66, 2, 1335.00, 'MT'),
(78, 2017, 14, 2, 0.62, 'MT'),
(79, 2017, 119, 2, 32726.74, 'MT'),
(80, 2017, 12, 2, 4.27, 'MT'),
(81, 2017, 5, 2, 31525.00, 'MT'),
(82, 2017, 67, 2, 3231.00, 'MT'),
(83, 2017, 62, 2, 12543.00, 'MT'),
(84, 2017, 7, 2, 32947.87, 'MT'),
(85, 2017, 79, 2, 568.75, 'MT'),
(86, 2016, 54, 2, 31231.00, 'MT'),
(87, 2016, 68, 2, 1554.00, 'MT'),
(88, 2016, 81, 2, 556.50, 'MT'),
(89, 2016, 64, 2, 5.00, 'MT'),
(90, 2016, 21, 2, 491.25, 'MT'),
(91, 2016, 66, 2, 1000.00, 'MT'),
(92, 2016, 119, 2, 29789.90, 'MT'),
(93, 2016, 14, 2, 0.11, 'MT'),
(94, 2016, 12, 2, 15.48, 'MT'),
(95, 2016, 5, 2, 31231.00, 'MT'),
(96, 2016, 67, 2, 3215.00, 'MT'),
(97, 2016, 62, 2, 12773.00, 'MT'),
(98, 2016, 7, 2, 29957.96, 'MT'),
(99, 2016, 79, 2, 556.50, 'MT'),
(100, 2016, 11, 2, 152.47, 'MT'),
(101, 2016, 65, 2, 9766.00, 'MT'),
(102, 2016, 63, 2, 2918.00, 'MT'),
(103, 2015, 14, 2, 0.49, 'MT'),
(104, 2015, 12, 2, 10.71, 'MT'),
(105, 2015, 119, 2, 27461.90, 'MT'),
(106, 2015, 5, 2, 30994.00, 'MT'),
(107, 2015, 67, 2, 2078.00, 'MT'),
(108, 2015, 62, 2, 12195.00, 'MT'),
(109, 2015, 7, 2, 27609.97, 'MT'),
(110, 2015, 79, 2, 399.00, 'MT'),
(111, 2015, 11, 2, 136.88, 'MT'),
(112, 2015, 65, 2, 10008.00, 'MT'),
(113, 2015, 63, 2, 3030.00, 'MT'),
(114, 2015, 54, 2, 30994.00, 'MT'),
(115, 2015, 68, 2, 2509.00, 'MT'),
(116, 2015, 81, 2, 399.00, 'MT'),
(117, 2015, 64, 2, 4.00, 'MT'),
(118, 2015, 21, 2, 645.80, 'MT'),
(119, 2015, 66, 2, 1170.00, 'MT'),
(120, 2014, 65, 2, 11043.92, 'MT'),
(121, 2014, 63, 2, 2934.00, 'MT'),
(122, 2014, 54, 2, 32819.21, 'MT'),
(123, 2014, 68, 2, 3134.00, 'MT'),
(124, 2014, 81, 2, 451.50, 'MT'),
(125, 2014, 64, 2, 21.45, 'MT'),
(126, 2014, 21, 2, 123.50, 'MT'),
(127, 2014, 66, 2, 1174.84, 'MT'),
(128, 2014, 119, 2, 24148.94, 'MT'),
(129, 2014, 14, 2, 0.40, 'MT'),
(130, 2014, 12, 2, 2.85, 'MT'),
(131, 2014, 5, 2, 32819.21, 'MT'),
(132, 2014, 67, 2, 2419.00, 'MT'),
(133, 2014, 62, 2, 12092.00, 'MT'),
(134, 2014, 7, 2, 24359.97, 'MT'),
(135, 2014, 79, 2, 451.50, 'MT'),
(136, 2014, 11, 2, 207.78, 'MT'),
(137, 2013, 14, 2, 0.06, 'MT'),
(138, 2013, 12, 2, 9.17, 'MT'),
(139, 2013, 5, 2, 32355.88, 'MT'),
(140, 2013, 67, 2, 2690.90, 'MT'),
(141, 2013, 62, 2, 12088.00, 'MT'),
(142, 2013, 7, 2, 23899.10, 'MT'),
(143, 2013, 79, 2, 275.62, 'MT'),
(144, 2013, 11, 2, 235.38, 'MT'),
(145, 2013, 65, 2, 9990.09, 'MT'),
(146, 2013, 63, 2, 2919.00, 'MT'),
(147, 2013, 54, 2, 32355.88, 'MT'),
(148, 2013, 68, 2, 3077.34, 'MT'),
(149, 2013, 81, 2, 275.62, 'MT'),
(150, 2013, 64, 2, 173.51, 'MT'),
(151, 2013, 21, 2, 109.15, 'MT'),
(152, 2013, 66, 2, 1417.05, 'MT'),
(153, 2013, 119, 2, 23654.49, 'MT'),
(154, 2012, 66, 2, 1787.93, 'MT'),
(155, 2012, 14, 2, 0.02, 'MT'),
(156, 2012, 119, 2, 24975.54, 'MT'),
(157, 2012, 12, 2, 16.09, 'MT'),
(158, 2012, 5, 2, 29328.46, 'MT'),
(159, 2012, 67, 2, 2680.87, 'MT'),
(160, 2012, 62, 2, 8223.00, 'MT'),
(161, 2012, 7, 2, 25192.97, 'MT'),
(162, 2012, 79, 2, 210.00, 'MT'),
(163, 2012, 11, 2, 201.32, 'MT'),
(164, 2012, 65, 2, 9451.30, 'MT'),
(165, 2012, 63, 2, 2406.00, 'MT'),
(166, 2012, 54, 2, 29328.46, 'MT'),
(167, 2012, 68, 2, 4744.28, 'MT'),
(168, 2012, 81, 2, 210.00, 'MT'),
(169, 2012, 64, 2, 35.09, 'MT'),
(170, 2012, 21, 2, 202.71, 'MT'),
(171, 2011, 67, 2, 2648.63, 'MT'),
(172, 2011, 62, 2, 7411.00, 'MT'),
(173, 2011, 7, 2, 23431.97, 'MT'),
(174, 2011, 79, 2, 131.25, 'MT'),
(175, 2011, 11, 2, 222.91, 'MT'),
(176, 2011, 65, 2, 9715.58, 'MT'),
(177, 2011, 63, 2, 2364.00, 'MT'),
(178, 2011, 54, 2, 29814.29, 'MT'),
(179, 2011, 68, 2, 5603.63, 'MT'),
(180, 2011, 81, 2, 131.25, 'MT'),
(181, 2011, 64, 2, 16.57, 'MT'),
(182, 2011, 21, 2, 61.42, 'MT'),
(183, 2011, 66, 2, 2054.87, 'MT'),
(184, 2011, 14, 2, 0.06, 'MT'),
(185, 2011, 119, 2, 23195.18, 'MT'),
(186, 2011, 12, 2, 13.83, 'MT'),
(187, 2011, 5, 2, 29814.29, 'MT'),
(188, 2010, 7, 2, 23440.97, 'MT'),
(189, 2010, 79, 2, 28.87, 'MT'),
(190, 2010, 11, 2, 150.34, 'MT'),
(191, 2010, 65, 2, 8954.41, 'MT'),
(192, 2010, 63, 2, 2272.00, 'MT'),
(193, 2010, 54, 2, 26708.41, 'MT'),
(194, 2010, 68, 2, 4258.93, 'MT'),
(195, 2010, 81, 2, 28.87, 'MT'),
(196, 2010, 64, 2, 219.33, 'MT'),
(197, 2010, 21, 2, 78.69, 'MT'),
(198, 2010, 66, 2, 867.91, 'MT'),
(199, 2010, 119, 2, 23282.13, 'MT'),
(200, 2010, 12, 2, 8.50, 'MT'),
(201, 2010, 5, 2, 26708.41, 'MT'),
(202, 2010, 67, 2, 2347.85, 'MT'),
(203, 2010, 62, 2, 7788.00, 'MT'),
(204, 2009, 7, 2, 16585.98, 'MT'),
(205, 2009, 11, 2, 147.48, 'MT'),
(206, 2009, 65, 2, 8960.05, 'MT'),
(207, 2009, 63, 2, 2065.00, 'MT'),
(208, 2009, 54, 2, 28080.98, 'MT'),
(209, 2009, 68, 2, 4573.36, 'MT'),
(210, 2009, 64, 2, 138.42, 'MT'),
(211, 2009, 21, 2, 18.83, 'MT'),
(212, 2009, 66, 2, 1672.41, 'MT'),
(213, 2009, 14, 2, 0.03, 'MT'),
(214, 2009, 119, 2, 16432.69, 'MT'),
(215, 2009, 12, 2, 5.78, 'MT'),
(216, 2009, 5, 2, 28080.98, 'MT'),
(217, 2009, 67, 2, 2184.74, 'MT'),
(218, 2009, 62, 2, 8487.00, 'MT'),
(219, 2008, 67, 2, 1486.97, 'MT'),
(220, 2008, 62, 2, 8003.00, 'MT'),
(221, 2008, 7, 2, 15516.98, 'MT'),
(222, 2008, 79, 2, 47.86, 'MT'),
(223, 2008, 11, 2, 157.15, 'MT'),
(224, 2008, 65, 2, 9402.32, 'MT'),
(225, 2008, 63, 2, 2046.00, 'MT'),
(226, 2008, 54, 2, 26583.92, 'MT'),
(227, 2008, 68, 2, 2975.80, 'MT'),
(228, 2008, 81, 2, 47.86, 'MT'),
(229, 2008, 64, 2, 70.18, 'MT'),
(230, 2008, 21, 2, 15.76, 'MT'),
(231, 2008, 66, 2, 2599.64, 'MT'),
(232, 2008, 14, 2, 0.03, 'MT'),
(233, 2008, 119, 2, 15353.64, 'MT'),
(234, 2008, 12, 2, 6.16, 'MT'),
(235, 2008, 5, 2, 26583.92, 'MT'),
(236, 2007, 54, 2, 28067.40, 'MT'),
(237, 2007, 68, 2, 3752.29, 'MT'),
(238, 2007, 81, 2, 35.04, 'MT'),
(239, 2007, 21, 2, 23.27, 'MT'),
(240, 2007, 64, 2, 71.16, 'MT'),
(241, 2007, 66, 2, 2823.56, 'MT'),
(242, 2007, 14, 2, 0.03, 'MT'),
(243, 2007, 119, 2, 13881.48, 'MT'),
(244, 2007, 12, 2, 5.34, 'MT'),
(245, 2007, 5, 2, 28067.40, 'MT'),
(246, 2007, 67, 2, 1375.59, 'MT'),
(247, 2007, 62, 2, 8183.00, 'MT'),
(248, 2007, 7, 2, 14022.98, 'MT'),
(249, 2007, 79, 2, 35.04, 'MT'),
(250, 2007, 11, 2, 136.14, 'MT'),
(251, 2007, 65, 2, 9773.80, 'MT'),
(252, 2007, 63, 2, 2088.00, 'MT'),
(253, 2006, 62, 2, 7224.00, 'MT'),
(254, 2006, 7, 2, 11219.99, 'MT'),
(255, 2006, 79, 2, 7.11, 'MT'),
(256, 2006, 11, 2, 110.84, 'MT'),
(257, 2006, 65, 2, 8795.83, 'MT'),
(258, 2006, 63, 2, 2159.00, 'MT'),
(259, 2006, 54, 2, 23988.72, 'MT'),
(260, 2006, 68, 2, 2012.35, 'MT'),
(261, 2006, 81, 2, 7.11, 'MT'),
(262, 2006, 64, 2, 118.92, 'MT'),
(263, 2006, 21, 2, 21.68, 'MT'),
(264, 2006, 66, 2, 2324.88, 'MT'),
(265, 2006, 14, 2, 0.02, 'MT'),
(266, 2006, 12, 2, 4.35, 'MT'),
(267, 2006, 119, 2, 11104.78, 'MT'),
(268, 2006, 5, 2, 23988.72, 'MT'),
(269, 2006, 67, 2, 1353.73, 'MT'),
(270, 2005, 7, 2, 10920.99, 'MT'),
(271, 2005, 11, 2, 103.35, 'MT'),
(272, 2005, 65, 2, 8975.40, 'MT'),
(273, 2005, 63, 2, 1899.00, 'MT'),
(274, 2005, 54, 2, 23869.84, 'MT'),
(275, 2005, 68, 2, 1445.37, 'MT'),
(276, 2005, 64, 2, 43.87, 'MT'),
(277, 2005, 21, 2, 20.74, 'MT'),
(278, 2005, 66, 2, 2687.39, 'MT'),
(279, 2005, 14, 2, 0.02, 'MT'),
(280, 2005, 119, 2, 10813.57, 'MT'),
(281, 2005, 12, 2, 4.05, 'MT'),
(282, 2005, 5, 2, 23869.84, 'MT'),
(283, 2005, 67, 2, 1275.81, 'MT'),
(284, 2005, 62, 2, 7543.00, 'MT'),
(285, 2004, 64, 2, 150.12, 'MT'),
(286, 2004, 21, 2, 15.25, 'MT'),
(287, 2004, 66, 2, 2118.07, 'MT'),
(288, 2004, 14, 2, 0.02, 'MT'),
(289, 2004, 119, 2, 9572.82, 'MT'),
(290, 2004, 12, 2, 3.45, 'MT'),
(291, 2004, 5, 2, 24209.03, 'MT'),
(292, 2004, 67, 2, 1394.11, 'MT'),
(293, 2004, 62, 2, 7306.00, 'MT'),
(294, 2004, 7, 2, 9664.32, 'MT'),
(295, 2004, 11, 2, 88.03, 'MT'),
(296, 2004, 65, 2, 9576.61, 'MT'),
(297, 2004, 63, 2, 1994.00, 'MT'),
(298, 2004, 54, 2, 24209.03, 'MT'),
(299, 2004, 68, 2, 1670.13, 'MT'),
(300, 2003, 11, 2, 55.88, 'MT'),
(301, 2003, 65, 2, 8847.65, 'MT'),
(302, 2003, 63, 2, 1815.00, 'MT'),
(303, 2003, 54, 2, 22615.56, 'MT'),
(304, 2003, 68, 2, 1636.47, 'MT'),
(305, 2003, 64, 2, 84.81, 'MT'),
(306, 2003, 21, 2, 9.75, 'MT'),
(307, 2003, 66, 2, 1924.71, 'MT'),
(308, 2003, 14, 2, 0.01, 'MT'),
(309, 2003, 119, 2, 6405.88, 'MT'),
(310, 2003, 12, 2, 2.19, 'MT'),
(311, 2003, 5, 2, 22615.56, 'MT'),
(312, 2003, 67, 2, 1523.93, 'MT'),
(313, 2003, 62, 2, 6783.00, 'MT'),
(314, 2003, 7, 2, 6463.96, 'MT'),
(315, 2002, 65, 2, 8437.41, 'MT'),
(316, 2002, 63, 2, 1699.00, 'MT'),
(317, 2002, 54, 2, 23090.87, 'MT'),
(318, 2002, 68, 2, 1553.79, 'MT'),
(319, 2002, 21, 2, 10.07, 'MT'),
(320, 2002, 64, 2, 86.76, 'MT'),
(321, 2002, 66, 2, 3402.06, 'MT'),
(322, 2002, 14, 2, 0.01, 'MT'),
(323, 2002, 119, 2, 6134.74, 'MT'),
(324, 2002, 12, 2, 2.18, 'MT'),
(325, 2002, 5, 2, 23090.87, 'MT'),
(326, 2002, 67, 2, 1299.85, 'MT'),
(327, 2002, 62, 2, 6612.00, 'MT'),
(328, 2002, 7, 2, 6192.55, 'MT'),
(329, 2002, 11, 2, 55.62, 'MT'),
(330, 2001, 54, 2, 22796.15, 'MT'),
(331, 2001, 68, 2, 2047.11, 'MT'),
(332, 2001, 64, 2, 93.58, 'MT'),
(333, 2001, 66, 2, 2716.67, 'MT'),
(334, 2001, 119, 2, 4851.38, 'MT'),
(335, 2001, 12, 2, 1.69, 'MT'),
(336, 2001, 5, 2, 22796.15, 'MT'),
(337, 2001, 67, 2, 1111.11, 'MT'),
(338, 2001, 62, 2, 6498.00, 'MT'),
(339, 2001, 7, 2, 4896.14, 'MT'),
(340, 2001, 11, 2, 43.06, 'MT'),
(341, 2001, 65, 2, 8456.69, 'MT'),
(342, 2001, 63, 2, 1873.00, 'MT'),
(343, 2000, 67, 2, 1284.42, 'MT'),
(344, 2000, 62, 2, 6188.00, 'MT'),
(345, 2000, 7, 2, 3411.55, 'MT'),
(346, 2000, 11, 2, 31.40, 'MT'),
(347, 2000, 65, 2, 7689.31, 'MT'),
(348, 2000, 63, 2, 1793.00, 'MT'),
(349, 2000, 54, 2, 21578.59, 'MT'),
(350, 2000, 68, 2, 1620.21, 'MT'),
(351, 2000, 64, 2, 123.80, 'MT'),
(352, 2000, 66, 2, 2879.85, 'MT'),
(353, 2000, 119, 2, 3378.92, 'MT'),
(354, 2000, 12, 2, 1.23, 'MT'),
(355, 2000, 5, 2, 21578.59, 'MT'),
(356, 1999, 119, 2, 2395.00, 'MT'),
(357, 1999, 12, 2, 0.84, 'MT'),
(358, 1999, 5, 2, 20878.08, 'MT'),
(359, 1999, 67, 2, 1415.95, 'MT'),
(360, 1999, 62, 2, 5990.62, 'MT'),
(361, 1999, 7, 2, 2417.18, 'MT'),
(362, 1999, 11, 2, 21.34, 'MT'),
(363, 1999, 65, 2, 6654.16, 'MT'),
(364, 1999, 63, 2, 1472.89, 'MT'),
(365, 1999, 54, 2, 20878.08, 'MT'),
(366, 1999, 68, 2, 1050.00, 'MT'),
(367, 1999, 64, 2, 184.11, 'MT'),
(368, 1999, 66, 2, 4110.36, 'MT'),
(369, 1998, 54, 2, 21106.12, 'MT'),
(370, 1998, 68, 2, 2150.00, 'MT'),
(371, 1998, 64, 2, 4.60, 'MT'),
(372, 1998, 66, 2, 4877.63, 'MT'),
(373, 1998, 14, 2, 0.01, 'MT'),
(374, 1998, 12, 2, 0.87, 'MT'),
(375, 1998, 119, 2, 2465.87, 'MT'),
(376, 1998, 5, 2, 21106.12, 'MT'),
(377, 1998, 67, 2, 1227.16, 'MT'),
(378, 1998, 62, 2, 4878.08, 'MT'),
(379, 1998, 7, 2, 2489.00, 'MT'),
(380, 1998, 11, 2, 22.25, 'MT'),
(381, 1998, 65, 2, 6311.66, 'MT'),
(382, 1998, 63, 2, 1657.00, 'MT'),
(383, 1997, 66, 2, 4603.60, 'MT'),
(384, 1997, 14, 2, 0.01, 'MT'),
(385, 1997, 119, 2, 2549.99, 'MT'),
(386, 1997, 12, 2, 0.87, 'MT'),
(387, 1997, 5, 2, 21326.39, 'MT'),
(388, 1997, 67, 2, 2359.91, 'MT'),
(389, 1997, 62, 2, 4878.08, 'MT'),
(390, 1997, 7, 2, 2572.99, 'MT'),
(391, 1997, 11, 2, 22.13, 'MT'),
(392, 1997, 65, 2, 7045.58, 'MT'),
(393, 1997, 63, 2, 1426.86, 'MT'),
(394, 1997, 54, 2, 21326.39, 'MT'),
(395, 1997, 68, 2, 750.00, 'MT'),
(396, 1997, 64, 2, 262.36, 'MT'),
(397, 1996, 66, 2, 4066.67, 'MT'),
(398, 1996, 14, 2, 0.01, 'MT'),
(399, 1996, 119, 2, 2630.25, 'MT'),
(400, 1996, 12, 2, 1.12, 'MT'),
(401, 1996, 5, 2, 20883.65, 'MT'),
(402, 1996, 67, 2, 631.03, 'MT'),
(403, 1996, 62, 2, 4204.92, 'MT'),
(404, 1996, 7, 2, 2659.99, 'MT'),
(405, 1996, 11, 2, 28.62, 'MT'),
(406, 1996, 65, 2, 7212.06, 'MT'),
(407, 1996, 63, 2, 1015.38, 'MT'),
(408, 1996, 54, 2, 20883.65, 'MT'),
(409, 1996, 68, 2, 3559.73, 'MT'),
(410, 1996, 64, 2, 193.85, 'MT'),
(411, 1995, 64, 2, 193.32, 'MT'),
(412, 1995, 66, 2, 4000.75, 'MT'),
(413, 1995, 14, 2, 0.01, 'MT'),
(414, 1995, 12, 2, 0.80, 'MT'),
(415, 1995, 119, 2, 2625.88, 'MT'),
(416, 1995, 5, 2, 18980.36, 'MT'),
(417, 1995, 67, 2, 629.31, 'MT'),
(418, 1995, 62, 2, 4193.43, 'MT'),
(419, 1995, 7, 2, 2646.99, 'MT'),
(420, 1995, 11, 2, 20.31, 'MT'),
(421, 1995, 65, 2, 6800.94, 'MT'),
(422, 1995, 63, 2, 1012.61, 'MT'),
(423, 1995, 54, 2, 18980.36, 'MT'),
(424, 1995, 68, 2, 2150.00, 'MT'),
(425, 1994, 7, 2, 2415.99, 'MT'),
(426, 1994, 11, 2, 21.01, 'MT'),
(427, 1994, 65, 2, 6262.73, 'MT'),
(428, 1994, 63, 2, 1012.61, 'MT'),
(429, 1994, 54, 2, 18128.86, 'MT'),
(430, 1994, 68, 2, 3000.00, 'MT'),
(431, 1994, 64, 2, 225.54, 'MT'),
(432, 1994, 66, 2, 3507.51, 'MT'),
(433, 1994, 14, 2, 0.01, 'MT'),
(434, 1994, 119, 2, 2394.16, 'MT'),
(435, 1994, 12, 2, 0.82, 'MT'),
(436, 1994, 5, 2, 18128.86, 'MT'),
(437, 1994, 67, 2, 440.52, 'MT'),
(438, 1994, 62, 2, 3679.95, 'MT'),
(439, 1993, 7, 2, 2175.00, 'MT'),
(440, 1993, 11, 2, 18.00, 'MT'),
(441, 1993, 65, 2, 5284.18, 'MT'),
(442, 1993, 63, 2, 828.50, 'MT'),
(443, 1993, 54, 2, 16095.28, 'MT'),
(444, 1993, 68, 2, 2000.00, 'MT'),
(445, 1993, 64, 2, 345.21, 'MT'),
(446, 1993, 66, 2, 4055.56, 'MT'),
(447, 1993, 14, 2, 0.01, 'MT'),
(448, 1993, 119, 2, 2156.29, 'MT'),
(449, 1993, 12, 2, 0.71, 'MT'),
(450, 1993, 5, 2, 16095.28, 'MT'),
(451, 1993, 67, 2, 629.31, 'MT'),
(452, 1993, 62, 2, 2952.52, 'MT'),
(453, 1992, 66, 2, 3352.25, 'MT'),
(454, 1992, 14, 2, 0.01, 'MT'),
(455, 1992, 119, 2, 2578.14, 'MT'),
(456, 1992, 12, 2, 0.90, 'MT'),
(457, 1992, 5, 2, 14307.87, 'MT'),
(458, 1992, 67, 2, 694.14, 'MT'),
(459, 1992, 62, 2, 3175.15, 'MT'),
(460, 1992, 7, 2, 2601.99, 'MT'),
(461, 1992, 11, 2, 22.95, 'MT'),
(462, 1992, 65, 2, 5102.41, 'MT'),
(463, 1992, 63, 2, 692.31, 'MT'),
(464, 1992, 54, 2, 14307.87, 'MT'),
(465, 1992, 68, 2, 1153.15, 'MT'),
(466, 1992, 64, 2, 138.46, 'MT'),
(467, 1991, 7, 2, 2477.99, 'MT'),
(468, 1991, 11, 2, 21.74, 'MT'),
(469, 1991, 65, 2, 4794.91, 'MT'),
(470, 1991, 63, 2, 690.42, 'MT'),
(471, 1991, 54, 2, 13425.02, 'MT'),
(472, 1991, 68, 2, 650.00, 'MT'),
(473, 1991, 64, 2, 165.70, 'MT'),
(474, 1991, 66, 2, 3562.31, 'MT'),
(475, 1991, 14, 2, 0.01, 'MT'),
(476, 1991, 119, 2, 2455.40, 'MT'),
(477, 1991, 12, 2, 0.85, 'MT'),
(478, 1991, 5, 2, 13425.02, 'MT'),
(479, 1991, 67, 2, 566.38, 'MT'),
(480, 1991, 62, 2, 2995.31, 'MT'),
(481, 1990, 64, 2, 197.92, 'MT'),
(482, 1990, 66, 2, 3891.14, 'MT'),
(483, 1990, 14, 2, 0.01, 'MT'),
(484, 1990, 119, 2, 2078.92, 'MT'),
(485, 1990, 12, 2, 0.95, 'MT'),
(486, 1990, 5, 2, 12657.86, 'MT'),
(487, 1990, 67, 2, 503.45, 'MT'),
(488, 1990, 62, 2, 2781.36, 'MT'),
(489, 1990, 7, 2, 2103.99, 'MT'),
(490, 1990, 11, 2, 24.12, 'MT'),
(491, 1990, 65, 2, 4305.63, 'MT'),
(492, 1990, 63, 2, 598.36, 'MT'),
(493, 1990, 54, 2, 12657.86, 'MT'),
(494, 1990, 68, 2, 380.00, 'MT'),
(495, 1989, 66, 2, 2795.05, 'MT'),
(496, 1989, 14, 2, 0.01, 'MT'),
(497, 1989, 12, 2, 0.72, 'MT'),
(498, 1989, 119, 2, 1879.93, 'MT'),
(499, 1989, 5, 2, 10430.40, 'MT'),
(500, 1989, 67, 2, 377.59, 'MT'),
(501, 1989, 62, 2, 2481.83, 'MT'),
(502, 1989, 7, 2, 1898.99, 'MT'),
(503, 1989, 11, 2, 18.34, 'MT'),
(504, 1989, 65, 2, 3571.72, 'MT'),
(505, 1989, 63, 2, 506.31, 'MT'),
(506, 1989, 54, 2, 10430.40, 'MT'),
(507, 1989, 68, 2, 500.00, 'MT'),
(508, 1989, 64, 2, 197.92, 'MT'),
(509, 1988, 66, 2, 3132.43, 'MT'),
(510, 1988, 14, 2, 0.01, 'MT'),
(511, 1988, 12, 2, 0.22, 'MT'),
(512, 1988, 119, 2, 407.19, 'MT'),
(513, 1988, 5, 2, 9789.70, 'MT'),
(514, 1988, 67, 2, 252.41, 'MT'),
(515, 1988, 62, 2, 2102.46, 'MT'),
(516, 1988, 7, 2, 413.00, 'MT'),
(517, 1988, 11, 2, 5.58, 'MT'),
(518, 1988, 65, 2, 3090.88, 'MT'),
(519, 1988, 63, 2, 424.62, 'MT'),
(520, 1988, 54, 2, 9789.70, 'MT'),
(521, 1988, 68, 2, 551.51, 'MT'),
(522, 1988, 64, 2, 235.38, 'MT'),
(523, 1987, 67, 2, 276.90, 'MT'),
(524, 1987, 62, 2, 2139.51, 'MT'),
(525, 1987, 7, 2, 519.00, 'MT'),
(526, 1987, 11, 2, 5.01, 'MT'),
(527, 1987, 65, 2, 2935.66, 'MT'),
(528, 1987, 63, 2, 437.26, 'MT'),
(529, 1987, 54, 2, 9460.54, 'MT'),
(530, 1987, 68, 2, 600.00, 'MT'),
(531, 1987, 64, 2, 276.17, 'MT'),
(532, 1987, 66, 2, 2795.05, 'MT'),
(533, 1987, 14, 2, 0.01, 'MT'),
(534, 1987, 119, 2, 513.79, 'MT'),
(535, 1987, 12, 2, 0.20, 'MT'),
(536, 1987, 5, 2, 9460.54, 'MT'),
(537, 1986, 67, 2, 122.72, 'MT'),
(538, 1986, 62, 2, 1968.35, 'MT'),
(539, 1986, 7, 2, 425.00, 'MT'),
(540, 1986, 11, 2, 4.11, 'MT'),
(541, 1986, 65, 2, 3033.51, 'MT'),
(542, 1986, 63, 2, 409.65, 'MT'),
(543, 1986, 54, 2, 9329.25, 'MT'),
(544, 1986, 68, 2, 500.00, 'MT'),
(545, 1986, 64, 2, 280.77, 'MT'),
(546, 1986, 66, 2, 3014.26, 'MT'),
(547, 1986, 119, 2, 420.73, 'MT'),
(548, 1986, 12, 2, 0.16, 'MT'),
(549, 1986, 5, 2, 9329.25, 'MT'),
(550, 1985, 64, 2, 283.84, 'MT'),
(551, 1985, 66, 2, 3047.25, 'MT'),
(552, 1985, 119, 2, 411.93, 'MT'),
(553, 1985, 12, 2, 0.21, 'MT'),
(554, 1985, 5, 2, 9431.35, 'MT'),
(555, 1985, 67, 2, 124.06, 'MT'),
(556, 1985, 62, 2, 1989.89, 'MT'),
(557, 1985, 7, 2, 417.57, 'MT'),
(558, 1985, 11, 2, 5.43, 'MT'),
(559, 1985, 65, 2, 3066.71, 'MT'),
(560, 1985, 63, 2, 414.13, 'MT'),
(561, 1985, 54, 2, 9431.35, 'MT'),
(562, 1985, 68, 2, 505.47, 'MT'),
(563, 1984, 62, 2, 1995.34, 'MT'),
(564, 1984, 7, 2, 407.44, 'MT'),
(565, 1984, 11, 2, 4.15, 'MT'),
(566, 1984, 65, 2, 3075.11, 'MT'),
(567, 1984, 63, 2, 415.26, 'MT'),
(568, 1984, 54, 2, 9457.19, 'MT'),
(569, 1984, 68, 2, 506.86, 'MT'),
(570, 1984, 64, 2, 284.62, 'MT'),
(571, 1984, 66, 2, 3055.60, 'MT'),
(572, 1984, 119, 2, 403.13, 'MT'),
(573, 1984, 12, 2, 0.16, 'MT'),
(574, 1984, 5, 2, 9457.19, 'MT'),
(575, 1984, 67, 2, 124.40, 'MT'),
(576, 1983, 64, 2, 280.92, 'MT'),
(577, 1983, 66, 2, 3015.84, 'MT'),
(578, 1983, 119, 2, 366.54, 'MT'),
(579, 1983, 12, 2, 0.15, 'MT'),
(580, 1983, 5, 2, 9334.12, 'MT'),
(581, 1983, 67, 2, 122.78, 'MT'),
(582, 1983, 62, 2, 1969.37, 'MT'),
(583, 1983, 7, 2, 370.46, 'MT'),
(584, 1983, 11, 2, 3.77, 'MT'),
(585, 1983, 65, 2, 3035.09, 'MT'),
(586, 1983, 63, 2, 409.86, 'MT'),
(587, 1983, 54, 2, 9334.12, 'MT'),
(588, 1983, 68, 2, 500.26, 'MT'),
(589, 1982, 119, 2, 146.55, 'MT'),
(590, 1982, 12, 2, 0.05, 'MT'),
(591, 1982, 5, 2, 8750.73, 'MT'),
(592, 1982, 67, 2, 115.11, 'MT'),
(593, 1982, 62, 2, 1846.29, 'MT'),
(594, 1982, 7, 2, 148.00, 'MT'),
(595, 1982, 11, 2, 1.40, 'MT'),
(596, 1982, 65, 2, 2845.40, 'MT'),
(597, 1982, 63, 2, 384.24, 'MT'),
(598, 1982, 54, 2, 8750.73, 'MT'),
(599, 1982, 68, 2, 468.99, 'MT'),
(600, 1982, 64, 2, 263.36, 'MT'),
(601, 1982, 66, 2, 2827.35, 'MT'),
(602, 1981, 66, 2, 2591.73, 'MT'),
(603, 1981, 119, 2, 155.07, 'MT'),
(604, 1981, 12, 2, 0.07, 'MT'),
(605, 1981, 5, 2, 8021.51, 'MT'),
(606, 1981, 67, 2, 105.51, 'MT'),
(607, 1981, 62, 2, 1692.43, 'MT'),
(608, 1981, 7, 2, 157.00, 'MT'),
(609, 1981, 11, 2, 1.86, 'MT'),
(610, 1981, 65, 2, 2608.28, 'MT'),
(611, 1981, 63, 2, 352.22, 'MT'),
(612, 1981, 54, 2, 8021.51, 'MT'),
(613, 1981, 68, 2, 429.91, 'MT'),
(614, 1981, 64, 2, 241.41, 'MT'),
(615, 1980, 62, 2, 1645.64, 'MT'),
(616, 1980, 67, 2, 102.60, 'MT'),
(617, 1980, 5, 2, 7799.74, 'MT'),
(618, 1980, 12, 2, 0.03, 'MT'),
(619, 1980, 119, 2, 83.15, 'MT'),
(620, 1980, 66, 2, 2520.08, 'MT'),
(621, 1980, 64, 2, 234.74, 'MT'),
(622, 1980, 68, 2, 418.03, 'MT'),
(623, 1980, 54, 2, 7799.74, 'MT'),
(624, 1980, 63, 2, 342.49, 'MT'),
(625, 1980, 65, 2, 2536.17, 'MT'),
(626, 1980, 11, 2, 0.81, 'MT'),
(627, 1980, 7, 2, 84.00, 'MT'),
(628, 2022, 5, 2, 1.00, 'TBPD'),
(629, 2022, 67, 2, 1.00, 'TBPD'),
(630, 2022, 62, 2, 1.00, 'TBPD'),
(631, 2022, 65, 2, 1.00, 'TBPD'),
(632, 2022, 63, 2, 1.00, 'TBPD'),
(633, 2022, 54, 2, 1.00, 'TBPD'),
(634, 2022, 68, 2, 1.00, 'TBPD'),
(635, 2022, 64, 2, 1.00, 'TBPD'),
(636, 2022, 66, 2, 1.00, 'TBPD'),
(637, 2021, 67, 2, 76.43, 'TBPD'),
(638, 2021, 62, 2, 301.24, 'TBPD'),
(639, 2021, 79, 2, 14.86, 'TBPD'),
(640, 2021, 65, 2, 184.99, 'TBPD'),
(641, 2021, 63, 2, 58.14, 'TBPD'),
(642, 2021, 54, 2, 683.10, 'TBPD'),
(643, 2021, 68, 2, 43.99, 'TBPD'),
(644, 2021, 81, 2, 14.86, 'TBPD'),
(645, 2021, 64, 2, 0.26, 'TBPD'),
(646, 2021, 66, 2, 18.05, 'TBPD'),
(647, 2021, 5, 2, 683.10, 'TBPD'),
(648, 2020, 67, 2, 76.43, 'TBPD'),
(649, 2020, 62, 2, 301.24, 'TBPD'),
(650, 2020, 79, 2, 13.74, 'TBPD'),
(651, 2020, 65, 2, 184.99, 'TBPD'),
(652, 2020, 63, 2, 58.14, 'TBPD'),
(653, 2020, 54, 2, 679.72, 'TBPD'),
(654, 2020, 68, 2, 40.62, 'TBPD'),
(655, 2020, 81, 2, 13.74, 'TBPD'),
(656, 2020, 64, 2, 0.26, 'TBPD'),
(657, 2020, 66, 2, 18.05, 'TBPD'),
(658, 2020, 5, 2, 679.72, 'TBPD'),
(659, 2019, 5, 2, 718.56, 'TBPD'),
(660, 2019, 67, 2, 87.14, 'TBPD'),
(661, 2019, 62, 2, 299.81, 'TBPD'),
(662, 2019, 79, 2, 14.90, 'TBPD'),
(663, 2019, 65, 2, 202.54, 'TBPD'),
(664, 2019, 63, 2, 68.42, 'TBPD'),
(665, 2019, 54, 2, 718.56, 'TBPD'),
(666, 2019, 68, 2, 44.95, 'TBPD'),
(667, 2019, 81, 2, 14.90, 'TBPD'),
(668, 2019, 64, 2, 1.48, 'TBPD'),
(669, 2019, 66, 2, 14.21, 'TBPD'),
(670, 2018, 66, 2, 11.93, 'TBPD'),
(671, 2018, 5, 2, 705.28, 'TBPD'),
(672, 2018, 67, 2, 98.00, 'TBPD'),
(673, 2018, 62, 2, 291.28, 'TBPD'),
(674, 2018, 79, 2, 9.21, 'TBPD'),
(675, 2018, 65, 2, 203.32, 'TBPD'),
(676, 2018, 63, 2, 66.50, 'TBPD'),
(677, 2018, 54, 2, 705.28, 'TBPD'),
(678, 2018, 68, 2, 34.00, 'TBPD'),
(679, 2018, 81, 2, 9.21, 'TBPD'),
(680, 2018, 64, 2, 0.24, 'TBPD'),
(681, 2017, 79, 2, 11.20, 'TBPD'),
(682, 2017, 65, 2, 200.89, 'TBPD'),
(683, 2017, 63, 2, 65.81, 'TBPD'),
(684, 2017, 54, 2, 722.29, 'TBPD'),
(685, 2017, 68, 2, 34.00, 'TBPD'),
(686, 2017, 81, 2, 11.20, 'TBPD'),
(687, 2017, 64, 2, 0.11, 'TBPD'),
(688, 2017, 66, 2, 24.36, 'TBPD'),
(689, 2017, 5, 2, 722.29, 'TBPD'),
(690, 2017, 67, 2, 104.00, 'TBPD'),
(691, 2017, 62, 2, 293.13, 'TBPD'),
(692, 2016, 63, 2, 63.00, 'TBPD'),
(693, 2016, 54, 2, 717.32, 'TBPD'),
(694, 2016, 68, 2, 35.00, 'TBPD'),
(695, 2016, 81, 2, 10.96, 'TBPD'),
(696, 2016, 64, 2, 0.32, 'TBPD'),
(697, 2016, 66, 2, 18.00, 'TBPD'),
(698, 2016, 5, 2, 717.32, 'TBPD'),
(699, 2016, 67, 2, 103.00, 'TBPD'),
(700, 2016, 62, 2, 298.00, 'TBPD'),
(701, 2016, 79, 2, 10.96, 'TBPD'),
(702, 2016, 65, 2, 200.00, 'TBPD'),
(703, 2015, 5, 2, 700.08, 'TBPD'),
(704, 2015, 67, 2, 67.00, 'TBPD'),
(705, 2015, 62, 2, 286.00, 'TBPD'),
(706, 2015, 79, 2, 7.86, 'TBPD'),
(707, 2015, 65, 2, 205.00, 'TBPD'),
(708, 2015, 63, 2, 66.00, 'TBPD'),
(709, 2015, 54, 2, 700.08, 'TBPD'),
(710, 2015, 68, 2, 55.00, 'TBPD'),
(711, 2015, 81, 2, 7.86, 'TBPD'),
(712, 2015, 64, 2, 0.08, 'TBPD'),
(713, 2015, 66, 2, 21.00, 'TBPD'),
(714, 2014, 65, 2, 225.72, 'TBPD'),
(715, 2014, 63, 2, 63.74, 'TBPD'),
(716, 2014, 54, 2, 736.95, 'TBPD'),
(717, 2014, 68, 2, 65.00, 'TBPD'),
(718, 2014, 81, 2, 8.89, 'TBPD'),
(719, 2014, 64, 2, 0.47, 'TBPD'),
(720, 2014, 8499, 2, 1.00, 'TBPD'),
(721, 2014, 13, 2, 1.00, 'TBPD'),
(722, 2014, 66, 2, 21.44, 'TBPD'),
(723, 2014, 5, 2, 736.95, 'TBPD'),
(724, 2014, 67, 2, 78.00, 'TBPD'),
(725, 2014, 62, 2, 282.59, 'TBPD'),
(726, 2014, 6899, 2, 1.00, 'TBPD'),
(727, 2014, 79, 2, 8.89, 'TBPD'),
(728, 2013, 5, 2, 726.79, 'TBPD'),
(729, 2013, 67, 2, 85.52, 'TBPD'),
(730, 2013, 62, 2, 282.49, 'TBPD'),
(731, 2013, 6899, 2, 1.00, 'TBPD'),
(732, 2013, 79, 2, 5.43, 'TBPD'),
(733, 2013, 65, 2, 204.18, 'TBPD'),
(734, 2013, 63, 2, 63.42, 'TBPD'),
(735, 2013, 54, 2, 726.79, 'TBPD'),
(736, 2013, 68, 2, 61.55, 'TBPD'),
(737, 2013, 81, 2, 5.43, 'TBPD'),
(738, 2013, 64, 2, 3.77, 'TBPD'),
(739, 2013, 8499, 2, 1.00, 'TBPD'),
(740, 2013, 13, 2, 1.00, 'TBPD'),
(741, 2013, 66, 2, 25.86, 'TBPD'),
(742, 2012, 13, 2, 85.00, 'TBPD'),
(743, 2012, 66, 2, 32.53, 'TBPD'),
(744, 2012, 5, 2, 649.30, 'TBPD'),
(745, 2012, 67, 2, 84.97, 'TBPD'),
(746, 2012, 62, 2, 191.65, 'TBPD'),
(747, 2012, 6899, 2, 85.00, 'TBPD'),
(748, 2012, 79, 2, 4.14, 'TBPD'),
(749, 2012, 65, 2, 192.64, 'TBPD'),
(750, 2012, 63, 2, 52.13, 'TBPD'),
(751, 2012, 54, 2, 649.30, 'TBPD'),
(752, 2012, 68, 2, 94.63, 'TBPD'),
(753, 2012, 81, 2, 4.14, 'TBPD'),
(754, 2012, 64, 2, 0.76, 'TBPD'),
(755, 2011, 67, 2, 84.18, 'TBPD'),
(756, 2011, 62, 2, 173.19, 'TBPD'),
(757, 2011, 6899, 2, 84.00, 'TBPD'),
(758, 2011, 79, 2, 2.58, 'TBPD'),
(759, 2011, 65, 2, 198.57, 'TBPD'),
(760, 2011, 63, 2, 51.36, 'TBPD'),
(761, 2011, 54, 2, 657.23, 'TBPD'),
(762, 2011, 68, 2, 112.07, 'TBPD'),
(763, 2011, 81, 2, 2.58, 'TBPD'),
(764, 2011, 64, 2, 0.36, 'TBPD'),
(765, 2011, 13, 2, 84.00, 'TBPD'),
(766, 2011, 66, 2, 37.49, 'TBPD'),
(767, 2011, 5, 2, 657.23, 'TBPD'),
(768, 2010, 6899, 2, 86.00, 'TBPD'),
(769, 2010, 79, 2, 0.57, 'TBPD'),
(770, 2010, 65, 2, 183.01, 'TBPD'),
(771, 2010, 63, 2, 49.36, 'TBPD'),
(772, 2010, 54, 2, 594.78, 'TBPD'),
(773, 2010, 68, 2, 85.18, 'TBPD'),
(774, 2010, 81, 2, 0.57, 'TBPD'),
(775, 2010, 64, 2, 4.77, 'TBPD'),
(776, 2010, 13, 2, 86.00, 'TBPD'),
(777, 2010, 66, 2, 15.84, 'TBPD'),
(778, 2010, 5, 2, 594.78, 'TBPD'),
(779, 2010, 67, 2, 74.62, 'TBPD'),
(780, 2010, 62, 2, 182.00, 'TBPD'),
(781, 2009, 62, 2, 198.34, 'TBPD'),
(782, 2009, 6899, 2, 64.00, 'TBPD'),
(783, 2009, 65, 2, 183.13, 'TBPD'),
(784, 2009, 63, 2, 44.86, 'TBPD'),
(785, 2009, 54, 2, 620.76, 'TBPD'),
(786, 2009, 68, 2, 91.47, 'TBPD'),
(787, 2009, 64, 2, 3.01, 'TBPD'),
(788, 2009, 13, 2, 64.00, 'TBPD'),
(789, 2009, 66, 2, 30.52, 'TBPD'),
(790, 2009, 5, 2, 620.76, 'TBPD'),
(791, 2009, 67, 2, 69.43, 'TBPD'),
(792, 2008, 67, 2, 47.13, 'TBPD'),
(793, 2008, 62, 2, 186.52, 'TBPD'),
(794, 2008, 6899, 2, 38.00, 'TBPD'),
(795, 2008, 79, 2, 0.94, 'TBPD'),
(796, 2008, 65, 2, 191.64, 'TBPD'),
(797, 2008, 63, 2, 44.33, 'TBPD'),
(798, 2008, 54, 2, 577.80, 'TBPD'),
(799, 2008, 68, 2, 59.35, 'TBPD'),
(800, 2008, 81, 2, 0.94, 'TBPD'),
(801, 2008, 64, 2, 1.52, 'TBPD'),
(802, 2008, 13, 2, 38.00, 'TBPD'),
(803, 2008, 66, 2, 47.30, 'TBPD'),
(804, 2008, 5, 2, 577.80, 'TBPD'),
(805, 2007, 63, 2, 45.36, 'TBPD'),
(806, 2007, 54, 2, 608.19, 'TBPD'),
(807, 2007, 68, 2, 75.05, 'TBPD'),
(808, 2007, 81, 2, 0.69, 'TBPD'),
(809, 2007, 64, 2, 1.55, 'TBPD'),
(810, 2007, 13, 2, 45.00, 'TBPD'),
(811, 2007, 66, 2, 51.52, 'TBPD'),
(812, 2007, 5, 2, 608.19, 'TBPD'),
(813, 2007, 67, 2, 43.72, 'TBPD'),
(814, 2007, 62, 2, 191.24, 'TBPD'),
(815, 2007, 6899, 2, 45.00, 'TBPD'),
(816, 2007, 79, 2, 0.69, 'TBPD'),
(817, 2007, 65, 2, 199.76, 'TBPD'),
(818, 2006, 62, 2, 168.82, 'TBPD'),
(819, 2006, 6899, 2, 57.00, 'TBPD'),
(820, 2006, 79, 2, 0.14, 'TBPD'),
(821, 2006, 65, 2, 179.77, 'TBPD'),
(822, 2006, 63, 2, 46.91, 'TBPD'),
(823, 2006, 54, 2, 523.78, 'TBPD'),
(824, 2006, 68, 2, 40.25, 'TBPD'),
(825, 2006, 81, 2, 0.14, 'TBPD'),
(826, 2006, 64, 2, 2.58, 'TBPD'),
(827, 2006, 13, 2, 57.00, 'TBPD'),
(828, 2006, 66, 2, 42.42, 'TBPD'),
(829, 2006, 5, 2, 523.78, 'TBPD'),
(830, 2006, 67, 2, 43.02, 'TBPD'),
(831, 2005, 6899, 2, 49.00, 'TBPD'),
(832, 2005, 65, 2, 183.44, 'TBPD'),
(833, 2005, 63, 2, 41.26, 'TBPD'),
(834, 2005, 54, 2, 520.42, 'TBPD'),
(835, 2005, 68, 2, 28.91, 'TBPD'),
(836, 2005, 64, 2, 0.95, 'TBPD'),
(837, 2005, 13, 2, 49.00, 'TBPD'),
(838, 2005, 66, 2, 49.04, 'TBPD'),
(839, 2005, 5, 2, 520.42, 'TBPD'),
(840, 2005, 67, 2, 40.55, 'TBPD'),
(841, 2005, 62, 2, 176.28, 'TBPD'),
(842, 2004, 64, 2, 3.25, 'TBPD'),
(843, 2004, 13, 2, 45.00, 'TBPD'),
(844, 2004, 66, 2, 38.54, 'TBPD'),
(845, 2004, 5, 2, 527.96, 'TBPD'),
(846, 2004, 67, 2, 44.18, 'TBPD'),
(847, 2004, 62, 2, 170.27, 'TBPD'),
(848, 2004, 6899, 2, 45.00, 'TBPD'),
(849, 2004, 65, 2, 195.20, 'TBPD'),
(850, 2004, 63, 2, 43.20, 'TBPD'),
(851, 2004, 54, 2, 527.96, 'TBPD'),
(852, 2004, 68, 2, 33.31, 'TBPD'),
(853, 2003, 65, 2, 180.83, 'TBPD'),
(854, 2003, 63, 2, 39.43, 'TBPD'),
(855, 2003, 54, 2, 496.90, 'TBPD'),
(856, 2003, 68, 2, 32.73, 'TBPD'),
(857, 2003, 64, 2, 1.84, 'TBPD'),
(858, 2003, 13, 2, 43.00, 'TBPD'),
(859, 2003, 66, 2, 35.12, 'TBPD'),
(860, 2003, 5, 2, 496.90, 'TBPD'),
(861, 2003, 67, 2, 48.43, 'TBPD'),
(862, 2003, 62, 2, 158.52, 'TBPD'),
(863, 2003, 6899, 2, 43.00, 'TBPD'),
(864, 2002, 65, 2, 172.45, 'TBPD'),
(865, 2002, 63, 2, 36.91, 'TBPD'),
(866, 2002, 54, 2, 500.23, 'TBPD'),
(867, 2002, 68, 2, 31.08, 'TBPD'),
(868, 2002, 64, 2, 1.88, 'TBPD'),
(869, 2002, 13, 2, 46.00, 'TBPD'),
(870, 2002, 66, 2, 62.08, 'TBPD'),
(871, 2002, 5, 2, 500.23, 'TBPD'),
(872, 2002, 67, 2, 41.31, 'TBPD'),
(873, 2002, 62, 2, 154.52, 'TBPD'),
(874, 2002, 6899, 2, 46.00, 'TBPD'),
(875, 2001, 54, 2, 493.25, 'TBPD'),
(876, 2001, 68, 2, 40.94, 'TBPD'),
(877, 2001, 64, 2, 2.03, 'TBPD'),
(878, 2001, 13, 2, 38.00, 'TBPD'),
(879, 2001, 66, 2, 49.57, 'TBPD'),
(880, 2001, 5, 2, 493.25, 'TBPD'),
(881, 2001, 67, 2, 35.31, 'TBPD'),
(882, 2001, 62, 2, 151.86, 'TBPD'),
(883, 2001, 6899, 2, 38.00, 'TBPD'),
(884, 2001, 65, 2, 172.84, 'TBPD'),
(885, 2001, 63, 2, 40.69, 'TBPD'),
(886, 2000, 67, 2, 40.71, 'TBPD'),
(887, 2000, 62, 2, 144.22, 'TBPD'),
(888, 2000, 6899, 2, 40.00, 'TBPD'),
(889, 2000, 65, 2, 156.73, 'TBPD'),
(890, 2000, 63, 2, 38.85, 'TBPD'),
(891, 2000, 54, 2, 467.90, 'TBPD'),
(892, 2000, 68, 2, 32.32, 'TBPD'),
(893, 2000, 64, 2, 2.68, 'TBPD'),
(894, 2000, 13, 2, 40.00, 'TBPD'),
(895, 2000, 66, 2, 52.40, 'TBPD'),
(896, 2000, 5, 2, 467.90, 'TBPD'),
(897, 1999, 5, 2, 453.00, 'TBPD'),
(898, 1999, 67, 2, 45.00, 'TBPD'),
(899, 1999, 62, 2, 140.00, 'TBPD'),
(900, 1999, 6899, 2, 45.00, 'TBPD'),
(901, 1999, 65, 2, 136.00, 'TBPD'),
(902, 1999, 63, 2, 32.00, 'TBPD'),
(903, 1999, 54, 2, 453.00, 'TBPD'),
(904, 1999, 68, 2, 21.00, 'TBPD'),
(905, 1999, 64, 2, 4.00, 'TBPD'),
(906, 1999, 13, 2, 45.00, 'TBPD'),
(907, 1999, 66, 2, 75.00, 'TBPD'),
(908, 1998, 63, 2, 36.00, 'TBPD'),
(909, 1998, 54, 2, 450.10, 'TBPD'),
(910, 1998, 68, 2, 43.00, 'TBPD'),
(911, 1998, 64, 2, 0.10, 'TBPD'),
(912, 1998, 13, 2, 39.00, 'TBPD'),
(913, 1998, 66, 2, 89.00, 'TBPD'),
(914, 1998, 5, 2, 450.10, 'TBPD'),
(915, 1998, 67, 2, 39.00, 'TBPD'),
(916, 1998, 62, 2, 114.00, 'TBPD'),
(917, 1998, 6899, 2, 39.00, 'TBPD'),
(918, 1998, 65, 2, 129.00, 'TBPD'),
(919, 1997, 66, 2, 84.00, 'TBPD'),
(920, 1997, 5, 2, 468.70, 'TBPD'),
(921, 1997, 67, 2, 75.00, 'TBPD'),
(922, 1997, 62, 2, 114.00, 'TBPD'),
(923, 1997, 6899, 2, 75.00, 'TBPD'),
(924, 1997, 65, 2, 144.00, 'TBPD'),
(925, 1997, 63, 2, 31.00, 'TBPD'),
(926, 1997, 54, 2, 468.70, 'TBPD'),
(927, 1997, 68, 2, 15.00, 'TBPD'),
(928, 1997, 64, 2, 5.70, 'TBPD'),
(929, 1997, 13, 2, 75.00, 'TBPD'),
(930, 1996, 66, 2, 74.00, 'TBPD'),
(931, 1996, 5, 2, 436.20, 'TBPD'),
(932, 1996, 67, 2, 20.00, 'TBPD'),
(933, 1996, 62, 2, 98.00, 'TBPD'),
(934, 1996, 6899, 2, 20.00, 'TBPD'),
(935, 1996, 65, 2, 147.00, 'TBPD'),
(936, 1996, 63, 2, 22.00, 'TBPD'),
(937, 1996, 54, 2, 436.20, 'TBPD'),
(938, 1996, 68, 2, 71.00, 'TBPD'),
(939, 1996, 64, 2, 4.20, 'TBPD'),
(940, 1996, 13, 2, 20.00, 'TBPD'),
(941, 1995, 64, 2, 4.20, 'TBPD'),
(942, 1995, 13, 2, 20.00, 'TBPD'),
(943, 1995, 66, 2, 73.00, 'TBPD'),
(944, 1995, 5, 2, 399.20, 'TBPD'),
(945, 1995, 67, 2, 20.00, 'TBPD'),
(946, 1995, 62, 2, 98.00, 'TBPD'),
(947, 1995, 6899, 2, 20.00, 'TBPD'),
(948, 1995, 65, 2, 139.00, 'TBPD'),
(949, 1995, 63, 2, 22.00, 'TBPD'),
(950, 1995, 54, 2, 399.20, 'TBPD'),
(951, 1995, 68, 2, 43.00, 'TBPD'),
(952, 1994, 6899, 2, 14.00, 'TBPD'),
(953, 1994, 65, 2, 128.00, 'TBPD'),
(954, 1994, 63, 2, 22.00, 'TBPD'),
(955, 1994, 54, 2, 378.90, 'TBPD'),
(956, 1994, 68, 2, 60.00, 'TBPD'),
(957, 1994, 64, 2, 4.90, 'TBPD'),
(958, 1994, 13, 2, 14.00, 'TBPD'),
(959, 1994, 66, 2, 64.00, 'TBPD'),
(960, 1994, 5, 2, 378.90, 'TBPD'),
(961, 1994, 67, 2, 14.00, 'TBPD'),
(962, 1994, 62, 2, 86.00, 'TBPD'),
(963, 1993, 62, 2, 69.00, 'TBPD'),
(964, 1993, 6899, 2, 20.00, 'TBPD'),
(965, 1993, 65, 2, 108.00, 'TBPD'),
(966, 1993, 63, 2, 18.00, 'TBPD'),
(967, 1993, 54, 2, 336.50, 'TBPD'),
(968, 1993, 68, 2, 40.00, 'TBPD'),
(969, 1993, 64, 2, 7.50, 'TBPD'),
(970, 1993, 13, 2, 20.00, 'TBPD'),
(971, 1993, 66, 2, 74.00, 'TBPD'),
(972, 1993, 5, 2, 336.50, 'TBPD'),
(973, 1993, 67, 2, 20.00, 'TBPD'),
(974, 1992, 66, 2, 61.00, 'TBPD'),
(975, 1992, 5, 2, 302.00, 'TBPD'),
(976, 1992, 67, 2, 22.00, 'TBPD'),
(977, 1992, 62, 2, 74.00, 'TBPD'),
(978, 1992, 6899, 2, 22.00, 'TBPD'),
(979, 1992, 65, 2, 104.00, 'TBPD'),
(980, 1992, 63, 2, 15.00, 'TBPD'),
(981, 1992, 54, 2, 302.00, 'TBPD'),
(982, 1992, 68, 2, 23.00, 'TBPD'),
(983, 1992, 64, 2, 3.00, 'TBPD'),
(984, 1992, 13, 2, 22.00, 'TBPD'),
(985, 1991, 6899, 2, 18.00, 'TBPD'),
(986, 1991, 65, 2, 98.00, 'TBPD'),
(987, 1991, 63, 2, 15.00, 'TBPD'),
(988, 1991, 54, 2, 282.60, 'TBPD'),
(989, 1991, 68, 2, 13.00, 'TBPD'),
(990, 1991, 64, 2, 3.60, 'TBPD'),
(991, 1991, 13, 2, 18.00, 'TBPD'),
(992, 1991, 66, 2, 65.00, 'TBPD'),
(993, 1991, 5, 2, 282.60, 'TBPD'),
(994, 1991, 67, 2, 18.00, 'TBPD'),
(995, 1991, 62, 2, 70.00, 'TBPD'),
(996, 1990, 64, 2, 4.30, 'TBPD'),
(997, 1990, 13, 2, 16.00, 'TBPD'),
(998, 1990, 66, 2, 71.00, 'TBPD'),
(999, 1990, 5, 2, 264.90, 'TBPD'),
(1000, 1990, 67, 2, 16.00, 'TBPD'),
(1001, 1990, 62, 2, 65.00, 'TBPD'),
(1002, 1990, 6899, 2, 16.00, 'TBPD'),
(1003, 1990, 65, 2, 88.00, 'TBPD'),
(1004, 1990, 63, 2, 13.00, 'TBPD'),
(1005, 1990, 54, 2, 264.90, 'TBPD'),
(1006, 1990, 68, 2, 7.60, 'TBPD'),
(1007, 1989, 13, 2, 12.00, 'TBPD'),
(1008, 1989, 66, 2, 51.00, 'TBPD'),
(1009, 1989, 5, 2, 219.30, 'TBPD'),
(1010, 1989, 67, 2, 12.00, 'TBPD'),
(1011, 1989, 62, 2, 58.00, 'TBPD'),
(1012, 1989, 6899, 2, 12.00, 'TBPD'),
(1013, 1989, 65, 2, 73.00, 'TBPD'),
(1014, 1989, 63, 2, 11.00, 'TBPD'),
(1015, 1989, 54, 2, 219.30, 'TBPD'),
(1016, 1989, 68, 2, 10.00, 'TBPD'),
(1017, 1989, 64, 2, 4.30, 'TBPD'),
(1018, 1988, 66, 2, 57.00, 'TBPD'),
(1019, 1988, 5, 2, 202.30, 'TBPD'),
(1020, 1988, 67, 2, 8.00, 'TBPD'),
(1021, 1988, 62, 2, 49.00, 'TBPD'),
(1022, 1988, 6899, 2, 8.00, 'TBPD'),
(1023, 1988, 65, 2, 63.00, 'TBPD'),
(1024, 1988, 63, 2, 9.20, 'TBPD'),
(1025, 1988, 54, 2, 202.30, 'TBPD'),
(1026, 1988, 68, 2, 11.00, 'TBPD'),
(1027, 1988, 64, 2, 5.10, 'TBPD'),
(1028, 1988, 13, 2, 8.00, 'TBPD'),
(1029, 1987, 67, 2, 8.80, 'TBPD'),
(1030, 1987, 62, 2, 50.00, 'TBPD'),
(1031, 1987, 6899, 2, 8.80, 'TBPD'),
(1032, 1987, 65, 2, 60.00, 'TBPD'),
(1033, 1987, 63, 2, 9.50, 'TBPD'),
(1034, 1987, 54, 2, 197.30, 'TBPD'),
(1035, 1987, 68, 2, 12.00, 'TBPD'),
(1036, 1987, 64, 2, 6.00, 'TBPD'),
(1037, 1987, 13, 2, 8.80, 'TBPD'),
(1038, 1987, 66, 2, 51.00, 'TBPD'),
(1039, 1987, 5, 2, 197.30, 'TBPD'),
(1040, 1986, 67, 2, 3.90, 'TBPD'),
(1041, 1986, 62, 2, 46.00, 'TBPD'),
(1042, 1986, 6899, 2, 3.90, 'TBPD'),
(1043, 1986, 65, 2, 62.00, 'TBPD'),
(1044, 1986, 63, 2, 8.90, 'TBPD'),
(1045, 1986, 54, 2, 191.90, 'TBPD'),
(1046, 1986, 68, 2, 10.00, 'TBPD'),
(1047, 1986, 64, 2, 6.10, 'TBPD'),
(1048, 1986, 13, 2, 3.90, 'TBPD'),
(1049, 1986, 66, 2, 55.00, 'TBPD'),
(1050, 1986, 5, 2, 191.90, 'TBPD'),
(1051, 1985, 64, 2, 6.17, 'TBPD'),
(1052, 1985, 8499, 2, 1.00, 'TBPD'),
(1053, 1985, 13, 2, 1.00, 'TBPD'),
(1054, 1985, 66, 2, 55.60, 'TBPD'),
(1055, 1985, 5, 2, 194.00, 'TBPD'),
(1056, 1985, 67, 2, 3.94, 'TBPD'),
(1057, 1985, 62, 2, 46.50, 'TBPD'),
(1058, 1985, 6899, 2, 6.10, 'TBPD'),
(1059, 1985, 65, 2, 62.68, 'TBPD'),
(1060, 1985, 63, 2, 9.00, 'TBPD'),
(1061, 1985, 54, 2, 194.00, 'TBPD'),
(1062, 1985, 68, 2, 10.11, 'TBPD'),
(1063, 1984, 62, 2, 46.50, 'TBPD'),
(1064, 1984, 6899, 2, 5.00, 'TBPD'),
(1065, 1984, 65, 2, 62.68, 'TBPD'),
(1066, 1984, 63, 2, 9.00, 'TBPD'),
(1067, 1984, 54, 2, 194.00, 'TBPD'),
(1068, 1984, 68, 2, 10.11, 'TBPD'),
(1069, 1984, 64, 2, 6.17, 'TBPD'),
(1070, 1984, 8499, 2, 1.00, 'TBPD'),
(1071, 1984, 13, 2, 1.00, 'TBPD'),
(1072, 1984, 66, 2, 55.60, 'TBPD'),
(1073, 1984, 5, 2, 194.00, 'TBPD'),
(1074, 1984, 67, 2, 3.94, 'TBPD'),
(1075, 1983, 64, 2, 6.10, 'TBPD'),
(1076, 1983, 8499, 2, 1.00, 'TBPD'),
(1077, 1983, 13, 2, 1.00, 'TBPD'),
(1078, 1983, 66, 2, 55.03, 'TBPD'),
(1079, 1983, 5, 2, 192.00, 'TBPD'),
(1080, 1983, 67, 2, 3.90, 'TBPD'),
(1081, 1983, 62, 2, 46.02, 'TBPD'),
(1082, 1983, 6899, 2, 4.60, 'TBPD'),
(1083, 1983, 65, 2, 62.03, 'TBPD'),
(1084, 1983, 63, 2, 8.90, 'TBPD'),
(1085, 1983, 54, 2, 192.00, 'TBPD'),
(1086, 1983, 68, 2, 10.01, 'TBPD'),
(1087, 1982, 5, 2, 180.00, 'TBPD'),
(1088, 1982, 67, 2, 3.66, 'TBPD'),
(1089, 1982, 62, 2, 43.15, 'TBPD'),
(1090, 1982, 6899, 2, 3.60, 'TBPD'),
(1091, 1982, 65, 2, 58.16, 'TBPD'),
(1092, 1982, 63, 2, 8.35, 'TBPD'),
(1093, 1982, 54, 2, 180.00, 'TBPD'),
(1094, 1982, 68, 2, 9.38, 'TBPD'),
(1095, 1982, 64, 2, 5.72, 'TBPD'),
(1096, 1982, 13, 2, 1.00, 'TBPD'),
(1097, 1982, 8499, 2, 1.00, 'TBPD'),
(1098, 1982, 66, 2, 51.59, 'TBPD'),
(1099, 1981, 66, 2, 47.29, 'TBPD'),
(1100, 1981, 5, 2, 165.00, 'TBPD'),
(1101, 1981, 67, 2, 3.35, 'TBPD'),
(1102, 1981, 62, 2, 39.55, 'TBPD'),
(1103, 1981, 6899, 2, 3.30, 'TBPD'),
(1104, 1981, 65, 2, 53.31, 'TBPD'),
(1105, 1981, 63, 2, 7.65, 'TBPD'),
(1106, 1981, 54, 2, 165.00, 'TBPD'),
(1107, 1981, 68, 2, 8.60, 'TBPD'),
(1108, 1981, 64, 2, 5.24, 'TBPD'),
(1109, 1981, 13, 2, 1.00, 'TBPD'),
(1110, 1981, 8499, 2, 1.00, 'TBPD'),
(1111, 1980, 62, 2, 38.35, 'TBPD'),
(1112, 1980, 67, 2, 3.25, 'TBPD'),
(1113, 1980, 5, 2, 160.00, 'TBPD'),
(1114, 1980, 66, 2, 45.86, 'TBPD'),
(1115, 1980, 13, 2, 1.00, 'TBPD'),
(1116, 1980, 8499, 2, 1.00, 'TBPD'),
(1117, 1980, 64, 2, 5.09, 'TBPD'),
(1118, 1980, 68, 2, 8.34, 'TBPD'),
(1119, 1980, 54, 2, 160.00, 'TBPD'),
(1120, 1980, 63, 2, 7.42, 'TBPD'),
(1121, 1980, 65, 2, 51.69, 'TBPD'),
(1122, 1980, 6899, 2, 3.25, 'TBPD'),
(1123, 2021, 119, 1, 3119.11, 'MT'),
(1124, 2021, 7, 1, 3119.11, 'MT'),
(1125, 2020, 119, 1, 3263.83, 'MT'),
(1126, 2020, 7, 1, 3263.83, 'MT'),
(1127, 2019, 119, 1, 3459.18, 'MT'),
(1128, 2019, 7, 1, 3459.18, 'MT'),
(1129, 2019, 79, 1, 1478.74, 'MT'),
(1130, 2019, 81, 1, 1478.74, 'MT'),
(1131, 2018, 81, 1, 1089.37, 'MT'),
(1132, 2018, 119, 1, 2652.85, 'MT'),
(1133, 2018, 7, 1, 2652.85, 'MT'),
(1134, 2018, 79, 1, 1089.37, 'MT'),
(1135, 2017, 7, 1, 2989.00, 'MT'),
(1136, 2017, 79, 1, 802.37, 'MT'),
(1137, 2017, 81, 1, 802.37, 'MT'),
(1138, 2017, 119, 1, 2988.96, 'MT'),
(1139, 2017, 12, 1, 0.03, 'MT'),
(1140, 2016, 7, 1, 2259.00, 'MT'),
(1141, 2016, 79, 1, 638.75, 'MT'),
(1142, 2016, 81, 1, 638.75, 'MT'),
(1143, 2016, 119, 1, 2258.30, 'MT'),
(1144, 2016, 12, 1, 0.69, 'MT'),
(1145, 2015, 119, 1, 2558.07, 'MT'),
(1146, 2015, 12, 1, 0.93, 'MT'),
(1147, 2015, 7, 1, 2559.00, 'MT'),
(1148, 2015, 79, 1, 577.50, 'MT'),
(1149, 2015, 81, 1, 577.50, 'MT'),
(1150, 2014, 7, 1, 2649.18, 'MT'),
(1151, 2014, 79, 1, 534.62, 'MT'),
(1152, 2014, 81, 1, 534.62, 'MT'),
(1153, 2014, 119, 1, 2647.29, 'MT'),
(1154, 2014, 12, 1, 1.89, 'MT'),
(1155, 2013, 119, 1, 2892.35, 'MT'),
(1156, 2013, 12, 1, 1.61, 'MT'),
(1157, 2013, 7, 1, 2893.96, 'MT'),
(1158, 2013, 79, 1, 443.62, 'MT'),
(1159, 2013, 81, 1, 443.62, 'MT'),
(1160, 2012, 81, 1, 237.12, 'MT'),
(1161, 2012, 119, 1, 2948.99, 'MT'),
(1162, 2012, 12, 1, 1.01, 'MT'),
(1163, 2012, 7, 1, 2950.00, 'MT'),
(1164, 2012, 79, 1, 237.12, 'MT'),
(1165, 2011, 119, 1, 2915.47, 'MT'),
(1166, 2011, 12, 1, 0.53, 'MT'),
(1167, 2011, 7, 1, 2916.00, 'MT'),
(1168, 2011, 79, 1, 178.50, 'MT'),
(1169, 2011, 81, 1, 178.50, 'MT'),
(1170, 2010, 7, 1, 2397.00, 'MT'),
(1171, 2010, 79, 1, 113.75, 'MT'),
(1172, 2010, 81, 1, 113.75, 'MT'),
(1173, 2010, 119, 1, 2397.00, 'MT'),
(1174, 2009, 7, 1, 2138.00, 'MT'),
(1175, 2009, 79, 1, 215.25, 'MT'),
(1176, 2009, 81, 1, 215.25, 'MT'),
(1177, 2009, 119, 1, 2138.00, 'MT'),
(1178, 2008, 119, 1, 1254.00, 'MT'),
(1179, 2008, 7, 1, 1254.00, 'MT'),
(1180, 2008, 79, 1, 230.14, 'MT'),
(1181, 2008, 81, 1, 230.14, 'MT'),
(1182, 2007, 7, 1, 1075.00, 'MT'),
(1183, 2007, 79, 1, 129.99, 'MT'),
(1184, 2007, 81, 1, 129.99, 'MT'),
(1185, 2007, 119, 1, 1075.00, 'MT'),
(1186, 2006, 119, 1, 901.00, 'MT'),
(1187, 2006, 7, 1, 901.00, 'MT'),
(1188, 2006, 79, 1, 54.84, 'MT'),
(1189, 2006, 81, 1, 54.84, 'MT'),
(1190, 2005, 7, 1, 788.00, 'MT'),
(1191, 2005, 119, 1, 788.00, 'MT'),
(1192, 2004, 119, 1, 710.10, 'MT'),
(1193, 2004, 7, 1, 710.10, 'MT'),
(1194, 2003, 7, 1, 632.20, 'MT'),
(1195, 2003, 119, 1, 632.20, 'MT'),
(1196, 2002, 7, 1, 559.70, 'MT'),
(1197, 2002, 119, 1, 559.70, 'MT'),
(1198, 2001, 7, 1, 546.00, 'MT'),
(1199, 2001, 119, 1, 546.00, 'MT'),
(1200, 2000, 119, 1, 356.55, 'MT'),
(1201, 2000, 7, 1, 356.55, 'MT'),
(1202, 1999, 119, 1, 333.18, 'MT'),
(1203, 1999, 57, 1, 33104.00, 'MT'),
(1204, 1999, 7, 1, 333.18, 'MT'),
(1205, 1998, 7, 1, 315.00, 'MT'),
(1206, 1998, 119, 1, 315.00, 'MT'),
(1207, 1998, 57, 1, 34394.00, 'MT'),
(1208, 1997, 119, 1, 281.27, 'MT'),
(1209, 1997, 57, 1, 33438.00, 'MT'),
(1210, 1997, 7, 1, 281.27, 'MT'),
(1211, 1996, 119, 1, 260.49, 'MT'),
(1212, 1996, 57, 1, 33292.00, 'MT'),
(1213, 1996, 7, 1, 260.49, 'MT'),
(1214, 1995, 119, 1, 239.72, 'MT'),
(1215, 1995, 57, 1, 32602.00, 'MT'),
(1216, 1995, 7, 1, 239.72, 'MT'),
(1217, 1994, 57, 1, 30810.00, 'MT'),
(1218, 1994, 7, 1, 218.95, 'MT'),
(1219, 1994, 119, 1, 218.95, 'MT'),
(1220, 1993, 57, 1, 30572.00, 'MT'),
(1221, 1993, 7, 1, 198.17, 'MT'),
(1222, 1993, 119, 1, 198.17, 'MT'),
(1223, 1992, 119, 1, 177.40, 'MT'),
(1224, 1992, 57, 1, 31297.00, 'MT'),
(1225, 1992, 7, 1, 177.40, 'MT'),
(1226, 1991, 57, 1, 30859.00, 'MT'),
(1227, 1991, 7, 1, 179.87, 'MT'),
(1228, 1991, 119, 1, 179.87, 'MT'),
(1229, 1990, 119, 1, 111.00, 'MT'),
(1230, 1990, 57, 1, 29569.00, 'MT'),
(1231, 1990, 7, 1, 111.00, 'MT'),
(1232, 1989, 119, 1, 108.49, 'MT'),
(1233, 1989, 57, 1, 27945.00, 'MT'),
(1234, 1989, 7, 1, 108.49, 'MT'),
(1235, 1988, 119, 1, 89.00, 'MT'),
(1236, 1988, 57, 1, 25866.00, 'MT'),
(1237, 1988, 7, 1, 89.00, 'MT'),
(1238, 1987, 119, 1, 87.00, 'MT'),
(1239, 1987, 57, 1, 23741.00, 'MT'),
(1240, 1987, 7, 1, 87.00, 'MT'),
(1241, 1986, 119, 1, 21.41, 'MT'),
(1242, 1986, 57, 1, 24076.00, 'MT'),
(1243, 1986, 7, 1, 21.41, 'MT'),
(1244, 1985, 57, 1, 21018.00, 'MT'),
(1245, 1984, 57, 1, 21076.00, 'MT'),
(1246, 1983, 57, 1, 17436.00, 'MT'),
(1247, 1982, 57, 1, 14617.00, 'MT'),
(1248, 1981, 57, 1, 12532.00, 'MT'),
(1249, 1980, 57, 1, 13471.00, 'MT'),
(1250, 2022, 55, 1, 584.26, 'TBPD'),
(1251, 2022, 58, 1, 45.17, 'TBPD'),
(1252, 2022, 56, 1, 15.18, 'TBPD'),
(1253, 2022, 57, 1, 502.08, 'TBPD'),
(1254, 2022, 59, 1, 37.00, 'TBPD'),
(1255, 2022, 53, 1, 599.43, 'TBPD'),
(1256, 2021, 56, 1, 17.10, 'TBPD'),
(1257, 2021, 57, 1, 511.10, 'TBPD'),
(1258, 2021, 79, 1, 20.61, 'TBPD'),
(1259, 2021, 59, 1, 37.00, 'TBPD'),
(1260, 2021, 53, 1, 610.95, 'TBPD'),
(1261, 2021, 55, 1, 593.85, 'TBPD'),
(1262, 2021, 81, 1, 20.61, 'TBPD'),
(1263, 2021, 58, 1, 45.74, 'TBPD'),
(1264, 2020, 56, 1, 14.07, 'TBPD'),
(1265, 2020, 57, 1, 555.70, 'TBPD'),
(1266, 2020, 79, 1, 21.51, 'TBPD'),
(1267, 2020, 59, 1, 37.00, 'TBPD'),
(1268, 2020, 53, 1, 655.35, 'TBPD'),
(1269, 2020, 55, 1, 641.28, 'TBPD'),
(1270, 2020, 81, 1, 21.51, 'TBPD'),
(1271, 2020, 58, 1, 48.58, 'TBPD'),
(1272, 2019, 58, 1, 50.91, 'TBPD'),
(1273, 2019, 56, 1, 10.45, 'TBPD'),
(1274, 2019, 57, 1, 609.72, 'TBPD'),
(1275, 2019, 79, 1, 30.62, 'TBPD'),
(1276, 2019, 59, 1, 41.00, 'TBPD'),
(1277, 2019, 53, 1, 712.09, 'TBPD'),
(1278, 2019, 55, 1, 701.64, 'TBPD'),
(1279, 2019, 81, 1, 30.62, 'TBPD'),
(1280, 2018, 59, 1, 34.00, 'TBPD'),
(1281, 2018, 53, 1, 753.00, 'TBPD'),
(1282, 2018, 81, 1, 18.94, 'TBPD'),
(1283, 2018, 55, 1, 742.70, 'TBPD'),
(1284, 2018, 58, 1, 56.00, 'TBPD'),
(1285, 2018, 56, 1, 10.30, 'TBPD'),
(1286, 2018, 57, 1, 652.70, 'TBPD'),
(1287, 2018, 79, 1, 18.94, 'TBPD'),
(1288, 2017, 57, 1, 659.93, 'TBPD'),
(1289, 2017, 79, 1, 15.80, 'TBPD'),
(1290, 2017, 59, 1, 30.00, 'TBPD'),
(1291, 2017, 53, 1, 754.30, 'TBPD'),
(1292, 2017, 55, 1, 743.93, 'TBPD'),
(1293, 2017, 81, 1, 15.80, 'TBPD'),
(1294, 2017, 58, 1, 54.00, 'TBPD'),
(1295, 2017, 56, 1, 10.37, 'TBPD'),
(1296, 2016, 79, 1, 12.58, 'TBPD'),
(1297, 2016, 59, 1, 25.00, 'TBPD'),
(1298, 2016, 53, 1, 756.89, 'TBPD'),
(1299, 2016, 55, 1, 746.93, 'TBPD'),
(1300, 2016, 81, 1, 12.58, 'TBPD'),
(1301, 2016, 58, 1, 55.00, 'TBPD'),
(1302, 2016, 56, 1, 9.95, 'TBPD'),
(1303, 2016, 57, 1, 666.93, 'TBPD'),
(1304, 2015, 58, 1, 32.00, 'TBPD'),
(1305, 2015, 56, 1, 10.26, 'TBPD'),
(1306, 2015, 57, 1, 654.18, 'TBPD'),
(1307, 2015, 79, 1, 11.37, 'TBPD'),
(1308, 2015, 59, 1, 28.00, 'TBPD'),
(1309, 2015, 53, 1, 724.44, 'TBPD'),
(1310, 2015, 55, 1, 714.18, 'TBPD'),
(1311, 2015, 81, 1, 11.37, 'TBPD'),
(1312, 2014, 62, 1, 109.39, 'TBPD'),
(1313, 2014, 57, 1, 602.98, 'TBPD'),
(1314, 2014, 6798, 1, 1.00, 'TBPD'),
(1315, 2014, 79, 1, 10.53, 'TBPD'),
(1316, 2014, 65, 1, 193.04, 'TBPD'),
(1317, 2014, 59, 1, 23.00, 'TBPD'),
(1318, 2014, 63, 1, 61.40, 'TBPD'),
(1319, 2014, 54, 1, 523.06, 'TBPD'),
(1320, 2014, 68, 1, 74.56, 'TBPD'),
(1321, 2014, 53, 1, 670.82, 'TBPD'),
(1322, 2014, 81, 1, 10.53, 'TBPD'),
(1323, 2014, 55, 1, 660.98, 'TBPD'),
(1324, 2014, 64, 1, 2.05, 'TBPD'),
(1325, 2014, 13, 1, 1.00, 'TBPD'),
(1326, 2014, 58, 1, 35.00, 'TBPD'),
(1327, 2014, 56, 1, 9.85, 'TBPD'),
(1328, 2014, 66, 1, 49.72, 'TBPD'),
(1329, 2014, 6799, 1, 1.00, 'TBPD'),
(1330, 2014, 67, 1, 32.90, 'TBPD'),
(1331, 2014, 8399, 1, 1.00, 'TBPD'),
(1332, 2013, 13, 1, 1.00, 'TBPD'),
(1333, 2013, 58, 1, 33.00, 'TBPD'),
(1334, 2013, 56, 1, 11.71, 'TBPD'),
(1335, 2013, 66, 1, 30.55, 'TBPD'),
(1336, 2013, 6799, 1, 36.00, 'TBPD'),
(1337, 2013, 67, 1, 37.31, 'TBPD'),
(1338, 2013, 62, 1, 104.67, 'TBPD'),
(1339, 2013, 57, 1, 575.79, 'TBPD'),
(1340, 2013, 6798, 1, 1.00, 'TBPD'),
(1341, 2013, 79, 1, 8.74, 'TBPD'),
(1342, 2013, 65, 1, 222.72, 'TBPD'),
(1343, 2013, 63, 1, 57.92, 'TBPD'),
(1344, 2013, 59, 1, 24.00, 'TBPD'),
(1345, 2013, 54, 1, 540.61, 'TBPD'),
(1346, 2013, 68, 1, 79.50, 'TBPD'),
(1347, 2013, 53, 1, 644.51, 'TBPD'),
(1348, 2013, 55, 1, 632.79, 'TBPD'),
(1349, 2013, 81, 1, 8.74, 'TBPD'),
(1350, 2013, 64, 1, 7.94, 'TBPD'),
(1351, 2012, 65, 1, 201.45, 'TBPD'),
(1352, 2012, 63, 1, 82.20, 'TBPD'),
(1353, 2012, 59, 1, 19.67, 'TBPD'),
(1354, 2012, 54, 1, 561.59, 'TBPD'),
(1355, 2012, 68, 1, 104.32, 'TBPD'),
(1356, 2012, 53, 1, 672.60, 'TBPD'),
(1357, 2012, 55, 1, 661.23, 'TBPD'),
(1358, 2012, 81, 1, 4.67, 'TBPD'),
(1359, 2012, 64, 1, 13.37, 'TBPD'),
(1360, 2012, 13, 1, 82.00, 'TBPD'),
(1361, 2012, 58, 1, 56.00, 'TBPD'),
(1362, 2012, 56, 1, 11.37, 'TBPD'),
(1363, 2012, 66, 1, 36.62, 'TBPD'),
(1364, 2012, 6799, 1, 60.00, 'TBPD'),
(1365, 2012, 67, 1, 21.20, 'TBPD'),
(1366, 2012, 62, 1, 102.43, 'TBPD'),
(1367, 2012, 57, 1, 585.56, 'TBPD'),
(1368, 2012, 6798, 1, 21.00, 'TBPD'),
(1369, 2012, 79, 1, 4.67, 'TBPD'),
(1370, 2011, 66, 1, 16.69, 'TBPD'),
(1371, 2011, 6799, 1, 71.00, 'TBPD'),
(1372, 2011, 67, 1, 20.07, 'TBPD'),
(1373, 2011, 62, 1, 80.11, 'TBPD'),
(1374, 2011, 57, 1, 569.93, 'TBPD'),
(1375, 2011, 6798, 1, 20.00, 'TBPD'),
(1376, 2011, 79, 1, 3.52, 'TBPD'),
(1377, 2011, 65, 1, 179.81, 'TBPD'),
(1378, 2011, 63, 1, 72.78, 'TBPD'),
(1379, 2011, 59, 1, 19.00, 'TBPD'),
(1380, 2011, 54, 1, 487.16, 'TBPD'),
(1381, 2011, 68, 1, 109.09, 'TBPD'),
(1382, 2011, 53, 1, 667.44, 'TBPD'),
(1383, 2011, 81, 1, 3.52, 'TBPD'),
(1384, 2011, 55, 1, 656.19, 'TBPD'),
(1385, 2011, 64, 1, 8.60, 'TBPD'),
(1386, 2011, 13, 1, 91.00, 'TBPD'),
(1387, 2011, 58, 1, 67.25, 'TBPD'),
(1388, 2011, 56, 1, 11.25, 'TBPD'),
(1389, 2010, 6799, 1, 73.00, 'TBPD'),
(1390, 2010, 67, 1, 21.00, 'TBPD'),
(1391, 2010, 62, 1, 86.21, 'TBPD'),
(1392, 2010, 57, 1, 638.26, 'TBPD'),
(1393, 2010, 6798, 1, 21.00, 'TBPD'),
(1394, 2010, 79, 1, 2.24, 'TBPD'),
(1395, 2010, 65, 1, 168.60, 'TBPD'),
(1396, 2010, 59, 1, 17.19, 'TBPD'),
(1397, 2010, 63, 1, 60.88, 'TBPD'),
(1398, 2010, 54, 1, 468.53, 'TBPD'),
(1399, 2010, 68, 1, 109.95, 'TBPD'),
(1400, 2010, 53, 1, 731.37, 'TBPD'),
(1401, 2010, 81, 1, 2.24, 'TBPD'),
(1402, 2010, 55, 1, 719.45, 'TBPD'),
(1403, 2010, 64, 1, 9.91, 'TBPD'),
(1404, 2010, 13, 1, 94.00, 'TBPD'),
(1405, 2010, 58, 1, 64.00, 'TBPD'),
(1406, 2010, 56, 1, 11.92, 'TBPD'),
(1407, 2010, 66, 1, 11.97, 'TBPD'),
(1408, 2009, 6799, 1, 39.00, 'TBPD'),
(1409, 2009, 67, 1, 22.11, 'TBPD'),
(1410, 2009, 62, 1, 98.43, 'TBPD'),
(1411, 2009, 57, 1, 658.70, 'TBPD'),
(1412, 2009, 6798, 1, 22.00, 'TBPD'),
(1413, 2009, 79, 1, 4.24, 'TBPD'),
(1414, 2009, 65, 1, 189.69, 'TBPD'),
(1415, 2009, 63, 1, 64.96, 'TBPD'),
(1416, 2009, 59, 1, 19.26, 'TBPD'),
(1417, 2009, 54, 1, 536.82, 'TBPD'),
(1418, 2009, 68, 1, 122.15, 'TBPD'),
(1419, 2009, 53, 1, 718.04, 'TBPD'),
(1420, 2009, 55, 1, 705.96, 'TBPD'),
(1421, 2009, 81, 1, 4.24, 'TBPD'),
(1422, 2009, 64, 1, 11.61, 'TBPD'),
(1423, 2009, 13, 1, 61.00, 'TBPD'),
(1424, 2009, 58, 1, 28.00, 'TBPD'),
(1425, 2009, 56, 1, 12.08, 'TBPD'),
(1426, 2009, 66, 1, 27.87, 'TBPD'),
(1427, 2008, 66, 1, 43.74, 'TBPD'),
(1428, 2008, 6799, 1, 50.00, 'TBPD'),
(1429, 2008, 67, 1, 35.91, 'TBPD'),
(1430, 2008, 62, 1, 112.38, 'TBPD'),
(1431, 2008, 57, 1, 687.96, 'TBPD'),
(1432, 2008, 6798, 1, 35.00, 'TBPD'),
(1433, 2008, 79, 1, 4.52, 'TBPD'),
(1434, 2008, 65, 1, 188.14, 'TBPD'),
(1435, 2008, 63, 1, 65.91, 'TBPD'),
(1436, 2008, 59, 1, 18.21, 'TBPD'),
(1437, 2008, 54, 1, 564.36, 'TBPD'),
(1438, 2008, 68, 1, 113.28, 'TBPD'),
(1439, 2008, 53, 1, 759.40, 'TBPD'),
(1440, 2008, 55, 1, 744.17, 'TBPD'),
(1441, 2008, 81, 1, 4.52, 'TBPD'),
(1442, 2008, 64, 1, 5.01, 'TBPD'),
(1443, 2008, 13, 1, 85.00, 'TBPD'),
(1444, 2008, 58, 1, 38.00, 'TBPD'),
(1445, 2008, 56, 1, 15.23, 'TBPD'),
(1446, 2007, 6798, 1, 36.00, 'TBPD'),
(1447, 2007, 79, 1, 2.56, 'TBPD'),
(1448, 2007, 65, 1, 180.07, 'TBPD'),
(1449, 2007, 59, 1, 16.88, 'TBPD'),
(1450, 2007, 63, 1, 66.05, 'TBPD'),
(1451, 2007, 54, 1, 509.73, 'TBPD'),
(1452, 2007, 68, 1, 61.67, 'TBPD'),
(1453, 2007, 53, 1, 753.44, 'TBPD'),
(1454, 2007, 81, 1, 2.56, 'TBPD'),
(1455, 2007, 55, 1, 740.36, 'TBPD'),
(1456, 2007, 64, 1, 4.81, 'TBPD'),
(1457, 2007, 13, 1, 91.00, 'TBPD'),
(1458, 2007, 58, 1, 41.00, 'TBPD'),
(1459, 2007, 56, 1, 13.08, 'TBPD'),
(1460, 2007, 66, 1, 43.07, 'TBPD'),
(1461, 2007, 6799, 1, 55.00, 'TBPD'),
(1462, 2007, 67, 1, 36.53, 'TBPD'),
(1463, 2007, 62, 1, 117.53, 'TBPD'),
(1464, 2007, 57, 1, 682.48, 'TBPD'),
(1465, 2006, 6799, 1, 43.00, 'TBPD'),
(1466, 2006, 67, 1, 33.33, 'TBPD'),
(1467, 2006, 62, 1, 102.48, 'TBPD'),
(1468, 2006, 57, 1, 691.81, 'TBPD'),
(1469, 2006, 6798, 1, 33.00, 'TBPD'),
(1470, 2006, 79, 1, 1.08, 'TBPD'),
(1471, 2006, 65, 1, 176.32, 'TBPD'),
(1472, 2006, 59, 1, 15.00, 'TBPD'),
(1473, 2006, 63, 1, 61.83, 'TBPD'),
(1474, 2006, 54, 1, 513.06, 'TBPD'),
(1475, 2006, 68, 1, 86.03, 'TBPD'),
(1476, 2006, 53, 1, 749.62, 'TBPD'),
(1477, 2006, 81, 1, 1.08, 'TBPD'),
(1478, 2006, 55, 1, 735.81, 'TBPD'),
(1479, 2006, 64, 1, 11.01, 'TBPD'),
(1480, 2006, 13, 1, 76.00, 'TBPD'),
(1481, 2006, 58, 1, 29.00, 'TBPD'),
(1482, 2006, 56, 1, 13.81, 'TBPD'),
(1483, 2006, 66, 1, 42.06, 'TBPD'),
(1484, 2005, 6799, 1, 50.00, 'TBPD'),
(1485, 2005, 67, 1, 24.62, 'TBPD'),
(1486, 2005, 62, 1, 94.41, 'TBPD'),
(1487, 2005, 57, 1, 726.44, 'TBPD'),
(1488, 2005, 6798, 1, 41.00, 'TBPD'),
(1489, 2005, 65, 1, 184.57, 'TBPD'),
(1490, 2005, 63, 1, 53.75, 'TBPD'),
(1491, 2005, 59, 1, 15.00, 'TBPD'),
(1492, 2005, 54, 1, 467.78, 'TBPD'),
(1493, 2005, 68, 1, 61.12, 'TBPD'),
(1494, 2005, 53, 1, 790.85, 'TBPD'),
(1495, 2005, 55, 1, 778.44, 'TBPD'),
(1496, 2005, 64, 1, 10.69, 'TBPD'),
(1497, 2005, 13, 1, 91.00, 'TBPD'),
(1498, 2005, 58, 1, 37.00, 'TBPD'),
(1499, 2005, 56, 1, 12.41, 'TBPD'),
(1500, 2005, 66, 1, 38.62, 'TBPD'),
(1501, 2004, 65, 1, 188.83, 'TBPD'),
(1502, 2004, 63, 1, 56.51, 'TBPD'),
(1503, 2004, 54, 1, 497.00, 'TBPD'),
(1504, 2004, 68, 1, 68.40, 'TBPD'),
(1505, 2004, 53, 1, 803.93, 'TBPD'),
(1506, 2004, 55, 1, 792.48, 'TBPD'),
(1507, 2004, 64, 1, 12.10, 'TBPD'),
(1508, 2004, 13, 1, 50.00, 'TBPD'),
(1509, 2004, 58, 1, 29.00, 'TBPD');
INSERT INTO `tb_year` (`y_id`, `y_period`, `y_product`, `y_activity`, `y_value`, `y_unit`) VALUES
(1510, 2004, 56, 1, 11.46, 'TBPD'),
(1511, 2004, 66, 1, 39.59, 'TBPD'),
(1512, 2004, 6799, 1, 14.00, 'TBPD'),
(1513, 2004, 67, 1, 26.78, 'TBPD'),
(1514, 2004, 62, 1, 104.78, 'TBPD'),
(1515, 2004, 57, 1, 763.48, 'TBPD'),
(1516, 2004, 6798, 1, 36.00, 'TBPD'),
(1517, 2003, 67, 1, 27.87, 'TBPD'),
(1518, 2003, 62, 1, 101.96, 'TBPD'),
(1519, 2003, 57, 1, 737.86, 'TBPD'),
(1520, 2003, 6798, 1, 28.00, 'TBPD'),
(1521, 2003, 65, 1, 182.59, 'TBPD'),
(1522, 2003, 63, 1, 49.84, 'TBPD'),
(1523, 2003, 54, 1, 494.12, 'TBPD'),
(1524, 2003, 68, 1, 73.00, 'TBPD'),
(1525, 2003, 53, 1, 828.68, 'TBPD'),
(1526, 2003, 55, 1, 817.86, 'TBPD'),
(1527, 2003, 64, 1, 20.16, 'TBPD'),
(1528, 2003, 13, 1, 49.00, 'TBPD'),
(1529, 2003, 58, 1, 80.00, 'TBPD'),
(1530, 2003, 56, 1, 10.82, 'TBPD'),
(1531, 2003, 66, 1, 38.70, 'TBPD'),
(1532, 2003, 6799, 1, 21.00, 'TBPD'),
(1533, 2002, 62, 1, 99.21, 'TBPD'),
(1534, 2002, 57, 1, 698.46, 'TBPD'),
(1535, 2002, 6798, 1, 27.00, 'TBPD'),
(1536, 2002, 65, 1, 169.14, 'TBPD'),
(1537, 2002, 63, 1, 54.08, 'TBPD'),
(1538, 2002, 54, 1, 468.74, 'TBPD'),
(1539, 2002, 68, 1, 62.19, 'TBPD'),
(1540, 2002, 53, 1, 782.92, 'TBPD'),
(1541, 2002, 55, 1, 773.46, 'TBPD'),
(1542, 2002, 64, 1, 8.49, 'TBPD'),
(1543, 2002, 13, 1, 67.00, 'TBPD'),
(1544, 2002, 58, 1, 75.00, 'TBPD'),
(1545, 2002, 56, 1, 9.46, 'TBPD'),
(1546, 2002, 66, 1, 48.83, 'TBPD'),
(1547, 2002, 6799, 1, 40.00, 'TBPD'),
(1548, 2002, 67, 1, 26.82, 'TBPD'),
(1549, 2001, 6798, 1, 26.00, 'TBPD'),
(1550, 2001, 65, 1, 170.37, 'TBPD'),
(1551, 2001, 63, 1, 62.16, 'TBPD'),
(1552, 2001, 59, 1, 2.96, 'TBPD'),
(1553, 2001, 54, 1, 498.37, 'TBPD'),
(1554, 2001, 68, 1, 82.90, 'TBPD'),
(1555, 2001, 53, 1, 742.10, 'TBPD'),
(1556, 2001, 55, 1, 732.16, 'TBPD'),
(1557, 2001, 64, 1, 5.82, 'TBPD'),
(1558, 2001, 13, 1, 61.00, 'TBPD'),
(1559, 2001, 58, 1, 70.00, 'TBPD'),
(1560, 2001, 56, 1, 9.93, 'TBPD'),
(1561, 2001, 66, 1, 48.07, 'TBPD'),
(1562, 2001, 6799, 1, 35.00, 'TBPD'),
(1563, 2001, 67, 1, 26.22, 'TBPD'),
(1564, 2001, 62, 1, 102.83, 'TBPD'),
(1565, 2001, 57, 1, 659.21, 'TBPD'),
(1566, 2000, 58, 1, 65.00, 'TBPD'),
(1567, 2000, 56, 1, 8.00, 'TBPD'),
(1568, 2000, 66, 1, 52.24, 'TBPD'),
(1569, 2000, 6799, 1, 39.00, 'TBPD'),
(1570, 2000, 67, 1, 25.02, 'TBPD'),
(1571, 2000, 62, 1, 86.35, 'TBPD'),
(1572, 2000, 57, 1, 690.03, 'TBPD'),
(1573, 2000, 6798, 1, 25.00, 'TBPD'),
(1574, 2000, 65, 1, 161.93, 'TBPD'),
(1575, 2000, 63, 1, 55.86, 'TBPD'),
(1576, 2000, 59, 1, 0.68, 'TBPD'),
(1577, 2000, 54, 1, 457.13, 'TBPD'),
(1578, 2000, 68, 1, 70.84, 'TBPD'),
(1579, 2000, 53, 1, 763.71, 'TBPD'),
(1580, 2000, 55, 1, 755.70, 'TBPD'),
(1581, 2000, 64, 1, 4.90, 'TBPD'),
(1582, 2000, 13, 1, 64.00, 'TBPD'),
(1583, 1999, 64, 1, 4.30, 'TBPD'),
(1584, 1999, 13, 1, 58.00, 'TBPD'),
(1585, 1999, 58, 1, 85.00, 'TBPD'),
(1586, 1999, 56, 1, 5.20, 'TBPD'),
(1587, 1999, 66, 1, 53.00, 'TBPD'),
(1588, 1999, 6799, 1, 39.00, 'TBPD'),
(1589, 1999, 67, 1, 19.00, 'TBPD'),
(1590, 1999, 62, 1, 68.00, 'TBPD'),
(1591, 1999, 57, 1, 693.03, 'TBPD'),
(1592, 1999, 6798, 1, 19.00, 'TBPD'),
(1593, 1999, 65, 1, 135.00, 'TBPD'),
(1594, 1999, 59, 1, 10.00, 'TBPD'),
(1595, 1999, 63, 1, 45.00, 'TBPD'),
(1596, 1999, 54, 1, 384.00, 'TBPD'),
(1597, 1999, 68, 1, 61.00, 'TBPD'),
(1598, 1999, 53, 1, 793.23, 'TBPD'),
(1599, 1999, 55, 1, 788.03, 'TBPD'),
(1600, 1998, 6798, 1, 14.00, 'TBPD'),
(1601, 1998, 65, 1, 119.00, 'TBPD'),
(1602, 1998, 63, 1, 42.00, 'TBPD'),
(1603, 1998, 59, 1, 10.00, 'TBPD'),
(1604, 1998, 54, 1, 392.00, 'TBPD'),
(1605, 1998, 68, 1, 90.00, 'TBPD'),
(1606, 1998, 53, 1, 823.20, 'TBPD'),
(1607, 1998, 55, 1, 820.10, 'TBPD'),
(1608, 1998, 64, 1, 5.80, 'TBPD'),
(1609, 1998, 13, 1, 54.00, 'TBPD'),
(1610, 1998, 58, 1, 90.00, 'TBPD'),
(1611, 1998, 56, 1, 3.10, 'TBPD'),
(1612, 1998, 66, 1, 64.00, 'TBPD'),
(1613, 1998, 6799, 1, 41.00, 'TBPD'),
(1614, 1998, 67, 1, 14.00, 'TBPD'),
(1615, 1998, 62, 1, 57.00, 'TBPD'),
(1616, 1998, 57, 1, 720.10, 'TBPD'),
(1617, 1997, 65, 1, 134.00, 'TBPD'),
(1618, 1997, 63, 1, 36.00, 'TBPD'),
(1619, 1997, 59, 1, 12.00, 'TBPD'),
(1620, 1997, 54, 1, 370.00, 'TBPD'),
(1621, 1997, 68, 1, 70.00, 'TBPD'),
(1622, 1997, 53, 1, 765.20, 'TBPD'),
(1623, 1997, 55, 1, 761.80, 'TBPD'),
(1624, 1997, 64, 1, 6.90, 'TBPD'),
(1625, 1997, 13, 1, 47.00, 'TBPD'),
(1626, 1997, 58, 1, 50.00, 'TBPD'),
(1627, 1997, 56, 1, 3.40, 'TBPD'),
(1628, 1997, 66, 1, 57.00, 'TBPD'),
(1629, 1997, 6799, 1, 34.00, 'TBPD'),
(1630, 1997, 67, 1, 13.00, 'TBPD'),
(1631, 1997, 62, 1, 53.00, 'TBPD'),
(1632, 1997, 57, 1, 699.80, 'TBPD'),
(1633, 1997, 6798, 1, 13.00, 'TBPD'),
(1634, 1996, 54, 1, 343.00, 'TBPD'),
(1635, 1996, 68, 1, 63.00, 'TBPD'),
(1636, 1996, 53, 1, 730.03, 'TBPD'),
(1637, 1996, 55, 1, 727.03, 'TBPD'),
(1638, 1996, 64, 1, 12.00, 'TBPD'),
(1639, 1996, 13, 1, 44.00, 'TBPD'),
(1640, 1996, 58, 1, 20.00, 'TBPD'),
(1641, 1996, 56, 1, 3.00, 'TBPD'),
(1642, 1996, 66, 1, 55.00, 'TBPD'),
(1643, 1996, 6799, 1, 32.00, 'TBPD'),
(1644, 1996, 67, 1, 12.00, 'TBPD'),
(1645, 1996, 62, 1, 54.00, 'TBPD'),
(1646, 1996, 57, 1, 695.03, 'TBPD'),
(1647, 1996, 6798, 1, 12.00, 'TBPD'),
(1648, 1996, 65, 1, 126.00, 'TBPD'),
(1649, 1996, 59, 1, 12.00, 'TBPD'),
(1650, 1996, 63, 1, 21.00, 'TBPD'),
(1651, 1995, 65, 1, 119.00, 'TBPD'),
(1652, 1995, 59, 1, 12.00, 'TBPD'),
(1653, 1995, 63, 1, 21.00, 'TBPD'),
(1654, 1995, 54, 1, 282.00, 'TBPD'),
(1655, 1995, 68, 1, 21.00, 'TBPD'),
(1656, 1995, 53, 1, 717.59, 'TBPD'),
(1657, 1995, 55, 1, 714.49, 'TBPD'),
(1658, 1995, 64, 1, 12.00, 'TBPD'),
(1659, 1995, 13, 1, 61.00, 'TBPD'),
(1660, 1995, 58, 1, 20.00, 'TBPD'),
(1661, 1995, 56, 1, 3.10, 'TBPD'),
(1662, 1995, 66, 1, 46.00, 'TBPD'),
(1663, 1995, 6799, 1, 51.00, 'TBPD'),
(1664, 1995, 67, 1, 11.00, 'TBPD'),
(1665, 1995, 62, 1, 52.00, 'TBPD'),
(1666, 1995, 57, 1, 682.49, 'TBPD'),
(1667, 1995, 6798, 1, 11.00, 'TBPD'),
(1668, 1994, 6799, 1, 25.00, 'TBPD'),
(1669, 1994, 67, 1, 8.00, 'TBPD'),
(1670, 1994, 62, 1, 44.00, 'TBPD'),
(1671, 1994, 57, 1, 644.99, 'TBPD'),
(1672, 1994, 6798, 1, 8.00, 'TBPD'),
(1673, 1994, 65, 1, 105.00, 'TBPD'),
(1674, 1994, 63, 1, 12.00, 'TBPD'),
(1675, 1994, 59, 1, 12.00, 'TBPD'),
(1676, 1994, 54, 1, 260.00, 'TBPD'),
(1677, 1994, 68, 1, 33.00, 'TBPD'),
(1678, 1994, 53, 1, 676.29, 'TBPD'),
(1679, 1994, 55, 1, 673.99, 'TBPD'),
(1680, 1994, 64, 1, 15.00, 'TBPD'),
(1681, 1994, 13, 1, 33.00, 'TBPD'),
(1682, 1994, 58, 1, 17.00, 'TBPD'),
(1683, 1994, 56, 1, 2.30, 'TBPD'),
(1684, 1994, 66, 1, 43.00, 'TBPD'),
(1685, 1993, 6799, 1, 14.00, 'TBPD'),
(1686, 1993, 67, 1, 12.00, 'TBPD'),
(1687, 1993, 62, 1, 40.00, 'TBPD'),
(1688, 1993, 57, 1, 640.00, 'TBPD'),
(1689, 1993, 6798, 1, 12.00, 'TBPD'),
(1690, 1993, 65, 1, 86.00, 'TBPD'),
(1691, 1993, 59, 1, 3.00, 'TBPD'),
(1692, 1993, 63, 1, 9.00, 'TBPD'),
(1693, 1993, 54, 1, 236.00, 'TBPD'),
(1694, 1993, 68, 1, 18.00, 'TBPD'),
(1695, 1993, 53, 1, 660.40, 'TBPD'),
(1696, 1993, 55, 1, 660.00, 'TBPD'),
(1697, 1993, 64, 1, 13.00, 'TBPD'),
(1698, 1993, 13, 1, 26.00, 'TBPD'),
(1699, 1993, 58, 1, 17.00, 'TBPD'),
(1700, 1993, 56, 1, 0.40, 'TBPD'),
(1701, 1993, 66, 1, 58.00, 'TBPD'),
(1702, 1992, 63, 1, 8.60, 'TBPD'),
(1703, 1992, 54, 1, 219.00, 'TBPD'),
(1704, 1992, 68, 1, 18.00, 'TBPD'),
(1705, 1992, 53, 1, 667.00, 'TBPD'),
(1706, 1992, 55, 1, 666.00, 'TBPD'),
(1707, 1992, 64, 1, 11.00, 'TBPD'),
(1708, 1992, 13, 1, 18.00, 'TBPD'),
(1709, 1992, 58, 1, 13.00, 'TBPD'),
(1710, 1992, 56, 1, 0.10, 'TBPD'),
(1711, 1992, 66, 1, 54.00, 'TBPD'),
(1712, 1992, 6799, 1, 10.00, 'TBPD'),
(1713, 1992, 67, 1, 7.80, 'TBPD'),
(1714, 1992, 62, 1, 38.00, 'TBPD'),
(1715, 1992, 57, 1, 653.00, 'TBPD'),
(1716, 1992, 6798, 1, 7.80, 'TBPD'),
(1717, 1992, 65, 1, 81.00, 'TBPD'),
(1718, 1991, 67, 1, 5.20, 'TBPD'),
(1719, 1991, 62, 1, 29.00, 'TBPD'),
(1720, 1991, 57, 1, 646.00, 'TBPD'),
(1721, 1991, 6798, 1, 5.20, 'TBPD'),
(1722, 1991, 65, 1, 65.00, 'TBPD'),
(1723, 1991, 63, 1, 7.40, 'TBPD'),
(1724, 1991, 54, 1, 191.00, 'TBPD'),
(1725, 1991, 68, 1, 15.00, 'TBPD'),
(1726, 1991, 53, 1, 657.00, 'TBPD'),
(1727, 1991, 55, 1, 658.00, 'TBPD'),
(1728, 1991, 64, 1, 10.00, 'TBPD'),
(1729, 1991, 13, 1, 5.20, 'TBPD'),
(1730, 1991, 58, 1, 12.00, 'TBPD'),
(1731, 1991, 56, 1, 1.00, 'TBPD'),
(1732, 1991, 66, 1, 58.00, 'TBPD'),
(1733, 1990, 65, 1, 70.00, 'TBPD'),
(1734, 1990, 63, 1, 7.90, 'TBPD'),
(1735, 1990, 54, 1, 204.00, 'TBPD'),
(1736, 1990, 68, 1, 16.00, 'TBPD'),
(1737, 1990, 53, 1, 630.00, 'TBPD'),
(1738, 1990, 55, 1, 631.00, 'TBPD'),
(1739, 1990, 64, 1, 11.00, 'TBPD'),
(1740, 1990, 13, 1, 5.60, 'TBPD'),
(1741, 1990, 58, 1, 12.00, 'TBPD'),
(1742, 1990, 56, 1, 1.00, 'TBPD'),
(1743, 1990, 66, 1, 63.00, 'TBPD'),
(1744, 1990, 67, 1, 5.60, 'TBPD'),
(1745, 1990, 62, 1, 31.00, 'TBPD'),
(1746, 1990, 57, 1, 619.00, 'TBPD'),
(1747, 1990, 6798, 1, 5.60, 'TBPD'),
(1748, 1989, 65, 1, 62.00, 'TBPD'),
(1749, 1989, 63, 1, 7.50, 'TBPD'),
(1750, 1989, 54, 1, 173.00, 'TBPD'),
(1751, 1989, 68, 1, 26.00, 'TBPD'),
(1752, 1989, 53, 1, 597.00, 'TBPD'),
(1753, 1989, 55, 1, 596.00, 'TBPD'),
(1754, 1989, 64, 1, 12.00, 'TBPD'),
(1755, 1989, 13, 1, 3.20, 'TBPD'),
(1756, 1989, 58, 1, 11.00, 'TBPD'),
(1757, 1989, 56, 1, 1.10, 'TBPD'),
(1758, 1989, 66, 1, 32.00, 'TBPD'),
(1759, 1989, 67, 1, 3.20, 'TBPD'),
(1760, 1989, 62, 1, 30.00, 'TBPD'),
(1761, 1989, 57, 1, 585.00, 'TBPD'),
(1762, 1989, 6798, 1, 3.20, 'TBPD'),
(1763, 1988, 54, 1, 160.00, 'TBPD'),
(1764, 1988, 68, 1, 20.00, 'TBPD'),
(1765, 1988, 53, 1, 551.00, 'TBPD'),
(1766, 1988, 55, 1, 551.00, 'TBPD'),
(1767, 1988, 64, 1, 14.00, 'TBPD'),
(1768, 1988, 13, 1, 2.50, 'TBPD'),
(1769, 1988, 58, 1, 11.00, 'TBPD'),
(1770, 1988, 56, 1, 1.00, 'TBPD'),
(1771, 1988, 66, 1, 42.00, 'TBPD'),
(1772, 1988, 67, 1, 2.50, 'TBPD'),
(1773, 1988, 62, 1, 27.00, 'TBPD'),
(1774, 1988, 57, 1, 540.00, 'TBPD'),
(1775, 1988, 6798, 1, 2.50, 'TBPD'),
(1776, 1988, 65, 1, 49.00, 'TBPD'),
(1777, 1988, 63, 1, 6.20, 'TBPD'),
(1778, 1987, 66, 1, 39.00, 'TBPD'),
(1779, 1987, 67, 1, 8.90, 'TBPD'),
(1780, 1987, 62, 1, 25.00, 'TBPD'),
(1781, 1987, 57, 1, 497.00, 'TBPD'),
(1782, 1987, 6798, 1, 8.90, 'TBPD'),
(1783, 1987, 65, 1, 47.00, 'TBPD'),
(1784, 1987, 63, 1, 6.00, 'TBPD'),
(1785, 1987, 54, 1, 158.00, 'TBPD'),
(1786, 1987, 68, 1, 19.00, 'TBPD'),
(1787, 1987, 53, 1, 508.00, 'TBPD'),
(1788, 1987, 55, 1, 508.00, 'TBPD'),
(1789, 1987, 64, 1, 14.00, 'TBPD'),
(1790, 1987, 13, 1, 8.90, 'TBPD'),
(1791, 1987, 58, 1, 11.00, 'TBPD'),
(1792, 1987, 56, 1, 0.20, 'TBPD'),
(1793, 1986, 67, 1, 3.90, 'TBPD'),
(1794, 1986, 62, 1, 27.00, 'TBPD'),
(1795, 1986, 57, 1, 504.00, 'TBPD'),
(1796, 1986, 6798, 1, 3.90, 'TBPD'),
(1797, 1986, 65, 1, 48.00, 'TBPD'),
(1798, 1986, 63, 1, 6.60, 'TBPD'),
(1799, 1986, 54, 1, 156.00, 'TBPD'),
(1800, 1986, 68, 1, 18.00, 'TBPD'),
(1801, 1986, 53, 1, 513.00, 'TBPD'),
(1802, 1986, 55, 1, 513.00, 'TBPD'),
(1803, 1986, 64, 1, 14.00, 'TBPD'),
(1804, 1986, 13, 1, 3.90, 'TBPD'),
(1805, 1986, 58, 1, 9.00, 'TBPD'),
(1806, 1986, 56, 1, 0.10, 'TBPD'),
(1807, 1986, 66, 1, 38.00, 'TBPD'),
(1808, 1985, 53, 1, 451.00, 'TBPD'),
(1809, 1985, 55, 1, 450.00, 'TBPD'),
(1810, 1985, 13, 1, 1.00, 'TBPD'),
(1811, 1985, 58, 1, 10.00, 'TBPD'),
(1812, 1985, 56, 1, 1.00, 'TBPD'),
(1813, 1985, 57, 1, 440.00, 'TBPD'),
(1814, 1985, 6798, 1, 1.00, 'TBPD'),
(1815, 1984, 57, 1, 440.00, 'TBPD'),
(1816, 1984, 6798, 1, 1.00, 'TBPD'),
(1817, 1984, 53, 1, 451.00, 'TBPD'),
(1818, 1984, 55, 1, 450.00, 'TBPD'),
(1819, 1984, 13, 1, 1.00, 'TBPD'),
(1820, 1984, 58, 1, 10.00, 'TBPD'),
(1821, 1984, 56, 1, 1.00, 'TBPD'),
(1822, 1983, 53, 1, 366.00, 'TBPD'),
(1823, 1983, 55, 1, 365.00, 'TBPD'),
(1824, 1983, 13, 1, 1.00, 'TBPD'),
(1825, 1983, 56, 1, 1.00, 'TBPD'),
(1826, 1983, 57, 1, 365.00, 'TBPD'),
(1827, 1983, 6798, 1, 1.00, 'TBPD'),
(1828, 1982, 13, 1, 1.00, 'TBPD'),
(1829, 1982, 56, 1, 1.00, 'TBPD'),
(1830, 1982, 57, 1, 306.00, 'TBPD'),
(1831, 1982, 6798, 1, 1.00, 'TBPD'),
(1832, 1982, 53, 1, 307.00, 'TBPD'),
(1833, 1982, 55, 1, 306.00, 'TBPD'),
(1834, 1981, 53, 1, 265.00, 'TBPD'),
(1835, 1981, 55, 1, 264.00, 'TBPD'),
(1836, 1981, 13, 1, 1.00, 'TBPD'),
(1837, 1981, 56, 1, 1.00, 'TBPD'),
(1838, 1981, 57, 1, 264.00, 'TBPD'),
(1839, 1981, 6798, 1, 1.00, 'TBPD'),
(1840, 1980, 56, 1, 1.00, 'TBPD'),
(1841, 1980, 13, 1, 1.00, 'TBPD'),
(1842, 1980, 55, 1, 283.00, 'TBPD'),
(1843, 1980, 53, 1, 284.00, 'TBPD'),
(1844, 1980, 6798, 1, 1.00, 'TBPD'),
(1845, 1980, 57, 1, 283.00, 'TBPD'),
(1846, 2021, 7, 3, 35083.76, 'MT'),
(1847, 2021, 130, 3, 2281.58, 'MT'),
(1848, 2021, 11, 3, 144.30, 'MT'),
(1849, 2021, 21, 3, 1032.58, 'MT'),
(1850, 2021, 119, 3, 32459.42, 'MT'),
(1851, 2021, 14, 3, 4.66, 'MT'),
(1852, 2021, 12, 3, 193.80, 'MT'),
(1853, 2020, 7, 3, 36104.47, 'MT'),
(1854, 2020, 130, 3, 3092.09, 'MT'),
(1855, 2020, 11, 3, 181.04, 'MT'),
(1856, 2020, 21, 3, 1190.80, 'MT'),
(1857, 2020, 14, 3, 9.99, 'MT'),
(1858, 2020, 119, 3, 32678.19, 'MT'),
(1859, 2020, 12, 3, 143.15, 'MT'),
(1860, 2019, 7, 3, 34435.67, 'MT'),
(1861, 2019, 130, 3, 2171.28, 'MT'),
(1862, 2019, 11, 3, 251.57, 'MT'),
(1863, 2019, 21, 3, 1459.04, 'MT'),
(1864, 2019, 14, 3, 0.24, 'MT'),
(1865, 2019, 12, 3, 163.23, 'MT'),
(1866, 2019, 119, 3, 31849.36, 'MT'),
(1867, 2018, 14, 3, 0.17, 'MT'),
(1868, 2018, 119, 3, 33392.41, 'MT'),
(1869, 2018, 12, 3, 82.96, 'MT'),
(1870, 2018, 7, 3, 34258.72, 'MT'),
(1871, 2018, 130, 3, 542.76, 'MT'),
(1872, 2018, 11, 3, 240.42, 'MT'),
(1873, 2018, 21, 3, 1407.88, 'MT'),
(1874, 2017, 21, 3, 912.53, 'MT'),
(1875, 2017, 14, 3, 0.62, 'MT'),
(1876, 2017, 119, 3, 33833.24, 'MT'),
(1877, 2017, 12, 3, 2.70, 'MT'),
(1878, 2017, 7, 3, 34057.07, 'MT'),
(1879, 2017, 130, 3, 4.27, 'MT'),
(1880, 2017, 11, 3, 216.24, 'MT'),
(1881, 2016, 21, 3, 491.25, 'MT'),
(1882, 2016, 119, 3, 24025.89, 'MT'),
(1883, 2016, 14, 3, 0.11, 'MT'),
(1884, 2016, 12, 3, 16.95, 'MT'),
(1885, 2016, 7, 3, 24195.41, 'MT'),
(1886, 2016, 11, 3, 152.47, 'MT'),
(1887, 2015, 7, 3, 20102.67, 'MT'),
(1888, 2015, 11, 3, 136.88, 'MT'),
(1889, 2015, 21, 3, 645.80, 'MT'),
(1890, 2015, 14, 3, 0.49, 'MT'),
(1891, 2015, 119, 3, 19954.60, 'MT'),
(1892, 2015, 12, 3, 10.71, 'MT'),
(1893, 2014, 21, 3, 123.50, 'MT'),
(1894, 2014, 119, 3, 21123.77, 'MT'),
(1895, 2014, 14, 3, 0.40, 'MT'),
(1896, 2014, 12, 3, 2.85, 'MT'),
(1897, 2014, 7, 3, 21334.80, 'MT'),
(1898, 2014, 11, 3, 207.78, 'MT'),
(1899, 2013, 7, 3, 22955.02, 'MT'),
(1900, 2013, 11, 3, 235.38, 'MT'),
(1901, 2013, 21, 3, 109.15, 'MT'),
(1902, 2013, 14, 3, 0.06, 'MT'),
(1903, 2013, 119, 3, 22710.41, 'MT'),
(1904, 2013, 12, 3, 9.17, 'MT'),
(1905, 2012, 14, 3, 0.02, 'MT'),
(1906, 2012, 12, 3, 16.09, 'MT'),
(1907, 2012, 119, 3, 20801.32, 'MT'),
(1908, 2012, 7, 3, 21018.75, 'MT'),
(1909, 2012, 11, 3, 201.32, 'MT'),
(1910, 2012, 21, 3, 202.71, 'MT'),
(1911, 2011, 7, 3, 21989.29, 'MT'),
(1912, 2011, 11, 3, 222.91, 'MT'),
(1913, 2011, 21, 3, 61.42, 'MT'),
(1914, 2011, 14, 3, 0.06, 'MT'),
(1915, 2011, 119, 3, 21752.50, 'MT'),
(1916, 2011, 12, 3, 13.83, 'MT'),
(1917, 2010, 7, 3, 19928.59, 'MT'),
(1918, 2010, 11, 3, 150.34, 'MT'),
(1919, 2010, 21, 3, 78.69, 'MT'),
(1920, 2010, 119, 3, 19769.74, 'MT'),
(1921, 2010, 12, 3, 8.50, 'MT'),
(1922, 2009, 7, 3, 14477.00, 'MT'),
(1923, 2009, 11, 3, 147.48, 'MT'),
(1924, 2009, 21, 3, 18.83, 'MT'),
(1925, 2009, 14, 3, 0.03, 'MT'),
(1926, 2009, 119, 3, 14323.71, 'MT'),
(1927, 2009, 12, 3, 5.78, 'MT'),
(1928, 2008, 7, 3, 15426.00, 'MT'),
(1929, 2008, 11, 3, 157.15, 'MT'),
(1930, 2008, 21, 3, 15.76, 'MT'),
(1931, 2008, 14, 3, 0.03, 'MT'),
(1932, 2008, 119, 3, 15262.66, 'MT'),
(1933, 2008, 12, 3, 6.16, 'MT'),
(1934, 2007, 21, 3, 23.27, 'MT'),
(1935, 2007, 119, 3, 13222.50, 'MT'),
(1936, 2007, 14, 3, 0.03, 'MT'),
(1937, 2007, 12, 3, 5.34, 'MT'),
(1938, 2007, 7, 3, 13364.00, 'MT'),
(1939, 2007, 11, 3, 136.14, 'MT'),
(1940, 2006, 7, 3, 10880.70, 'MT'),
(1941, 2006, 11, 3, 110.84, 'MT'),
(1942, 2006, 21, 3, 21.68, 'MT'),
(1943, 2006, 14, 3, 0.02, 'MT'),
(1944, 2006, 12, 3, 4.35, 'MT'),
(1945, 2006, 119, 3, 10765.49, 'MT'),
(1946, 2005, 7, 3, 10144.66, 'MT'),
(1947, 2005, 11, 3, 103.35, 'MT'),
(1948, 2005, 21, 3, 20.74, 'MT'),
(1949, 2005, 14, 3, 0.02, 'MT'),
(1950, 2005, 119, 3, 10037.24, 'MT'),
(1951, 2005, 12, 3, 4.05, 'MT'),
(1952, 2004, 14, 3, 0.02, 'MT'),
(1953, 2004, 12, 3, 3.45, 'MT'),
(1954, 2004, 119, 3, 8550.01, 'MT'),
(1955, 2004, 7, 3, 8641.51, 'MT'),
(1956, 2004, 11, 3, 88.03, 'MT'),
(1957, 2004, 21, 3, 15.25, 'MT'),
(1958, 2003, 21, 3, 9.75, 'MT'),
(1959, 2003, 14, 3, 0.01, 'MT'),
(1960, 2003, 119, 3, 6992.68, 'MT'),
(1961, 2003, 12, 3, 2.19, 'MT'),
(1962, 2003, 7, 3, 7050.75, 'MT'),
(1963, 2003, 11, 3, 55.88, 'MT'),
(1964, 2002, 21, 3, 10.07, 'MT'),
(1965, 2002, 119, 3, 5402.19, 'MT'),
(1966, 2002, 14, 3, 0.01, 'MT'),
(1967, 2002, 12, 3, 2.18, 'MT'),
(1968, 2002, 7, 3, 5460.00, 'MT'),
(1969, 2002, 11, 3, 55.62, 'MT'),
(1970, 2001, 119, 3, 4182.24, 'MT'),
(1971, 2001, 12, 3, 1.69, 'MT'),
(1972, 2001, 7, 3, 4227.00, 'MT'),
(1973, 2001, 11, 3, 43.06, 'MT'),
(1974, 2000, 7, 3, 3082.00, 'MT'),
(1975, 2000, 11, 3, 31.40, 'MT'),
(1976, 2000, 119, 3, 3049.37, 'MT'),
(1977, 2000, 12, 3, 1.23, 'MT'),
(1978, 1999, 7, 3, 2095.00, 'MT'),
(1979, 1999, 11, 3, 21.34, 'MT'),
(1980, 1999, 119, 3, 2072.82, 'MT'),
(1981, 1999, 12, 3, 0.84, 'MT'),
(1982, 1998, 14, 3, 0.01, 'MT'),
(1983, 1998, 119, 3, 2160.87, 'MT'),
(1984, 1998, 12, 3, 0.87, 'MT'),
(1985, 1998, 7, 3, 2184.00, 'MT'),
(1986, 1998, 11, 3, 22.25, 'MT'),
(1987, 1997, 119, 3, 2149.00, 'MT'),
(1988, 1997, 14, 3, 0.01, 'MT'),
(1989, 1997, 12, 3, 0.87, 'MT'),
(1990, 1997, 7, 3, 2172.00, 'MT'),
(1991, 1997, 11, 3, 22.13, 'MT'),
(1992, 1996, 14, 3, 0.01, 'MT'),
(1993, 1996, 119, 3, 2779.26, 'MT'),
(1994, 1996, 12, 3, 1.12, 'MT'),
(1995, 1996, 7, 3, 2809.00, 'MT'),
(1996, 1996, 11, 3, 28.62, 'MT'),
(1997, 1995, 14, 3, 0.01, 'MT'),
(1998, 1995, 12, 3, 0.80, 'MT'),
(1999, 1995, 119, 3, 1972.89, 'MT'),
(2000, 1995, 7, 3, 1994.00, 'MT'),
(2001, 1995, 11, 3, 20.31, 'MT'),
(2002, 1994, 7, 3, 2062.00, 'MT'),
(2003, 1994, 11, 3, 21.01, 'MT'),
(2004, 1994, 14, 3, 0.01, 'MT'),
(2005, 1994, 119, 3, 2040.17, 'MT'),
(2006, 1994, 12, 3, 0.82, 'MT'),
(2007, 1993, 7, 3, 1767.00, 'MT'),
(2008, 1993, 11, 3, 18.00, 'MT'),
(2009, 1993, 14, 3, 0.01, 'MT'),
(2010, 1993, 119, 3, 1748.29, 'MT'),
(2011, 1993, 12, 3, 0.71, 'MT'),
(2012, 1992, 14, 3, 0.01, 'MT'),
(2013, 1992, 119, 3, 2229.14, 'MT'),
(2014, 1992, 12, 3, 0.90, 'MT'),
(2015, 1992, 7, 3, 2253.00, 'MT'),
(2016, 1992, 11, 3, 22.95, 'MT'),
(2017, 1991, 7, 3, 2134.00, 'MT'),
(2018, 1991, 11, 3, 21.74, 'MT'),
(2019, 1991, 14, 3, 0.01, 'MT'),
(2020, 1991, 119, 3, 2111.40, 'MT'),
(2021, 1991, 12, 3, 0.85, 'MT'),
(2022, 1990, 14, 3, 0.01, 'MT'),
(2023, 1990, 12, 3, 0.95, 'MT'),
(2024, 1990, 119, 3, 2342.93, 'MT'),
(2025, 1990, 7, 3, 2368.00, 'MT'),
(2026, 1990, 11, 3, 24.12, 'MT'),
(2027, 1989, 119, 3, 1781.25, 'MT'),
(2028, 1989, 14, 3, 0.01, 'MT'),
(2029, 1989, 12, 3, 0.72, 'MT'),
(2030, 1989, 7, 3, 1800.31, 'MT'),
(2031, 1989, 11, 3, 18.34, 'MT'),
(2032, 1988, 14, 3, 0.01, 'MT'),
(2033, 1988, 12, 3, 0.22, 'MT'),
(2034, 1988, 119, 3, 542.36, 'MT'),
(2035, 1988, 7, 3, 548.16, 'MT'),
(2036, 1988, 11, 3, 5.58, 'MT'),
(2037, 1987, 7, 3, 492.00, 'MT'),
(2038, 1987, 11, 3, 5.01, 'MT'),
(2039, 1987, 14, 3, 0.01, 'MT'),
(2040, 1987, 119, 3, 486.79, 'MT'),
(2041, 1987, 12, 3, 0.20, 'MT'),
(2042, 1986, 7, 3, 403.58, 'MT'),
(2043, 1986, 11, 3, 4.11, 'MT'),
(2044, 1986, 119, 3, 399.31, 'MT'),
(2045, 1986, 12, 3, 0.16, 'MT'),
(2046, 1985, 119, 3, 527.10, 'MT'),
(2047, 1985, 12, 3, 0.21, 'MT'),
(2048, 1985, 7, 3, 532.74, 'MT'),
(2049, 1985, 11, 3, 5.43, 'MT'),
(2050, 1984, 7, 3, 407.44, 'MT'),
(2051, 1984, 11, 3, 4.15, 'MT'),
(2052, 1984, 119, 3, 403.13, 'MT'),
(2053, 1984, 12, 3, 0.16, 'MT'),
(2054, 1983, 12, 3, 0.15, 'MT'),
(2055, 1983, 119, 3, 366.54, 'MT'),
(2056, 1983, 7, 3, 370.46, 'MT'),
(2057, 1983, 11, 3, 3.77, 'MT'),
(2058, 1982, 7, 3, 137.00, 'MT'),
(2059, 1982, 11, 3, 1.40, 'MT'),
(2060, 1982, 119, 3, 135.55, 'MT'),
(2061, 1982, 12, 3, 0.05, 'MT'),
(2062, 1981, 119, 3, 180.40, 'MT'),
(2063, 1981, 12, 3, 0.07, 'MT'),
(2064, 1981, 7, 3, 182.33, 'MT'),
(2065, 1981, 11, 3, 1.86, 'MT'),
(2066, 1980, 12, 3, 0.03, 'MT'),
(2067, 1980, 119, 3, 79.15, 'MT'),
(2068, 1980, 11, 3, 0.81, 'MT'),
(2069, 1980, 7, 3, 80.00, 'MT'),
(2070, 2018, 57, 3, 182.30, 'TBPD'),
(2071, 2017, 57, 3, 199.14, 'TBPD'),
(2072, 2016, 57, 3, 212.70, 'TBPD'),
(2073, 2015, 57, 3, 183.27, 'TBPD'),
(2074, 2014, 8499, 3, 1.00, 'TBPD'),
(2075, 2014, 13, 3, 1.00, 'TBPD'),
(2076, 2014, 57, 3, 210.15, 'TBPD'),
(2077, 2014, 6899, 3, 1.00, 'TBPD'),
(2078, 2013, 57, 3, 182.81, 'TBPD'),
(2079, 2013, 6899, 3, 1.00, 'TBPD'),
(2080, 2013, 8499, 3, 1.00, 'TBPD'),
(2081, 2013, 13, 3, 1.00, 'TBPD'),
(2082, 2012, 57, 3, 219.98, 'TBPD'),
(2083, 2012, 6899, 3, 13.00, 'TBPD'),
(2084, 2012, 13, 3, 13.00, 'TBPD'),
(2085, 2011, 57, 3, 193.75, 'TBPD'),
(2086, 2011, 6899, 3, 16.00, 'TBPD'),
(2087, 2011, 13, 3, 16.00, 'TBPD'),
(2088, 2010, 13, 3, 13.00, 'TBPD'),
(2089, 2010, 57, 3, 183.92, 'TBPD'),
(2090, 2010, 6899, 3, 13.00, 'TBPD'),
(2091, 2009, 13, 3, 12.00, 'TBPD'),
(2092, 2009, 57, 3, 185.84, 'TBPD'),
(2093, 2009, 6899, 3, 12.00, 'TBPD'),
(2094, 2008, 57, 3, 184.57, 'TBPD'),
(2095, 2008, 6899, 3, 5.00, 'TBPD'),
(2096, 2008, 13, 3, 5.00, 'TBPD'),
(2097, 2007, 13, 3, 9.30, 'TBPD'),
(2098, 2007, 57, 3, 193.35, 'TBPD'),
(2099, 2007, 6899, 3, 9.30, 'TBPD'),
(2100, 2006, 6899, 3, 10.00, 'TBPD'),
(2101, 2006, 13, 3, 10.00, 'TBPD'),
(2102, 2006, 57, 3, 164.60, 'TBPD'),
(2103, 2005, 13, 3, 14.00, 'TBPD'),
(2104, 2005, 57, 3, 164.26, 'TBPD'),
(2105, 2005, 6899, 3, 14.00, 'TBPD'),
(2106, 2004, 57, 3, 162.68, 'TBPD'),
(2107, 2004, 6899, 3, 8.10, 'TBPD'),
(2108, 2004, 13, 3, 8.10, 'TBPD'),
(2109, 2003, 13, 3, 19.00, 'TBPD'),
(2110, 2003, 57, 3, 162.02, 'TBPD'),
(2111, 2003, 6899, 3, 19.00, 'TBPD'),
(2112, 2002, 13, 3, 9.60, 'TBPD'),
(2113, 2002, 57, 3, 144.88, 'TBPD'),
(2114, 2002, 6899, 3, 9.60, 'TBPD'),
(2115, 2001, 13, 3, 7.50, 'TBPD'),
(2116, 2001, 57, 3, 181.84, 'TBPD'),
(2117, 2001, 6899, 3, 7.50, 'TBPD'),
(2118, 2000, 57, 3, 147.63, 'TBPD'),
(2119, 2000, 6899, 3, 8.20, 'TBPD'),
(2120, 2000, 13, 3, 8.20, 'TBPD'),
(2121, 1999, 57, 3, 42.56, 'TBPD'),
(2122, 1999, 6899, 3, 7.50, 'TBPD'),
(2123, 1999, 13, 3, 7.50, 'TBPD'),
(2124, 1998, 13, 3, 8.20, 'TBPD'),
(2125, 1998, 57, 3, 41.19, 'TBPD'),
(2126, 1998, 6899, 3, 8.20, 'TBPD'),
(2127, 1997, 57, 3, 26.59, 'TBPD'),
(2128, 1997, 6899, 3, 25.00, 'TBPD'),
(2129, 1997, 13, 3, 25.00, 'TBPD'),
(2130, 1996, 57, 3, 29.57, 'TBPD'),
(2131, 1996, 6899, 3, 12.00, 'TBPD'),
(2132, 1996, 13, 3, 12.00, 'TBPD'),
(2133, 1995, 57, 3, 26.90, 'TBPD'),
(2134, 1995, 6899, 3, 11.00, 'TBPD'),
(2135, 1995, 13, 3, 11.00, 'TBPD'),
(2136, 1994, 13, 3, 15.00, 'TBPD'),
(2137, 1994, 57, 3, 32.02, 'TBPD'),
(2138, 1994, 6899, 3, 15.00, 'TBPD'),
(2139, 1993, 13, 3, 7.90, 'TBPD'),
(2140, 1993, 57, 3, 34.84, 'TBPD'),
(2141, 1993, 6899, 3, 7.90, 'TBPD'),
(2142, 1992, 57, 3, 23.97, 'TBPD'),
(2143, 1992, 6899, 3, 8.10, 'TBPD'),
(2144, 1992, 13, 3, 8.10, 'TBPD'),
(2145, 1991, 13, 3, 8.10, 'TBPD'),
(2146, 1991, 57, 3, 22.98, 'TBPD'),
(2147, 1991, 6899, 3, 8.10, 'TBPD'),
(2148, 1990, 57, 3, 21.66, 'TBPD'),
(2149, 1990, 6899, 3, 5.80, 'TBPD'),
(2150, 1990, 13, 3, 5.80, 'TBPD'),
(2151, 1989, 57, 3, 20.93, 'TBPD'),
(2152, 1989, 6899, 3, 5.80, 'TBPD'),
(2153, 1989, 13, 3, 5.80, 'TBPD'),
(2154, 1988, 57, 3, 24.78, 'TBPD'),
(2155, 1988, 6899, 3, 0.10, 'TBPD'),
(2156, 1988, 13, 3, 0.10, 'TBPD'),
(2157, 1987, 57, 3, 32.77, 'TBPD'),
(2158, 1987, 6899, 3, 4.40, 'TBPD'),
(2159, 1987, 13, 3, 4.40, 'TBPD'),
(2160, 1986, 57, 3, 40.97, 'TBPD'),
(2161, 1985, 8499, 3, 1.00, 'TBPD'),
(2162, 1985, 13, 3, 1.00, 'TBPD'),
(2163, 1985, 57, 3, 47.60, 'TBPD'),
(2164, 1985, 6899, 3, 1.30, 'TBPD'),
(2165, 1984, 6899, 3, 1.30, 'TBPD'),
(2166, 1984, 13, 3, 1.00, 'TBPD'),
(2167, 1984, 8499, 3, 1.00, 'TBPD'),
(2168, 1984, 57, 3, 55.62, 'TBPD'),
(2169, 1983, 57, 3, 56.01, 'TBPD'),
(2170, 1983, 6899, 3, 1.60, 'TBPD'),
(2171, 1983, 8499, 3, 1.00, 'TBPD'),
(2172, 1983, 13, 3, 1.00, 'TBPD'),
(2173, 1982, 57, 3, 53.49, 'TBPD'),
(2174, 1982, 6899, 3, 1.20, 'TBPD'),
(2175, 1982, 8499, 3, 1.00, 'TBPD'),
(2176, 1982, 13, 3, 1.00, 'TBPD'),
(2177, 1981, 57, 3, 74.90, 'TBPD'),
(2178, 1981, 6899, 3, 1.10, 'TBPD'),
(2179, 1981, 8499, 3, 1.00, 'TBPD'),
(2180, 1981, 13, 3, 1.00, 'TBPD'),
(2181, 1980, 6899, 3, 0.96, 'TBPD'),
(2182, 1980, 57, 3, 84.40, 'TBPD'),
(2183, 1980, 8499, 3, 1.00, 'TBPD'),
(2184, 1980, 13, 3, 1.00, 'TBPD'),
(2185, 2021, 119, 4, 139.32, 'MT'),
(2186, 2021, 12, 4, 3.94, 'MT'),
(2187, 2021, 7, 4, 143.25, 'MT'),
(2188, 2020, 12, 4, 3.95, 'MT'),
(2189, 2020, 119, 4, 16.41, 'MT'),
(2190, 2020, 7, 4, 20.36, 'MT'),
(2191, 2019, 119, 4, 85.20, 'MT'),
(2192, 2019, 12, 4, 6.45, 'MT'),
(2193, 2019, 7, 4, 91.65, 'MT'),
(2194, 2018, 119, 4, 530.18, 'MT'),
(2195, 2018, 12, 4, 8.33, 'MT'),
(2196, 2018, 57, 4, 303.65, 'TBPD'),
(2197, 2018, 7, 4, 538.51, 'MT'),
(2198, 2017, 57, 4, 302.77, 'TBPD'),
(2199, 2017, 7, 4, 409.72, 'MT'),
(2200, 2017, 119, 4, 402.12, 'MT'),
(2201, 2017, 12, 4, 7.60, 'MT'),
(2202, 2016, 7, 4, 378.40, 'MT'),
(2203, 2016, 119, 4, 376.24, 'MT'),
(2204, 2016, 12, 4, 2.16, 'MT'),
(2205, 2016, 57, 4, 335.20, 'TBPD'),
(2206, 2015, 119, 4, 291.78, 'MT'),
(2207, 2015, 12, 4, 0.93, 'MT'),
(2208, 2015, 57, 4, 333.70, 'TBPD'),
(2209, 2015, 7, 4, 292.71, 'MT'),
(2210, 2014, 6899, 4, 1.00, 'TBPD'),
(2211, 2014, 7, 4, 480.77, 'MT'),
(2212, 2014, 8499, 4, 1.00, 'TBPD'),
(2213, 2014, 13, 4, 1.00, 'TBPD'),
(2214, 2014, 119, 4, 478.88, 'MT'),
(2215, 2014, 12, 4, 1.89, 'MT'),
(2216, 2014, 57, 4, 248.73, 'TBPD'),
(2217, 2013, 12, 4, 1.61, 'MT'),
(2218, 2013, 119, 4, 528.97, 'MT'),
(2219, 2013, 57, 4, 229.95, 'TBPD'),
(2220, 2013, 6899, 4, 1.00, 'TBPD'),
(2221, 2013, 7, 4, 530.58, 'MT'),
(2222, 2013, 8499, 4, 1.00, 'TBPD'),
(2223, 2013, 13, 4, 1.00, 'TBPD'),
(2224, 2012, 13, 4, 13.00, 'TBPD'),
(2225, 2012, 12, 4, 1.01, 'MT'),
(2226, 2012, 119, 4, 427.99, 'MT'),
(2227, 2012, 57, 4, 247.04, 'TBPD'),
(2228, 2012, 6899, 4, 13.00, 'TBPD'),
(2229, 2012, 7, 4, 429.00, 'MT'),
(2230, 2011, 119, 4, 223.47, 'MT'),
(2231, 2011, 12, 4, 0.53, 'MT'),
(2232, 2011, 57, 4, 243.64, 'TBPD'),
(2233, 2011, 6899, 4, 29.00, 'TBPD'),
(2234, 2011, 7, 4, 224.00, 'MT'),
(2235, 2011, 13, 4, 29.00, 'TBPD'),
(2236, 2010, 57, 4, 347.91, 'TBPD'),
(2237, 2010, 6899, 4, 21.00, 'TBPD'),
(2238, 2010, 7, 4, 98.00, 'MT'),
(2239, 2010, 13, 4, 21.00, 'TBPD'),
(2240, 2010, 119, 4, 98.00, 'MT'),
(2241, 2009, 57, 4, 344.13, 'TBPD'),
(2242, 2009, 6899, 4, 44.00, 'TBPD'),
(2243, 2009, 7, 4, 9.64, 'MT'),
(2244, 2009, 13, 4, 44.00, 'TBPD'),
(2245, 2009, 119, 4, 9.64, 'MT'),
(2246, 2008, 119, 4, 77.46, 'MT'),
(2247, 2008, 57, 4, 310.68, 'TBPD'),
(2248, 2008, 6899, 4, 48.00, 'TBPD'),
(2249, 2008, 7, 4, 77.46, 'MT'),
(2250, 2008, 13, 4, 48.00, 'TBPD'),
(2251, 2007, 6899, 4, 61.00, 'TBPD'),
(2252, 2007, 7, 4, 93.37, 'MT'),
(2253, 2007, 13, 4, 61.00, 'TBPD'),
(2254, 2007, 119, 4, 93.37, 'MT'),
(2255, 2007, 57, 4, 338.09, 'TBPD'),
(2256, 2006, 57, 4, 352.59, 'TBPD'),
(2257, 2006, 6899, 4, 33.00, 'TBPD'),
(2258, 2006, 7, 4, 94.63, 'MT'),
(2259, 2006, 13, 4, 33.00, 'TBPD'),
(2260, 2006, 119, 4, 94.63, 'MT'),
(2261, 2005, 57, 4, 376.48, 'TBPD'),
(2262, 2005, 6899, 4, 52.00, 'TBPD'),
(2263, 2005, 7, 4, 62.03, 'MT'),
(2264, 2005, 13, 4, 52.00, 'TBPD'),
(2265, 2005, 119, 4, 62.03, 'MT'),
(2266, 2004, 13, 4, 33.00, 'TBPD'),
(2267, 2004, 119, 4, 19.64, 'MT'),
(2268, 2004, 57, 4, 380.42, 'TBPD'),
(2269, 2004, 6899, 4, 33.00, 'TBPD'),
(2270, 2004, 7, 4, 19.64, 'MT'),
(2271, 2003, 57, 4, 397.64, 'TBPD'),
(2272, 2003, 6899, 4, 22.00, 'TBPD'),
(2273, 2003, 7, 4, 51.00, 'MT'),
(2274, 2003, 13, 4, 22.00, 'TBPD'),
(2275, 2003, 119, 4, 51.00, 'MT'),
(2276, 2002, 57, 4, 377.48, 'TBPD'),
(2277, 2002, 6899, 4, 39.00, 'TBPD'),
(2278, 2002, 7, 4, 53.00, 'MT'),
(2279, 2002, 13, 4, 39.00, 'TBPD'),
(2280, 2002, 119, 4, 53.00, 'MT'),
(2281, 2001, 6899, 4, 31.00, 'TBPD'),
(2282, 2001, 7, 4, 49.00, 'MT'),
(2283, 2001, 13, 4, 31.00, 'TBPD'),
(2284, 2001, 119, 4, 49.00, 'MT'),
(2285, 2001, 57, 4, 375.77, 'TBPD'),
(2286, 2000, 119, 4, 27.00, 'MT'),
(2287, 2000, 57, 4, 350.54, 'TBPD'),
(2288, 2000, 6899, 4, 35.00, 'TBPD'),
(2289, 2000, 7, 4, 27.00, 'MT'),
(2290, 2000, 13, 4, 35.00, 'TBPD'),
(2291, 1999, 13, 4, 32.00, 'TBPD'),
(2292, 1999, 119, 4, 11.00, 'MT'),
(2293, 1999, 57, 4, 388.07, 'TBPD'),
(2294, 1999, 6899, 4, 32.00, 'TBPD'),
(2295, 1999, 7, 4, 11.00, 'MT'),
(2296, 1998, 6899, 4, 23.00, 'TBPD'),
(2297, 1998, 7, 4, 10.00, 'MT'),
(2298, 1998, 13, 4, 23.00, 'TBPD'),
(2299, 1998, 119, 4, 10.00, 'MT'),
(2300, 1998, 57, 4, 388.75, 'TBPD'),
(2301, 1997, 13, 4, 25.00, 'TBPD'),
(2302, 1997, 119, 4, 16.00, 'MT'),
(2303, 1997, 57, 4, 351.86, 'TBPD'),
(2304, 1997, 6899, 4, 25.00, 'TBPD'),
(2305, 1997, 7, 4, 16.00, 'MT'),
(2306, 1996, 13, 4, 8.70, 'TBPD'),
(2307, 1996, 119, 4, 24.00, 'MT'),
(2308, 1996, 57, 4, 367.55, 'TBPD'),
(2309, 1996, 6899, 4, 8.70, 'TBPD'),
(2310, 1996, 7, 4, 24.00, 'MT'),
(2311, 1995, 13, 4, 8.30, 'TBPD'),
(2312, 1995, 119, 4, 80.00, 'MT'),
(2313, 1995, 57, 4, 389.59, 'TBPD'),
(2314, 1995, 6899, 4, 8.30, 'TBPD'),
(2315, 1995, 7, 4, 80.00, 'MT'),
(2316, 1994, 57, 4, 390.88, 'TBPD'),
(2317, 1994, 6899, 4, 9.50, 'TBPD'),
(2318, 1994, 7, 4, 62.00, 'MT'),
(2319, 1994, 13, 4, 9.50, 'TBPD'),
(2320, 1994, 119, 4, 62.00, 'MT'),
(2321, 1993, 57, 4, 434.78, 'TBPD'),
(2322, 1993, 6899, 4, 3.10, 'TBPD'),
(2323, 1993, 7, 4, 107.00, 'MT'),
(2324, 1993, 13, 4, 3.10, 'TBPD'),
(2325, 1993, 119, 4, 107.00, 'MT'),
(2326, 1992, 13, 4, 5.10, 'TBPD'),
(2327, 1992, 119, 4, 90.00, 'MT'),
(2328, 1992, 57, 4, 458.25, 'TBPD'),
(2329, 1992, 6899, 4, 5.10, 'TBPD'),
(2330, 1992, 7, 4, 90.00, 'MT'),
(2331, 1991, 57, 4, 468.82, 'TBPD'),
(2332, 1991, 6899, 4, 7.80, 'TBPD'),
(2333, 1991, 7, 4, 97.00, 'MT'),
(2334, 1991, 13, 4, 7.80, 'TBPD'),
(2335, 1991, 119, 4, 97.00, 'MT'),
(2336, 1990, 13, 4, 4.40, 'TBPD'),
(2337, 1990, 119, 4, 42.00, 'MT'),
(2338, 1990, 57, 4, 445.72, 'TBPD'),
(2339, 1990, 6899, 4, 4.40, 'TBPD'),
(2340, 1990, 7, 4, 42.00, 'MT'),
(2341, 1989, 13, 4, 8.00, 'TBPD'),
(2342, 1989, 119, 4, 17.00, 'MT'),
(2343, 1989, 57, 4, 446.38, 'TBPD'),
(2344, 1989, 6899, 4, 8.00, 'TBPD'),
(2345, 1989, 7, 4, 17.00, 'MT'),
(2346, 1988, 13, 4, 6.70, 'TBPD'),
(2347, 1988, 119, 4, 23.00, 'MT'),
(2348, 1988, 57, 4, 415.42, 'TBPD'),
(2349, 1988, 6899, 4, 6.70, 'TBPD'),
(2350, 1988, 7, 4, 23.00, 'MT'),
(2351, 1987, 57, 4, 380.87, 'TBPD'),
(2352, 1987, 6899, 4, 5.80, 'TBPD'),
(2353, 1987, 13, 4, 5.80, 'TBPD'),
(2354, 1986, 57, 4, 382.22, 'TBPD'),
(2355, 1985, 8499, 4, 1.00, 'TBPD'),
(2356, 1985, 13, 4, 1.00, 'TBPD'),
(2357, 1985, 57, 4, 362.30, 'TBPD'),
(2358, 1985, 6899, 4, 2.80, 'TBPD'),
(2359, 1984, 57, 4, 356.80, 'TBPD'),
(2360, 1984, 6899, 4, 1.00, 'TBPD'),
(2361, 1984, 8499, 4, 1.00, 'TBPD'),
(2362, 1984, 13, 4, 1.00, 'TBPD'),
(2363, 1983, 13, 4, 1.00, 'TBPD'),
(2364, 1983, 8499, 4, 1.00, 'TBPD'),
(2365, 1983, 57, 4, 300.48, 'TBPD'),
(2366, 1983, 6899, 4, 1.00, 'TBPD'),
(2367, 1982, 57, 4, 252.97, 'TBPD'),
(2368, 1982, 6899, 4, 1.00, 'TBPD'),
(2369, 1982, 13, 4, 1.00, 'TBPD'),
(2370, 1982, 8499, 4, 1.00, 'TBPD'),
(2371, 1981, 8499, 4, 1.00, 'TBPD'),
(2372, 1981, 13, 4, 1.00, 'TBPD'),
(2373, 1981, 57, 4, 214.28, 'TBPD'),
(2374, 1981, 6899, 4, 1.00, 'TBPD'),
(2375, 1980, 13, 4, 1.00, 'TBPD'),
(2376, 1980, 8499, 4, 1.00, 'TBPD'),
(2377, 1980, 6899, 4, 1.00, 'TBPD'),
(2378, 1980, 57, 4, 239.99, 'TBPD'),
(2379, 2014, 65, 13, 1.00, 'TBPD'),
(2380, 2014, 54, 13, 57.04, 'TBPD'),
(2381, 2014, 66, 13, 3.78, 'TBPD'),
(2382, 2013, 66, 13, 6.40, 'TBPD'),
(2383, 2013, 65, 13, 1.00, 'TBPD'),
(2384, 2013, 54, 13, 69.00, 'TBPD'),
(2385, 2012, 65, 13, 1.00, 'TBPD'),
(2386, 2012, 54, 13, 54.00, 'TBPD'),
(2387, 2012, 66, 13, 1.00, 'TBPD'),
(2388, 2011, 66, 13, 3.40, 'TBPD'),
(2389, 2011, 65, 13, 1.00, 'TBPD'),
(2390, 2011, 54, 13, 57.00, 'TBPD'),
(2391, 2010, 65, 13, 1.00, 'TBPD'),
(2392, 2010, 54, 13, 51.00, 'TBPD'),
(2393, 2010, 66, 13, 0.40, 'TBPD'),
(2394, 2009, 65, 13, 1.00, 'TBPD'),
(2395, 2009, 54, 13, 46.00, 'TBPD'),
(2396, 2009, 66, 13, 0.40, 'TBPD'),
(2397, 2008, 66, 13, 0.80, 'TBPD'),
(2398, 2008, 65, 13, 0.30, 'TBPD'),
(2399, 2008, 54, 13, 46.00, 'TBPD'),
(2400, 2007, 65, 13, 0.30, 'TBPD'),
(2401, 2007, 54, 13, 47.00, 'TBPD'),
(2402, 2007, 66, 13, 0.90, 'TBPD'),
(2403, 2006, 66, 13, 0.30, 'TBPD'),
(2404, 2006, 65, 13, 36.00, 'TBPD'),
(2405, 2006, 54, 13, 36.00, 'TBPD'),
(2406, 2005, 65, 13, 2.00, 'TBPD'),
(2407, 2005, 54, 13, 2.40, 'TBPD'),
(2408, 2005, 66, 13, 0.40, 'TBPD'),
(2409, 2004, 65, 13, 45.00, 'TBPD'),
(2410, 2004, 54, 13, 46.00, 'TBPD'),
(2411, 2004, 66, 13, 0.60, 'TBPD'),
(2412, 2003, 65, 13, 0.90, 'TBPD'),
(2413, 2003, 54, 13, 1.40, 'TBPD'),
(2414, 2003, 66, 13, 0.50, 'TBPD'),
(2415, 2002, 65, 13, 1.30, 'TBPD'),
(2416, 2002, 54, 13, 1.80, 'TBPD'),
(2417, 2002, 66, 13, 0.40, 'TBPD'),
(2418, 2001, 65, 13, 0.60, 'TBPD'),
(2419, 2001, 54, 13, 2.90, 'TBPD'),
(2420, 2001, 66, 13, 2.30, 'TBPD'),
(2421, 2000, 66, 13, 3.00, 'TBPD'),
(2422, 2000, 65, 13, 0.90, 'TBPD'),
(2423, 2000, 54, 13, 4.00, 'TBPD'),
(2424, 1999, 54, 13, 7.40, 'TBPD'),
(2425, 1999, 66, 13, 6.00, 'TBPD'),
(2426, 1999, 65, 13, 1.40, 'TBPD'),
(2427, 1998, 65, 13, 0.90, 'TBPD'),
(2428, 1998, 54, 13, 8.30, 'TBPD'),
(2429, 1998, 66, 13, 7.50, 'TBPD'),
(2430, 1997, 65, 13, 0.50, 'TBPD'),
(2431, 1997, 54, 13, 3.00, 'TBPD'),
(2432, 1997, 66, 13, 2.50, 'TBPD'),
(2433, 1996, 65, 13, 0.70, 'TBPD'),
(2434, 1996, 54, 13, 4.90, 'TBPD'),
(2435, 1996, 66, 13, 4.20, 'TBPD'),
(2436, 1995, 65, 13, 0.60, 'TBPD'),
(2437, 1995, 54, 13, 4.70, 'TBPD'),
(2438, 1995, 66, 13, 4.10, 'TBPD'),
(2439, 1994, 65, 13, 0.50, 'TBPD'),
(2440, 1994, 54, 13, 1.20, 'TBPD'),
(2441, 1994, 66, 13, 0.70, 'TBPD'),
(2442, 1993, 65, 13, 1.30, 'TBPD'),
(2443, 1993, 54, 13, 2.40, 'TBPD'),
(2444, 1993, 66, 13, 1.10, 'TBPD'),
(2445, 1992, 65, 13, 1.20, 'TBPD'),
(2446, 1992, 54, 13, 2.20, 'TBPD'),
(2447, 1992, 66, 13, 1.00, 'TBPD'),
(2448, 1991, 65, 13, 1.10, 'TBPD'),
(2449, 1991, 54, 13, 2.20, 'TBPD'),
(2450, 1991, 66, 13, 1.00, 'TBPD'),
(2451, 1990, 65, 13, 0.80, 'TBPD'),
(2452, 1990, 54, 13, 1.80, 'TBPD'),
(2453, 1990, 66, 13, 1.00, 'TBPD'),
(2454, 1989, 65, 13, 0.40, 'TBPD'),
(2455, 1989, 54, 13, 1.30, 'TBPD'),
(2456, 1989, 66, 13, 0.90, 'TBPD'),
(2457, 1988, 65, 13, 6.60, 'TBPD'),
(2458, 1988, 54, 13, 7.20, 'TBPD'),
(2459, 1988, 66, 13, 0.60, 'TBPD'),
(2460, 1987, 66, 13, 0.50, 'TBPD'),
(2461, 1987, 65, 13, 6.40, 'TBPD'),
(2462, 1987, 54, 13, 6.90, 'TBPD'),
(2463, 1986, 66, 13, 0.30, 'TBPD'),
(2464, 1986, 65, 13, 6.20, 'TBPD'),
(2465, 1986, 54, 13, 6.50, 'TBPD'),
(2466, 1985, 54, 13, 1.00, 'TBPD'),
(2467, 1984, 54, 13, 1.00, 'TBPD');

--
-- Indexes for dumped tables
--

--
-- Indexes for table `tb_activity`
--
ALTER TABLE `tb_activity`
  ADD PRIMARY KEY (`a_id`);

--
-- Indexes for table `tb_month`
--
ALTER TABLE `tb_month`
  ADD PRIMARY KEY (`m_id`),
  ADD KEY `m_product` (`m_product`,`m_activity`,`m_unit`),
  ADD KEY `m_activity` (`m_activity`),
  ADD KEY `m_unit` (`m_unit`);

--
-- Indexes for table `tb_product`
--
ALTER TABLE `tb_product`
  ADD PRIMARY KEY (`p_id`);

--
-- Indexes for table `tb_unit`
--
ALTER TABLE `tb_unit`
  ADD PRIMARY KEY (`t_id`);

--
-- Indexes for table `tb_user`
--
ALTER TABLE `tb_user`
  ADD PRIMARY KEY (`u_ic`);

--
-- Indexes for table `tb_year`
--
ALTER TABLE `tb_year`
  ADD PRIMARY KEY (`y_id`),
  ADD KEY `y_product` (`y_product`,`y_activity`,`y_unit`),
  ADD KEY `y_activity` (`y_activity`),
  ADD KEY `y_unit` (`y_unit`);

--
-- Constraints for dumped tables
--

--
-- Constraints for table `tb_month`
--
ALTER TABLE `tb_month`
  ADD CONSTRAINT `tb_month_ibfk_1` FOREIGN KEY (`m_product`) REFERENCES `tb_product` (`p_id`) ON DELETE CASCADE ON UPDATE CASCADE,
  ADD CONSTRAINT `tb_month_ibfk_2` FOREIGN KEY (`m_activity`) REFERENCES `tb_activity` (`a_id`) ON DELETE CASCADE ON UPDATE CASCADE,
  ADD CONSTRAINT `tb_month_ibfk_3` FOREIGN KEY (`m_unit`) REFERENCES `tb_unit` (`t_id`) ON DELETE CASCADE ON UPDATE CASCADE;

--
-- Constraints for table `tb_year`
--
ALTER TABLE `tb_year`
  ADD CONSTRAINT `tb_year_ibfk_1` FOREIGN KEY (`y_activity`) REFERENCES `tb_activity` (`a_id`) ON DELETE CASCADE ON UPDATE CASCADE,
  ADD CONSTRAINT `tb_year_ibfk_2` FOREIGN KEY (`y_product`) REFERENCES `tb_product` (`p_id`) ON DELETE CASCADE ON UPDATE CASCADE,
  ADD CONSTRAINT `tb_year_ibfk_3` FOREIGN KEY (`y_unit`) REFERENCES `tb_unit` (`t_id`) ON DELETE CASCADE ON UPDATE CASCADE;
COMMIT;

/*!40101 SET CHARACTER_SET_CLIENT=@OLD_CHARACTER_SET_CLIENT */;
/*!40101 SET CHARACTER_SET_RESULTS=@OLD_CHARACTER_SET_RESULTS */;
/*!40101 SET COLLATION_CONNECTION=@OLD_COLLATION_CONNECTION */;
