-- phpMyAdmin SQL Dump
-- version 5.2.1
-- https://www.phpmyadmin.net/
--
-- Host: 127.0.0.1
-- Generation Time: Jun 21, 2023 at 04:33 PM
-- Server version: 10.4.28-MariaDB
-- PHP Version: 8.2.4

SET SQL_MODE = "NO_AUTO_VALUE_ON_ZERO";
START TRANSACTION;
SET time_zone = "+00:00";


/*!40101 SET @OLD_CHARACTER_SET_CLIENT=@@CHARACTER_SET_CLIENT */;
/*!40101 SET @OLD_CHARACTER_SET_RESULTS=@@CHARACTER_SET_RESULTS */;
/*!40101 SET @OLD_COLLATION_CONNECTION=@@COLLATION_CONNECTION */;
/*!40101 SET NAMES utf8mb4 */;

--
-- Database: `netflix`
--

-- --------------------------------------------------------

--
-- Table structure for table `actor`
--

CREATE TABLE `actor` (
  `actor_id` int(11) NOT NULL,
  `name` varchar(255) NOT NULL
) ENGINE=InnoDB DEFAULT CHARSET=utf8 COLLATE=utf8_unicode_ci;

--
-- Dumping data for table `actor`
--

INSERT INTO `actor` (`actor_id`, `name`) VALUES
(1, 'Shameik Moore'),
(2, 'Hailee Steinfeld'),
(3, 'Brian Tyree Henry'),
(4, 'Marlon Brando'),
(5, 'Al Pacino'),
(6, 'James Caan'),
(7, 'Tim Robbins'),
(8, 'Morgan Freeman'),
(9, 'Bob Gunton'),
(10, 'Robert Duvall'),
(11, 'Diane Keaton'),
(12, 'Shah Rukh Khan'),
(13, 'Kajol'),
(14, 'Amrish Puri'),
(15, 'Liam Neeson'),
(16, 'Ben Kingsley'),
(17, 'Ralph Fiennes'),
(18, 'Rumi Hiiragi'),
(19, 'Miyu Irino'),
(20, 'Mari Natsuki'),
(21, 'Martin Balsam'),
(22, 'John Fiedler'),
(23, 'Lee J. Cobb'),
(24, 'Ryunosuke Kamiki'),
(25, 'Mone Kamishiraishi'),
(26, 'Ryo Narita'),
(27, 'Song Kang-ho'),
(28, 'Lee Sun-kyun'),
(29, 'Cho Yeo-jeong'),
(30, 'Tom Hanks'),
(31, 'Michael Clarke Duncan'),
(32, 'David Morse'),
(33, 'Christian Bale'),
(34, 'Heath Ledger'),
(35, 'Michael Caine'),
(36, 'Veronica Castro'),
(37, 'Natasha Dupeyron'),
(38, 'Eduardo Santamarina'),
(39, 'John Travolta'),
(40, 'Samuel L. Jackson'),
(41, 'Uma Thurman'),
(42, 'Robin Wright'),
(43, 'Gary Sinise'),
(44, 'Clint Eastwood'),
(45, 'Eli Wallach'),
(46, 'Lee Van Cleef'),
(47, 'Elijah Wood'),
(48, 'Sean Astin'),
(49, 'Ian McKellen'),
(50, 'Aaron LaPlante'),
(51, 'Jon Olson'),
(52, 'Bryan Andrews'),
(53, 'Ray Liotta'),
(54, 'Robert De Niro'),
(55, 'Joe Pesci'),
(56, 'Toshiro Mifune'),
(57, 'Takashi Shimura'),
(58, 'Yoshio Inaba'),
(59, 'Philippe Noiret'),
(60, 'Jacques Perrin'),
(61, 'Marco Leonardi'),
(62, 'Kenji Nojima'),
(63, 'Hiroshi Kamiya'),
(64, 'Hideo Ishikawa'),
(65, 'Melanie Zanetti'),
(66, 'Giulio Berruti'),
(67, 'Kurt McKinney'),
(68, 'Roberto Benigni'),
(69, 'Nicoletta Braschi'),
(70, 'Giorgio Cantarini'),
(71, 'Tsutomu Tatsumi'),
(72, 'Ayano Shiraishi'),
(73, 'Yoshiko Shinohara'),
(74, 'Jude Coward Nicoll'),
(75, 'Tom Hollander'),
(76, 'Idris Elba'),
(77, 'Anthony Perkins'),
(78, 'Vera Miles'),
(79, 'John Gavin'),
(80, 'Shan Xin'),
(81, 'Liu Mingyue'),
(82, 'Xianghai Hao'),
(83, 'James Andrew Fraser'),
(84, 'James Woods'),
(85, 'Elizabeth McGovern'),
(86, 'Edward Norton'),
(87, 'Brad Pitt'),
(88, 'Helena Bonham Carter'),
(89, 'Nora Velazquez'),
(90, 'Benny Emmanuel'),
(91, 'Luisa Huertas'),
(92, 'Alexandre Rodrigues'),
(93, 'Leandro Firmino'),
(94, 'Phellipe Haagensen'),
(95, 'Jack Nicholson'),
(96, 'Louise Fletcher'),
(97, 'Danny DeVito'),
(98, 'Rhett Wellington'),
(99, 'Tatsuya Nakadai'),
(100, 'Akira Ishihama'),
(101, 'Shima Iwashita'),
(102, 'Yoshitsugu Matsuoka'),
(103, 'Kana Hanazawa'),
(104, 'Ayana Taketatsu'),
(105, 'Jake Johnson'),
(106, 'Matthew McConaughey'),
(107, 'Anne Hathaway'),
(108, 'Jessica Chastain'),
(109, 'Chieko Baisho'),
(110, 'Takuya Kimura'),
(111, 'Akihiro Miwa'),
(112, 'Viggo Mortensen'),
(113, 'Saori Hayami'),
(114, 'Aoi Yuki'),
(115, 'Mark Hamill'),
(116, 'Harrison Ford'),
(117, 'Carrie Fisher'),
(118, 'Izumi Sawada'),
(119, 'Hayato Taya'),
(120, 'Ayane Sakura'),
(121, 'Nicole Wallace'),
(122, 'Gabriel Guevara'),
(123, 'Marta Hazas'),
(124, 'Matheus Nachtergaele'),
(125, 'Selton Mello'),
(126, 'Rogerio Cardoso'),
(127, 'Adrien Brody'),
(128, 'Thomas Kretschmann'),
(129, 'Frank Finlay'),
(130, 'Sol Kyung-gu'),
(131, 'Uhm Ji-won'),
(132, 'Lee Re'),
(133, 'Miles Teller'),
(134, 'J.K. Simmons'),
(135, 'Paul Reiser'),
(136, 'Taylor Swift'),
(137, 'Charli XCX'),
(138, 'Camila Cabello'),
(139, 'Gwyneth Paltrow'),
(140, 'Taishi Nakagawa'),
(141, 'Kaya Kiyohara'),
(142, 'Yume Miyamoto'),
(143, 'Leonardo DiCaprio'),
(144, 'Joseph Gordon-Levitt'),
(145, 'Ken Watanabe'),
(146, 'James Stewart'),
(147, 'Grace Kelly'),
(148, 'Thelma Ritter'),
(149, 'Haruo Tanaka'),
(150, 'Nobuo Kaneko'),
(151, 'William Holden'),
(152, 'Gloria Swanson'),
(153, 'Erich von Stroheim'),
(154, 'Edward Furlong'),
(155, 'Beverly D\'Angelo'),
(156, 'Megumi Ogata'),
(157, 'Megumi Hayashibara'),
(158, 'Kotono Mitsuishi'),
(159, 'Jodie Foster'),
(160, 'Anthony Hopkins'),
(161, 'Scott Glenn'),
(162, 'Charlie Chaplin'),
(163, 'Paulette Goddard'),
(164, 'Jack Oakie'),
(165, 'Kyoko Kagawa'),
(166, 'Youji Matsuda'),
(167, 'Yuriko Ishida'),
(168, 'Yuko Tanaka'),
(169, 'Kim You-jung'),
(170, 'Byeon Woo-seok'),
(171, 'Park Jung-woo'),
(172, 'Virginia Cherrill'),
(173, 'Harry Myers'),
(174, 'Yui Ishikawa'),
(175, 'Daisuke Namikawa'),
(176, 'Takehito Koyasu'),
(177, 'Jean Reno'),
(178, 'Natalie Portman'),
(179, 'Gary Oldman'),
(180, 'Robin Williams'),
(181, 'Ethan Hawke'),
(182, 'Robert Sean Leonard'),
(183, 'Ra?l Santana'),
(184, 'Nataly Valencia'),
(185, 'Carlos Alc?ntara'),
(186, 'Michael J. Fox'),
(187, 'Christopher Lloyd'),
(188, 'Lea Thompson'),
(189, 'Steffan Argus'),
(190, 'Sabrina Carpenter'),
(191, 'Madison Iseman'),
(192, 'Eiji Okada'),
(193, 'Kyoko Kishida'),
(194, 'Hiroko Ito'),
(195, 'Jaden Smith'),
(196, 'Cara Delevingne'),
(197, 'Cuba Gooding Jr.'),
(198, 'Kim Nam-joon'),
(199, 'Kim Seok-jin'),
(200, 'Min Yoon-gi'),
(201, 'Aleksei Kravchenko'),
(202, 'Olga Mironova'),
(203, 'Liubomiras Laucevicius'),
(204, 'Henry Bergman'),
(205, 'Sadie Sink'),
(206, 'Dylan O\'Brien'),
(207, 'Haley Lu Richardson'),
(208, 'Cole Sprouse'),
(209, 'Mois?s Arias'),
(210, 'Margaret Sullavan'),
(211, 'Frank Morgan'),
(212, 'Claudia Cardinale'),
(213, 'Henry Fonda'),
(214, 'Jason Robards'),
(215, 'Antonio Banderas'),
(216, 'Salma Hayek Pinault'),
(217, 'Harvey Guill?n\r'),
(218, 'Yuko Miyamura'),
(219, 'Maaya Sakamoto'),
(220, 'Takuya Eguchi'),
(221, 'Masatomo Nakazawa'),
(222, 'Shogo Yano'),
(223, 'Junko Iwao'),
(224, 'Rica Matsumoto'),
(225, 'Shiho Niiyama'),
(226, 'Michel Constantin'),
(227, 'Jean Keraudy'),
(228, 'Philippe Leroy'),
(229, 'Tom Cruise'),
(230, 'Jennifer Connelly'),
(231, 'Martin Sheen'),
(232, 'Matt Ryan'),
(233, 'Jerry O\'Connell'),
(234, 'Taissa Farmiga'),
(235, 'Tim Roth'),
(236, 'Pruitt Taylor Vince'),
(237, 'M?lanie Thierry'),
(238, 'Aras Bulut Iynemli'),
(239, 'Nisa Sofiya Aksongur'),
(240, 'Ilker Aksum'),
(241, 'Fran?ois Cluzet'),
(242, 'Omar Sy'),
(243, 'Dominique Henry'),
(244, 'Chang Chen'),
(245, 'Lisa Yang'),
(246, 'Chang Kuo-Chu'),
(247, 'Kirk Douglas'),
(248, 'Ralph Meeker'),
(249, 'Adolphe Menjou'),
(250, 'Honor Kneafsey'),
(251, 'Eva Whittaker'),
(252, 'Sean Bean'),
(253, 'Xiaoxi Tang'),
(254, 'Zhang Fuzheng'),
(255, 'Wei Chao'),
(256, 'Zach Callison'),
(257, 'Deedee Magno'),
(258, 'Estelle'),
(259, 'Choi Min-sik'),
(260, 'Yoo Ji-tae'),
(261, 'Kang Hye-jung'),
(262, 'Robert Downey Jr.'),
(263, 'Chris Evans'),
(264, 'Mark Ruffalo'),
(265, 'Anne Dorval'),
(266, 'Antoine Olivier Pilon'),
(267, 'Suzanne Cl?ment'),
(268, 'Chris Hemsworth'),
(269, 'Donna Reed'),
(270, 'Lionel Barrymore'),
(271, 'Jason Schwartzman'),
(272, 'Rashida Jones'),
(273, 'Matthew Broderick'),
(274, 'James Earl Jones'),
(275, 'Jeremy Irons'),
(276, 'Natsuki Hanae'),
(277, 'Akari Kito'),
(278, 'Hiro Shimono'),
(279, 'Nino Manfredi'),
(280, 'Vittorio Gassman'),
(281, 'Stefania Sandrelli'),
(282, 'Mahiro Takasugi'),
(283, 'Lynn'),
(284, 'Jun Fukushima'),
(285, 'Mahershala Ali'),
(286, 'Linda Cardellini'),
(287, 'Bibi Andersson'),
(288, 'Liv Ullmann'),
(289, 'Margaretha Krook'),
(290, 'Kim Min-hee'),
(291, 'Kim Tae-ri'),
(292, 'Ha Jung-woo'),
(293, 'Haru Kuroki'),
(294, 'Yukito Nishii'),
(295, 'Aoi Miyazaki'),
(296, 'Jean-Louis Trintignant'),
(297, 'Catherine Spaak'),
(298, 'Zhou Dongyu'),
(299, 'Jackson Yee'),
(300, 'Yin Fang'),
(301, 'Kaito Ishikawa'),
(302, 'Asami Seto'),
(303, 'Yurika Kubo'),
(304, 'Jack Lemmon'),
(305, 'Shirley MacLaine'),
(306, 'Fred MacMurray'),
(307, 'Anthony Gonzalez'),
(308, 'Gael Garc?a Bernal'),
(309, 'Benjamin Bratt'),
(310, 'Lin-Manuel Miranda'),
(311, 'Leslie Odom Jr.'),
(312, 'Ren?e Elise Goldsberry'),
(313, 'Charles Laughton'),
(314, 'Tyrone Power'),
(315, 'Marlene Dietrich'),
(316, 'Lamberto Maggiorani'),
(317, 'Enzo Staiola'),
(318, 'Lianella Carell'),
(319, 'Milo Ventimiglia'),
(320, 'Kevin Costner'),
(321, 'Amanda Seyfried'),
(322, 'Shelley Duvall'),
(323, 'Scatman Crothers'),
(324, 'Chishu Ryu'),
(325, 'Chieko Higashiyama'),
(326, 'Setsuko Hara'),
(327, 'Mih?ly V?g\r'),
(328, 'Putyi Horv?th'),
(329, 'Mikl?s Sz?kely B.'),
(330, 'Malcolm McDowell'),
(331, 'Patrick Magee'),
(332, 'Adrienne Corri'),
(333, 'M?lanie Laurent'),
(334, 'Christoph Waltz'),
(335, 'Minako Kotobuki'),
(336, 'Gunnar Bj?rnstrand'),
(337, 'Bengt Ekerot'),
(338, 'Nils Poppe'),
(339, 'Tom Sizemore'),
(340, 'Edward Burns'),
(341, 'Ben Affleck'),
(342, 'Henry Cavill'),
(343, 'Gal Gadot'),
(344, 'Anouck Hautbois'),
(345, 'Benjamin Bollen'),
(346, 'Antoine Tome'),
(347, 'Russell Crowe'),
(348, 'Joaquin Phoenix'),
(349, 'Connie Nielsen'),
(350, 'Gregory Mann'),
(351, 'Ewan McGregor'),
(352, 'David Bradley'),
(353, 'Keanu Reeves'),
(354, 'Laurence Fishburne'),
(355, 'Carrie-Anne Moss'),
(356, 'Bruno Bichir'),
(357, 'Paola Ramones'),
(358, 'Eduardo Espana'),
(359, 'Hugh Jackman'),
(360, 'Emma Stone'),
(361, 'Viola Davis'),
(362, 'Octavia Spencer'),
(363, 'Matt Smith'),
(364, 'David Tennant'),
(365, 'John Hurt'),
(366, 'Manaka Iwami'),
(367, 'Yuuki Sakurai'),
(368, 'Jackie Coogan'),
(369, 'Edna Purviance'),
(370, 'Daiki Yamashita'),
(371, 'Nobuhiko Okamoto'),
(372, 'Yoshio Inoue'),
(373, 'Gabriel Byrne'),
(374, 'Stephen Baldwin'),
(375, 'Kevin Spacey'),
(376, 'Ju Ji-hoon'),
(377, 'Kim Hyang-gi'),
(378, 'Aleksandr Kaydanovskiy'),
(379, 'Anatoliy Solonitsyn'),
(380, 'Nikolay Grinko'),
(381, 'Marcello Mastroianni'),
(382, 'Anouk Aimee'),
(383, 'Andrew Garfield'),
(384, 'Sam Worthington'),
(385, 'Vince Vaughn'),
(386, 'Erland Josephson'),
(387, 'Arletty'),
(388, 'Jean-Louis Barrault'),
(389, 'Pierre Brasseur'),
(390, 'Guy Pearce'),
(391, 'Joe Pantoliano'),
(392, 'Gian Maria Volonte'),
(393, 'Florinda Bolkan'),
(394, 'Gianni Santuccio'),
(395, 'Kim Novak'),
(396, 'Barbara Bel Geddes'),
(397, 'Kinuyo Tanaka'),
(398, 'Yoshiaki Hanayagi'),
(399, 'Benjamin Walker'),
(400, 'Clifton Collins Jr.'),
(401, 'Noemie Merlant'),
(402, 'Adele Haenel'),
(403, 'Luana Bajrami'),
(404, 'Sofia Carson'),
(405, 'Nicholas Galitzine'),
(406, 'John Harlan Kim'),
(407, 'Amandla Stenberg'),
(408, 'Regina Hall'),
(409, 'Russell Hornsby'),
(410, 'Elsa Zylberstein'),
(411, 'Rebecca Marder'),
(412, 'Elodie Bouchez'),
(413, 'Omar Chaparro'),
(414, 'Ana Claudia Talancon'),
(415, 'Stephanie Cayo'),
(416, 'Bo Burnham'),
(417, 'Yuichi Nakamura'),
(418, 'Patrick Seitz'),
(419, 'Jordan Rodrigues'),
(420, 'Jennifer Carpenter'),
(421, 'Zain Al Rafeea'),
(422, 'Yordanos Shifera'),
(423, 'Boluwatife Treasure Bankole'),
(424, 'Zazie Beetz'),
(425, 'Timoth?e Chalamet'),
(426, 'Armie Hammer'),
(427, 'Michael Stuhlbarg'),
(428, 'Humphrey Bogart'),
(429, 'Ingrid Bergman'),
(430, 'Paul Henreid'),
(431, ''),
(432, 'Jamie Foxx'),
(433, 'Gene Kelly'),
(434, 'Donald O\'Connor'),
(435, 'Debbie Reynolds'),
(436, 'Matt Damon'),
(437, 'Steven Bauer'),
(438, 'Michelle Pfeiffer'),
(439, 'Paulo Gustavo'),
(440, 'Rodrigo Pandolfo'),
(441, 'Mariana Xavier'),
(442, 'Albert Brooks'),
(443, 'Willem Dafoe'),
(444, 'Julianne Nicholson'),
(445, 'Christopher Heyerdahl'),
(446, 'Jacob Tremblay'),
(447, 'Julia Roberts'),
(448, 'Owen Wilson'),
(449, 'Gustav Fr?hlich'),
(450, 'Brigitte Helm'),
(451, 'Alfred Abel'),
(452, 'Rie Takahashi'),
(453, 'Sora Amamiya'),
(454, 'Tina Fey'),
(455, 'Graham Norton'),
(456, 'Olivia Colman'),
(457, 'Mark Gatiss'),
(458, 'Michael Jackson'),
(459, 'Ola Ray'),
(460, 'Vincent Price'),
(461, 'Bette Davis'),
(462, 'Anne Baxter'),
(463, 'George Sanders'),
(464, 'Fernanda Montenegro'),
(465, 'Vinicius de Oliveira'),
(466, 'Marilia Pera'),
(467, 'Carlos Padilla'),
(468, 'Xuna Primus'),
(469, 'Leonor Varela'),
(470, 'Ugo Tognazzi'),
(471, 'Gastone Moschin'),
(472, 'Victor Sjostrom'),
(473, 'Ingrid Thulin'),
(474, 'Sigourney Weaver'),
(475, 'Tom Skerritt'),
(476, 'Veronica Cartwright'),
(477, 'Barbara Stanwyck'),
(478, 'Edward G. Robinson'),
(479, 'Alberto Sordi'),
(480, 'Silvana Mangano'),
(481, 'Harvey Keitel'),
(482, 'Michael Madsen'),
(483, 'Anita Ekberg'),
(484, 'Matthew Modine'),
(485, 'Adam Baldwin'),
(486, 'Vincent D\'Onofrio'),
(487, 'Yoko Tsukasa'),
(488, 'Peter Sellers'),
(489, 'George C. Scott'),
(490, 'Sterling Hayden'),
(491, 'Ryan Kelley'),
(492, 'Henry Czerny'),
(493, 'Sofia Scalia'),
(494, 'Luigi Calagna'),
(495, 'Antonella Carone'),
(496, 'Katie Douglas'),
(497, 'David James Elliott'),
(498, 'Rossif Sutherland'),
(499, 'Jim Carrey'),
(500, 'Laura Linney'),
(501, 'Noah Emmerich'),
(502, 'Jason Flemyng'),
(503, 'Dexter Fletcher'),
(504, 'Nick Moran'),
(505, 'Machiko Kyo'),
(506, 'Ismail Hacioglu'),
(507, 'Kim Seol'),
(508, 'Cetin Tekindor'),
(509, 'Yuzo Kayama'),
(510, 'Tsutomu Yamazaki'),
(511, 'Mario Casas'),
(512, 'Ana Wagener'),
(513, 'Jose Coronado'),
(514, 'Lorene Scafaria'),
(515, 'Buster Keaton'),
(516, 'Kathryn McGuire'),
(517, 'Joe Keaton'),
(518, 'Frank Welker'),
(519, 'Mindy Cohn'),
(520, 'Matthew Lillard'),
(521, 'Damian Chapa'),
(522, 'Jesse Borrego'),
(523, 'Tony Curtis'),
(524, 'Marilyn Monroe'),
(525, 'Ivan Lapikov'),
(526, 'Gong Yoo'),
(527, 'Jung Yu-mi'),
(528, 'Kim Hyun-soo'),
(529, 'Daniel Radcliffe'),
(530, 'Emma Watson'),
(531, 'Rupert Grint'),
(532, 'Cha Tae-hyun'),
(533, 'Maggie Cheung'),
(534, 'Tony Leung Chiu-wai'),
(535, 'Rebecca Pan'),
(536, 'Chris Pratt'),
(537, 'Zoe Saldana'),
(538, 'Dave Bautista'),
(539, 'Renato Salvatori'),
(540, 'Memmo Carotenuto'),
(541, 'Aki Asakura'),
(542, 'Takeo Chii'),
(543, 'Nobuko Miyamoto'),
(544, 'Aldo Baglio'),
(545, 'Giacomo Poretti'),
(546, 'Giovanni Storti'),
(547, 'Peter Lorre'),
(548, 'Ellen Widmann'),
(549, 'Inge Landgut'),
(550, 'Kate Winslet'),
(551, 'Mackenzie Foy'),
(552, 'Iain Glen'),
(553, 'Megan Follows'),
(554, 'Colleen Dewhurst'),
(555, 'Richard Farnsworth'),
(556, 'Kirsten Dunst'),
(557, 'Harry Dean Stanton'),
(558, 'Nastassja Kinski'),
(559, 'Dean Stockwell'),
(560, 'Arnold Schwarzenegger'),
(561, 'Linda Hamilton'),
(562, 'Mads Mikkelsen'),
(563, 'Thomas Bo Larsen'),
(564, 'Annika Wedderkopp'),
(565, 'Lubna Azabal'),
(566, 'Melissa Desormeaux-Poulin'),
(567, 'Maxim Gaudette'),
(568, 'Daniel Day-Lewis'),
(569, 'Paul Dano'),
(570, 'Kevin J. O\'Connor'),
(571, 'Jay Baruchel'),
(572, 'America Ferrera'),
(573, 'Gerard Butler'),
(574, 'Frances McDormand'),
(575, 'Woody Harrelson'),
(576, 'Sam Rockwell'),
(577, 'Dev Patel'),
(578, 'Rooney Mara'),
(579, 'David Wenham'),
(580, 'Keir Dullea'),
(581, 'Gary Lockwood'),
(582, 'William Sylvester'),
(583, 'Jake Gyllenhaal'),
(584, 'Maria Bello'),
(585, 'Keira Knightley'),
(586, 'Matthew Macfadyen'),
(587, 'Brenda Blethyn'),
(588, 'Hannah Gadsby'),
(589, 'Vincent Cassel'),
(590, 'Hubert Kounde'),
(591, 'Said Taghmaoui'),
(592, 'Jurgen Prochnow'),
(593, 'Herbert Gronemeyer'),
(594, 'Klaus Wennemann'),
(595, 'Mao Ichimichi'),
(596, 'Suzuko Mimori'),
(597, 'Alain Delon'),
(598, 'Annie Girardot'),
(599, 'Justin Timberlake'),
(600, 'Ryder Allen'),
(601, 'Juno Temple'),
(602, 'Ben Burtt'),
(603, 'Elissa Knight'),
(604, 'Jeff Garlin'),
(605, 'Emma Thompson'),
(606, 'Joel Fry'),
(607, 'Jean-Pierre Leaud'),
(608, 'Claire Maurier'),
(609, 'Albert Remy'),
(610, 'Akira Terao'),
(611, 'Jinpachi Nezu'),
(612, 'Noriko Hidaka'),
(613, 'Chika Sakamoto'),
(614, 'Hitoshi Takagi'),
(615, 'Paulina Goto'),
(616, 'Jesus Zavala'),
(617, 'Vadhir Derbez'),
(618, 'Alicia Jaziz Zapien'),
(619, 'Julian Cerati'),
(620, 'Gimena Gomez'),
(621, 'B?rbara L?pez'),
(622, 'Arturo Barba'),
(623, 'Henryk Baranowski'),
(624, 'Wojciech Klata'),
(625, 'Maja Komorowska'),
(626, 'Sophia Loren'),
(627, 'John Vernon'),
(628, 'Kim Sang-kyung'),
(629, 'Kim Roi-ha'),
(630, 'Wagner Moura'),
(631, 'Caio Junqueira'),
(632, 'Andr? Ramiro'),
(633, 'Yoo Hae-jin'),
(634, 'Luigi Lo Cascio'),
(635, 'Alessio Boni'),
(636, 'Adriana Asti'),
(637, 'Taraji P. Henson'),
(638, 'Janelle Monae'),
(639, 'Toto'),
(640, 'Peppino De Filippo'),
(641, 'Dorian Gray'),
(642, 'Anne Bancroft'),
(643, 'Alfonso Mejia'),
(644, 'Estela Inda'),
(645, 'Efrain Arauz'),
(646, 'Jimmy Shergill'),
(647, 'Yang Tianxiang'),
(648, 'He Zhang'),
(649, 'Xuan Xiaoming'),
(650, 'Alessandro Borghi'),
(651, 'Max Tortora'),
(652, 'Jasmine Trinca'),
(653, 'F. Murray Abraham'),
(654, 'Tony Revolori'),
(655, 'Mckenna Grace'),
(656, 'Lindsay Duncan'),
(657, 'Nick Robinson'),
(658, 'Jennifer Garner'),
(659, 'Josh Duhamel'),
(660, 'Spencer Tracy'),
(661, 'Burt Lancaster'),
(662, 'Richard Widmark'),
(663, 'Roman Griffin Davis'),
(664, 'Thomasin McKenzie'),
(665, 'Scarlett Johansson'),
(666, 'Subir Banerjee'),
(667, 'Uma Das Gupta'),
(668, 'Karuna Banerjee'),
(669, 'Regina Case'),
(670, 'Camila Mardila'),
(671, 'Karine Teles'),
(672, 'Yuriy Solomin'),
(673, 'Maksim Munzuk'),
(674, 'Mikhail Bychkov'),
(675, 'Cagatay Ulusoy'),
(676, 'Emir Ali Dogrul'),
(677, 'Ersin Arici'),
(678, 'Bob Odenkirk'),
(679, 'Jenna Coleman'),
(680, 'Peter Capaldi'),
(681, 'Kurt Russell'),
(682, 'Keith David'),
(683, 'Wilford Brimley'),
(684, 'Maria Falconetti'),
(685, 'Eugene Silvain'),
(686, 'Andre Berley'),
(687, 'Martina Gedeck'),
(688, 'Ulrich Muhe'),
(689, 'Sebastian Koch'),
(690, 'Tom Hulce'),
(691, 'Elizabeth Berridge'),
(692, 'Marg Helgenberger'),
(693, 'Betty Gilpin'),
(694, 'Henry Lau'),
(695, 'Jonah Hill'),
(696, 'Margot Robbie'),
(697, 'Hanna Obbeek'),
(698, 'Nils Verkooijen'),
(699, 'Fiona Livingston'),
(700, 'Douglas Booth'),
(701, 'Eleanor Tomlinson'),
(702, 'Robert Gulaczyk'),
(703, 'Brie Larson'),
(704, 'Joan Allen'),
(705, 'Yumeji Tsukioka'),
(706, 'Keiji Fujiwara'),
(707, 'Aya Hirano'),
(708, 'Nick Ainsworth'),
(709, 'Kelly Donohue'),
(710, 'Ellen Burstyn'),
(711, 'Jared Leto'),
(712, 'Giulietta Masina'),
(713, 'Francois Perier'),
(714, 'Franca Marzi'),
(715, 'Annette Bening'),
(716, 'Thora Birch'),
(717, 'Vladimir Brichta'),
(718, 'Leandra Leal'),
(719, 'Taina Muller'),
(720, 'Pat Dade'),
(721, 'Amy Smallman'),
(722, 'Georgia Hale'),
(723, 'Mack Swain'),
(724, 'Ray Milland'),
(725, 'Robert Cummings'),
(726, 'Yves Montand'),
(727, 'Charles Vanel'),
(728, 'Peter van Eyck'),
(729, 'Paul Newman'),
(730, 'Robert Redford'),
(731, 'Robert Shaw'),
(732, 'Margarita Terekhova'),
(733, 'Ignat Daniltsev'),
(734, 'Larisa Tarkovskaya'),
(735, 'Moira Shearer'),
(736, 'Adolf Wohlbruck'),
(737, 'Marius Goring'),
(738, 'Aldo Fabrizi'),
(739, 'Anna Magnani'),
(740, 'Marcello Pagliero'),
(741, 'Al Ernest Garcia'),
(742, 'Merna Kennedy'),
(743, 'Orson Welles'),
(744, 'Joseph Cotten'),
(745, 'Dorothy Comingore'),
(746, 'Takeshi Kaneshiro'),
(747, 'Brigitte Lin'),
(748, 'Sharon Stone'),
(749, 'Kotaro Daigo'),
(750, 'Nana Mori'),
(751, 'Tsubasa Honda'),
(752, 'Non'),
(753, 'Yoshimasa Hosoya'),
(754, 'Daisuke Ono'),
(755, 'Ricardo Darin'),
(756, 'Peter Lanzani'),
(757, 'Alejandra Flechner'),
(758, 'Koji Yakusho'),
(759, 'Shota Sometani'),
(760, 'David Rawle'),
(761, 'Lucy O\'Connell'),
(762, 'Brendan Gleeson'),
(763, 'Lena Nyman'),
(764, 'Brendan Fraser'),
(765, 'Hong Chau'),
(766, 'Jon Bernthal'),
(767, 'Benedict Cumberbatch'),
(768, 'Matthew Goode'),
(769, 'Ryan O\'Neal'),
(770, 'Marisa Berenson'),
(771, 'Richard Gere'),
(772, 'Sarah Roemer'),
(773, 'Gregory Peck'),
(774, 'Mary Badham'),
(775, 'Phillip Alford'),
(776, 'Christopher Walken'),
(777, 'John Cazale'),
(778, 'William Levy'),
(779, 'Alicia Sanz'),
(780, 'Roberto Sosa'),
(781, 'Martha Higareda'),
(782, 'Carla Adell'),
(783, 'Rami Malek'),
(784, 'Gwilym Lee'),
(785, 'Ben Hardy'),
(786, 'John Kahrs'),
(787, 'Kari Wahlgren'),
(788, 'Jeff Turley'),
(789, 'Tom Holland'),
(790, 'Zendaya'),
(791, 'Artyom Bystrov'),
(792, 'Natalya Surkova'),
(793, 'Yuriy Tsurilo'),
(794, 'Christopher Carley'),
(795, 'Bee Vang'),
(796, 'Enzo Turco'),
(797, 'Ge You'),
(798, 'Gong Li'),
(799, 'Ben Niu'),
(800, 'Takahiro Nishijima'),
(801, 'Hikari Mitsushima'),
(802, 'Sakura Ando'),
(803, 'Walter Huston'),
(804, 'Tim Holt'),
(805, 'Marion Mack'),
(806, 'Glen Cavender'),
(807, 'Kang Ha-neul'),
(808, 'Kim Moo-yul'),
(809, 'Moon Sung-keun'),
(810, 'George MacKay'),
(811, 'Abbie Cornish'),
(812, 'Soledad Villamil'),
(813, 'Pablo Rago'),
(814, 'Jung Jae-young'),
(815, 'Jung Ryeo-won'),
(816, 'Yang Mi-kyung'),
(817, 'Cary Grant'),
(818, 'Eva Marie Saint'),
(819, 'James Mason'),
(820, 'Emilia Jones'),
(821, 'Marlee Matlin'),
(822, 'Troy Kotsur'),
(823, 'Grey DeLisle'),
(824, 'Sybil Seely'),
(825, 'Joe Roberts'),
(826, 'Zach Galifianakis'),
(827, 'Jack Dylan Grazer'),
(828, 'Ed Helms'),
(829, 'Dean-Charles Chapman'),
(830, 'Mark Strong'),
(831, 'Bob Geldof'),
(832, 'Christine Hargreaves'),
(833, 'James Laurenson'),
(834, 'Madeline Carroll'),
(835, 'Callan McAuliffe'),
(836, 'Rebecca De Mornay'),
(837, 'Jimmy Wong'),
(838, 'John Cho'),
(839, 'Constance Wu'),
(840, 'Silvia Pinal'),
(841, 'Jacqueline Andere'),
(842, 'Jose Baviera'),
(843, 'Aamir Khan'),
(844, 'R. Madhavan'),
(845, 'Sharman Joshi'),
(846, 'Mitsuko Mito'),
(847, 'Yuya Yagira'),
(848, 'Ayu Kitaura'),
(849, 'Hiei Kimura'),
(850, 'Peter O\'Toole'),
(851, 'Alec Guinness'),
(852, 'Anthony Quinn'),
(853, 'Francois Leterrier'),
(854, 'Charles Le Clainche'),
(855, 'Maurice Beerblock'),
(856, 'Jang Dong-gun'),
(857, 'Won Bin'),
(858, 'Lee Eun-ju'),
(859, 'Smaran Ghosal'),
(860, 'Pinaki Sengupta'),
(861, 'Darsheel Safary'),
(862, 'Tisca Chopra'),
(863, 'Minoru Chiaki'),
(864, 'Kamatari Fujiwara'),
(865, 'Henry Zaga'),
(866, 'Giulia Be'),
(867, 'Joao Miguel'),
(868, 'Ghilherme Lobo'),
(869, 'F?bio Audi'),
(870, 'Tess Amorim'),
(871, 'Cathy Moriarty'),
(872, 'Vivien Leigh'),
(873, 'Clark Gable'),
(874, 'Olivia de Havilland'),
(875, 'Julie Delpy'),
(876, 'Andrea Eckert'),
(877, 'Lucy Liu'),
(878, 'Vivica A. Fox'),
(879, 'Lino Ventura'),
(880, 'Paul Meurisse'),
(881, 'Jean-Pierre Cassel'),
(882, 'Sara Takatsuki'),
(883, 'Kasumi Arimura'),
(884, 'Nanako Matsushima'),
(885, 'Harriet Andersson'),
(886, 'Kari Sylwan'),
(887, 'Tim Allen'),
(888, 'Don Rickles'),
(889, 'Ewen Bremner'),
(890, 'Jonny Lee Miller'),
(891, 'Karen Gillan'),
(892, 'Arthur Darvill'),
(893, 'John Dall'),
(894, 'Farley Granger'),
(895, 'Tatyana Samoylova'),
(896, 'Aleksey Batalov'),
(897, 'Vasili Merkuryev'),
(898, 'Keiju Kobayashi'),
(899, 'Alida Valli'),
(900, 'Keiko Yokozawa'),
(901, 'Mayumi Tanaka'),
(902, 'Minori Terada'),
(903, 'Hilary Swank'),
(904, 'Isuzu Yamada'),
(905, 'Reza Naji'),
(906, 'Amir Farrokh Hashemian'),
(907, 'Bahare Seddiqi'),
(908, 'Maleaume Paquin'),
(909, 'Daniel Auteuil'),
(910, 'Virginie Ledoyen'),
(911, 'Georges Melies'),
(912, 'Bleuette Bernon'),
(913, 'Francois Lallement'),
(914, 'Karl Malden'),
(915, 'Aleksandr Demyanenko'),
(916, 'Yuriy Yakovlev'),
(917, 'Leonid Kuravlyov'),
(918, 'Werner Kraub'),
(919, 'Conrad Veidt'),
(920, 'Friedrich Feher'),
(921, 'Caleb Landry Jones'),
(922, 'Oscar Avila'),
(923, 'Ma Jingwu'),
(924, 'He Saifei'),
(925, 'Don Hertzfeldt'),
(926, 'Sara Cushman'),
(927, 'Fatima Sana Shaikh'),
(928, 'Sanya Malhotra'),
(929, 'Claire Bloom'),
(930, 'Nigel Bruce'),
(931, 'Irene Jacob'),
(932, 'Jean-Pierre Lorit'),
(933, 'Abigail Cowen'),
(934, 'Tom Lewis'),
(935, 'Eric Dane'),
(936, 'Mitsuo Iwata'),
(937, 'Nozomu Sasaki'),
(938, 'Mami Koyama'),
(939, 'Jeanne Moreau'),
(940, 'Monica Vitti'),
(941, 'Chiwetel Ejiofor'),
(942, 'Michael Fassbender'),
(943, 'Lupita Nyong\'o'),
(944, 'Will Smith'),
(945, 'Ben Foster'),
(946, 'Charmaine Bingwa'),
(947, 'Abbi Jacobson'),
(948, 'Danny McBride'),
(949, 'Maya Rudolph'),
(950, 'Ryu Seung-ryong'),
(951, 'Park Shin-hye'),
(952, 'Kal So-won'),
(953, 'Marceline Day'),
(954, 'Harold Goodwin'),
(955, 'Ed Asner'),
(956, 'Christopher Plummer'),
(957, 'Jordan Nagai'),
(958, 'Charlie Plummer'),
(959, 'Molly Parker'),
(960, 'Walton Goggins'),
(961, 'Maxwell Simba'),
(962, 'Aissa Maiga'),
(963, 'Colin Farrell'),
(964, 'Joel Edgerton'),
(965, 'Takumi Kitamura'),
(966, 'Ryo Yoshizawa'),
(967, 'Yuki Yamada'),
(968, 'Reese Witherspoon'),
(969, 'Bruce Willis'),
(970, 'Haley Joel Osment'),
(971, 'Toni Collette'),
(972, 'Massimo Troisi'),
(973, 'Maria Grazia Cucinotta'),
(974, 'Steve McQueen'),
(975, 'James Garner'),
(976, 'Richard Attenborough'),
(977, 'Richard Basehart'),
(978, 'Engin Altan Duzyatan'),
(979, 'Belcim Bilgin'),
(980, 'Selim Erdogan'),
(981, 'Chutimon Chuengcharoensukying'),
(982, 'Eisaya Hosuwan'),
(983, 'Teeradon Supapunpinyo'),
(984, 'Gosta Ekman'),
(985, 'Emil Jannings'),
(986, 'Camilla Horn'),
(987, 'Peter Weller'),
(988, 'Ariel Winter'),
(989, 'David Selby'),
(990, 'Joe Odagiri'),
(991, 'Fan Bingbing'),
(992, 'Mirai Shida'),
(993, 'Koichi Yamadera'),
(994, 'Joan Crawford'),
(995, 'Victor Buono'),
(996, 'Masako Nozawa'),
(997, 'Toshio Furukawa'),
(998, 'Yuko Minaguchi'),
(999, 'Sam Neill'),
(1000, 'Laura Dern'),
(1001, 'Jeff Goldblum'),
(1002, 'Sumi Shimamoto'),
(1003, 'Ichiro Nagai'),
(1004, 'Goro Naya'),
(1005, 'Atsuko Tanaka'),
(1006, 'Akio Otsuka'),
(1007, 'Iemasa Kayumi'),
(1008, 'Tommy Lee Jones'),
(1009, 'Javier Bardem'),
(1010, 'Josh Brolin'),
(1011, 'Thiago Cazado'),
(1012, 'Paulo Sousa'),
(1013, 'Juliana Zancanaro'),
(1014, 'Masami Nagasawa'),
(1015, 'Kamali Minter'),
(1016, 'Jahi Di\'Allo Winston'),
(1017, 'Meek Mill'),
(1018, 'Teyonah Parris'),
(1019, 'Yoko Honna'),
(1020, 'Issey Takahashi'),
(1021, 'Takashi Tachibana'),
(1022, 'Rutger Hauer'),
(1023, 'Sean Young'),
(1024, 'Michael B. Jordan'),
(1025, 'Mel Gibson'),
(1026, 'Catherine McCormack'),
(1027, 'Sophie Marceau'),
(1028, 'Jessica Rothe'),
(1029, 'Harry Shum Jr.'),
(1030, 'Michael Masini'),
(1031, 'Kenta Miyake'),
(1032, 'Vin Diesel'),
(1033, 'Eli Marienthal'),
(1034, 'Jennifer Aniston'),
(1035, 'Mauricio Ochmann'),
(1036, 'Esmeralda Pimentel'),
(1037, 'Matteo Giannini'),
(1038, 'Faye Dunaway'),
(1039, 'John Huston'),
(1040, 'Michael Biehn'),
(1041, 'Lance Henriksen'),
(1042, 'Kim Go-eun'),
(1043, 'Jung Hae-in'),
(1044, 'Park Hae-jun'),
(1045, 'Karen Allen'),
(1046, 'Paul Freeman'),
(1047, 'Cassandra Sanchez Navarro'),
(1048, 'Regina Blandon'),
(1049, 'Diana Bovio'),
(1050, 'Amy Poehler'),
(1051, 'Phyllis Smith'),
(1052, 'Bill Hader'),
(1053, 'Imelda Staunton'),
(1054, 'Justin Chambers'),
(1055, 'C. Thomas Howell'),
(1056, 'Gene Hackman'),
(1057, 'Fabiula Nascimento'),
(1058, 'Babu Santana'),
(1059, 'Emilia Clarke'),
(1060, 'Sam Claflin'),
(1061, 'Janet McTeer'),
(1062, 'Samantha Isler'),
(1063, 'Annalise Basso'),
(1064, 'Daniela Rocca'),
(1065, 'Ming-Na Wen'),
(1066, 'Eddie Murphy'),
(1067, 'BD Wong'),
(1068, 'Laurence Olivier'),
(1069, 'Joan Fontaine'),
(1070, 'Zac Efron'),
(1071, 'Michelle Williams'),
(1072, 'Bourvil'),
(1073, 'Louis de Funes'),
(1074, 'Terry-Thomas'),
(1075, 'Gene Wilder'),
(1076, 'Teri Garr'),
(1077, 'Marty Feldman'),
(1078, 'Chiara Mastroianni'),
(1079, 'Danielle Darrieux'),
(1080, 'Catherine Deneuve'),
(1081, 'Thea White'),
(1082, 'Donnie Yen'),
(1083, 'Bill Skarsgard'),
(1084, 'Kelly Marie Tran'),
(1085, 'Awkwafina'),
(1086, 'Izaac Wang'),
(1087, 'Ettore Garofolo'),
(1088, 'Franco Citti'),
(1089, 'Stanislav Lyubshin'),
(1090, 'Evgeni Leonov'),
(1091, 'Jean N?groni'),
(1092, 'Helene Chatelain'),
(1093, 'Davos Hanich'),
(1094, 'Mikhail Pugovkin'),
(1095, 'Aleksei Smirnov'),
(1096, 'Bruno Zanin'),
(1097, 'Armando Brancia'),
(1098, 'Pupella Maggio'),
(1099, 'Lu Yanting'),
(1100, 'Joseph'),
(1101, 'Han Mo'),
(1102, 'Domhnall Gleeson'),
(1103, 'Rachel McAdams'),
(1104, 'Bill Nighy'),
(1105, 'Brahim Hadjadj'),
(1106, 'Jean Martin'),
(1107, 'Yacef Saadi'),
(1108, 'Pete Postlethwaite'),
(1109, 'Luna Wedler'),
(1110, 'Jannik Sch?mann'),
(1111, 'Luise Befort'),
(1112, 'Saara Chaudry'),
(1113, 'Soma Bhatia'),
(1114, 'Laara Sadiq'),
(1115, 'Thandiwe Newton'),
(1116, 'Carole Lombard'),
(1117, 'Jack Benny'),
(1118, 'Robert Stack'),
(1119, 'Jang Hyuk'),
(1120, 'Lee Seo-young'),
(1121, 'Bruce Khan'),
(1122, 'Saoirse Ronan'),
(1123, 'Florence Pugh'),
(1124, 'Audrey Tautou'),
(1125, 'Mathieu Kassovitz'),
(1126, 'Rufus'),
(1127, 'Jan Sterling'),
(1128, 'Robert Arthur'),
(1129, 'Joseph Mazzello'),
(1130, 'Brad Renfro'),
(1131, 'Annabella Sciorra'),
(1132, 'Hugo Weaving'),
(1133, 'Stephen Rea'),
(1134, 'Leila Hatami'),
(1135, 'Payman Maadi'),
(1136, 'Shahab Hosseini'),
(1137, 'Val Kilmer'),
(1138, 'Nikolay Burlyaev'),
(1139, 'Valentin Zubkov'),
(1140, 'Nanoka Hara'),
(1141, 'Hokuto Matsumura'),
(1142, 'Eri Fukatsu'),
(1143, 'Babek Ahmed Poor'),
(1144, 'Ahmed Ahmed Poor'),
(1145, 'Kheda Barech Defai'),
(1146, 'Jean Arthur'),
(1147, 'Claude Rains'),
(1148, 'J.G. Quintel'),
(1149, 'Sam Marin'),
(1150, 'Wu Nien-Jen'),
(1151, 'Kelly Lee'),
(1152, 'Jonathan Chang'),
(1153, 'Gerard Depardieu'),
(1154, 'Dominique Sanda'),
(1155, 'Eva Noblezada'),
(1156, 'Simon Pegg'),
(1157, 'Jane Fonda'),
(1158, 'Billy Zane'),
(1159, 'Ryan Gosling'),
(1160, 'John Legend'),
(1161, 'Rosamund Pike'),
(1162, 'Neil Patrick Harris'),
(1163, 'Maite Perroni'),
(1164, 'Carlos Espejel'),
(1165, 'Victor Jory'),
(1166, 'Inga Swenson'),
(1167, 'Audrey Hepburn'),
(1168, 'Eddie Albert'),
(1169, 'Ferdia Walsh-Peelo'),
(1170, 'Lucy Boynton'),
(1171, 'Maria Doyle Kennedy'),
(1172, 'Aya Hisakawa'),
(1173, 'Ryou Horikawa'),
(1174, 'Scott Menville'),
(1175, 'Hynden Walch'),
(1176, 'Khary Payton'),
(1177, 'Leslie Cheung'),
(1178, 'Zhang Feng Yi'),
(1179, 'Gonzalo Vega'),
(1180, 'Luis Gerardo M?ndez'),
(1181, 'Karla Souza'),
(1182, 'Henrik Malberg'),
(1183, 'Birgitte Federspiel'),
(1184, 'Emil Hass Christensen'),
(1185, '?ric Herson-Macarel'),
(1186, 'Damien Boisseau'),
(1187, 'Elisabeth Ventura'),
(1188, 'Jean-Paul Belmondo'),
(1189, 'Raf Vallone'),
(1190, 'V?ra Clouzot'),
(1191, 'Simone Signoret'),
(1192, 'Jean Brochard'),
(1193, 'Mariana Trevino'),
(1194, 'Rachel Keller'),
(1195, 'Oleg Yankovskiy'),
(1196, 'Domiziana Giordano'),
(1197, 'Reda Kateb'),
(1198, 'Helene Vincent'),
(1199, 'Aya Okamoto'),
(1200, 'Yoshiaki Umegaki'),
(1201, 'Tohru Emori'),
(1202, 'Bjork'),
(1203, 'Luke Treadaway'),
(1204, 'Ruta Gedmintas'),
(1205, 'Joanne Froggatt'),
(1206, 'Gunnel Lindblom'),
(1207, 'Gena Rowlands'),
(1208, 'Claudette Colbert'),
(1209, 'Walter Connolly'),
(1210, 'David Carradine'),
(1211, 'Daryl Hannah'),
(1212, 'Emma Berman'),
(1213, 'Robert Mitchum'),
(1214, 'Shelley Winters'),
(1215, 'Lillian Gish'),
(1216, 'Tucker Gilmore'),
(1217, 'Raymond S. Persi'),
(1218, 'Martin Freeman'),
(1219, 'Una Stubbs'),
(1220, 'George O?Brien'),
(1221, 'Janet Gaynor'),
(1222, 'Margaret Livingston'),
(1223, 'William H. Macy'),
(1224, 'Peter Stormare'),
(1225, 'Carol Duarte'),
(1226, 'Julia Stockler'),
(1227, 'Nahuel Perez Biscayart'),
(1228, 'Albert Dupontel'),
(1229, 'Laurent Lafitte'),
(1230, 'Tatum O\'Neal'),
(1231, 'Madeline Kahn'),
(1232, 'Tony Fucile'),
(1233, 'Krista Sheffler'),
(1234, 'Phil Sheridan'),
(1235, 'Genevieve Doang'),
(1236, 'Kaho Nakamura'),
(1237, 'Damian Alcazar'),
(1238, 'Joaquin Cosio'),
(1239, 'Ernesto Gomez Cruz'),
(1240, 'Franco Interlenghi'),
(1241, 'Rinaldo Smordoni'),
(1242, 'Annielo Mele'),
(1243, 'Harold Lloyd'),
(1244, 'Mildred Davis'),
(1245, 'Bill Strother'),
(1246, 'Jean Servais'),
(1247, 'Carl Mohner'),
(1248, 'Robert Manuel'),
(1249, 'Carlo Battisti'),
(1250, 'Maria Pia Casilio'),
(1251, 'Lina Gennari'),
(1252, 'Bryan Cranston'),
(1253, 'Koyu Rankin'),
(1254, 'Bob Balaban'),
(1255, 'Giuseppe Battiston'),
(1256, 'Anna Foglietta'),
(1257, 'Marco Giallini'),
(1258, 'Lily Franky'),
(1259, 'Mayu Matsuoka'),
(1260, 'Eddie Redmayne'),
(1261, 'Felicity Jones'),
(1262, 'Charlie Cox'),
(1263, 'Amy Adams'),
(1264, 'Wil Wheaton'),
(1265, 'River Phoenix'),
(1266, 'Philip Seymour Hoffman'),
(1267, 'Eric Bana'),
(1268, 'Leonardo Sbaraglia'),
(1269, 'Erica Rivas'),
(1270, 'John Wayne'),
(1271, 'Dean Martin'),
(1272, 'Ricky Nelson'),
(1273, 'Yoko Hikasa'),
(1274, 'Ai Kayano'),
(1275, 'Yuriy Nikulin'),
(1276, 'Nina Grebeshkova'),
(1277, 'Nonna Mordyukova'),
(1278, 'Nathalie Delon'),
(1279, 'Marianne Koch'),
(1280, 'Lars Rudolph'),
(1281, 'Peter Fitz'),
(1282, 'Hanna Schygulla'),
(1283, 'Casey Kasem'),
(1284, 'Jacqueline Bisset'),
(1285, 'Francois Truffaut'),
(1286, 'Charlton Heston'),
(1287, 'Haya Harareet'),
(1288, 'Stephen Boyd'),
(1289, 'Ed Harris'),
(1290, 'So Ji-sub'),
(1291, 'Han Hyo-joo'),
(1292, 'Oh Gwang-rok'),
(1293, 'Louis C.K.'),
(1294, 'Daniel Craig'),
(1295, 'Ana de Armas'),
(1296, 'Dorian Le Clech'),
(1297, 'Batyste Fleurial'),
(1298, 'Patrick Bruel'),
(1299, 'Louis Jourdan'),
(1300, 'Mady Christians'),
(1301, 'Justin Theroux'),
(1302, 'Naomi Watts'),
(1303, 'Laura Harring'),
(1304, 'Minami Takayama'),
(1305, 'Rei Sakuma'),
(1306, 'Kappei Yamaguchi'),
(1307, 'Masahiro Motoki'),
(1308, 'Ryoko Hirosue'),
(1309, 'Mary McDonnell'),
(1310, 'Graham Greene'),
(1311, 'Lee Young-ae'),
(1312, 'Lee Byung-hun'),
(1313, 'Donatas Banionis'),
(1314, 'Natalya Bondarchuk'),
(1315, 'Juri Jarvet'),
(1316, 'Judd Nelson'),
(1317, 'Stefanie Scott'),
(1318, 'Joely Fisher'),
(1319, 'Romanthony'),
(1320, 'Thomas Bangalter'),
(1321, 'Guy-Manuel de Homem-Christo'),
(1322, 'Jean Gabin'),
(1323, 'Pierre Fresnay'),
(1324, 'Lee Remick'),
(1325, 'Ben Gazzara'),
(1326, 'Johnny Simmons'),
(1327, 'Nate Lang'),
(1328, 'Irene Papas'),
(1329, 'Bruno Ganz'),
(1330, 'Alexandra Maria Lara'),
(1331, 'Corinna Harfouch'),
(1332, 'Monica Martelli'),
(1333, 'Marcos Palmeira'),
(1334, 'Paolo Stoppa'),
(1335, 'Caroline Berg'),
(1336, 'Asa Butterfield'),
(1337, 'Jack Scanlon'),
(1338, 'Vera Farmiga'),
(1339, 'Dustin Hoffman'),
(1340, 'Hilda Borgstr?m'),
(1341, 'Tore Svennberg'),
(1342, 'Oh Young-soo'),
(1343, 'Kim Ki-duk'),
(1344, 'Kim Young-min'),
(1345, 'Jeff Bridges'),
(1346, 'John Goodman'),
(1347, 'Steve Buscemi'),
(1348, 'Peter Finch'),
(1349, 'Lily Collins'),
(1350, 'Christian Cooke'),
(1351, 'Keiji Sada'),
(1352, 'Sean Connery'),
(1353, 'Denholm Elliott'),
(1354, 'Luca Marinelli'),
(1355, 'Silvia D\'Amico'),
(1356, 'Stephen Apostolina'),
(1357, 'Kirk Baily'),
(1358, 'Ben Bledsoe'),
(1359, 'Geoffrey Rush'),
(1360, 'Jim Sturgess'),
(1361, 'Sylvia Hoeks');

-- --------------------------------------------------------

--
-- Table structure for table `addons`
--

CREATE TABLE `addons` (
  `id` int(11) NOT NULL,
  `name` varchar(255) NOT NULL,
  `unique_identifier` varchar(255) NOT NULL,
  `version` varchar(255) DEFAULT NULL,
  `status` int(11) NOT NULL,
  `created_at` int(11) DEFAULT NULL,
  `updated_at` int(11) DEFAULT NULL,
  `about` longtext DEFAULT NULL
) ENGINE=InnoDB DEFAULT CHARSET=utf8 COLLATE=utf8_general_ci;

-- --------------------------------------------------------

--
-- Table structure for table `ci_sessions`
--

CREATE TABLE `ci_sessions` (
  `id` varchar(40) NOT NULL,
  `ip_address` varchar(45) NOT NULL,
  `timestamp` int(10) UNSIGNED NOT NULL DEFAULT 0,
  `data` blob NOT NULL
) ENGINE=InnoDB DEFAULT CHARSET=utf8 COLLATE=utf8_unicode_ci;

--
-- Dumping data for table `ci_sessions`
--

INSERT INTO `ci_sessions` (`id`, `ip_address`, `timestamp`, `data`) VALUES
('24natbp1k73sklpmjonsakvo3cmepht6', '::1', 1687014865, 0x5f5f63695f6c6173745f726567656e65726174657c693a313638373031343836353b757365725f6c6f67696e5f7374617475737c733a313a2231223b757365725f69647c733a313a2231223b6c6f67696e5f747970657c733a313a2231223b6163746976655f757365727c733a353a2261646d696e223b),
('26co4pdc7bg860p76lkdq9rj3tt5nn9l', '::1', 1687058552, 0x5f5f63695f6c6173745f726567656e65726174657c693a313638373035383535323b757365725f6c6f67696e5f7374617475737c733a313a2231223b757365725f69647c733a313a2231223b6c6f67696e5f747970657c733a313a2231223b6163746976655f757365727c733a353a2261646d696e223b),
('2rnqmd0a6v6lvhh54orcsq3oi8kabmsc', '::1', 1686994996, 0x5f5f63695f6c6173745f726567656e65726174657c693a313638363939343939363b757365725f6c6f67696e5f7374617475737c733a313a2231223b757365725f69647c733a313a2231223b6c6f67696e5f747970657c733a313a2231223b6163746976655f757365727c733a353a2261646d696e223b),
('302m50iu91hvk4tb12td8977558k2g3c', '::1', 1687054995, 0x5f5f63695f6c6173745f726567656e65726174657c693a313638373035343939353b757365725f6c6f67696e5f7374617475737c733a313a2231223b757365725f69647c733a313a2231223b6c6f67696e5f747970657c733a313a2231223b6163746976655f757365727c733a353a2261646d696e223b),
('3hqd718or85ieeqhtkshaa43q7dtig69', '::1', 1687015336, 0x5f5f63695f6c6173745f726567656e65726174657c693a313638373031353333363b757365725f6c6f67696e5f7374617475737c733a313a2231223b757365725f69647c733a313a2232223b6c6f67696e5f747970657c733a313a2230223b),
('4i55i036ek1kqbmqf4vti68b4hpfrhno', '::1', 1686995306, 0x5f5f63695f6c6173745f726567656e65726174657c693a313638363939353330363b757365725f6c6f67696e5f7374617475737c733a313a2231223b757365725f69647c733a313a2231223b6c6f67696e5f747970657c733a313a2231223b6163746976655f757365727c733a353a2261646d696e223b),
('4rm1ki0mp0hfki833aoj617e5p3jbfb3', '::1', 1687016120, 0x5f5f63695f6c6173745f726567656e65726174657c693a313638373031363132303b757365725f6c6f67696e5f7374617475737c733a313a2231223b757365725f69647c733a313a2231223b6c6f67696e5f747970657c733a313a2231223b6163746976655f757365727c733a353a2261646d696e223b),
('5tk68gq0c0r97u0t9ccavi7g9irq1l60', '::1', 1686995333, 0x5f5f63695f6c6173745f726567656e65726174657c693a313638363939353330363b757365725f6c6f67696e5f7374617475737c733a313a2231223b757365725f69647c733a313a2231223b6c6f67696e5f747970657c733a313a2231223b6163746976655f757365727c733a353a2261646d696e223b),
('60pm7bsbrgm52apbq27ige0hs894u514', '::1', 1687016503, 0x5f5f63695f6c6173745f726567656e65726174657c693a313638373031363530333b757365725f6c6f67696e5f7374617475737c733a313a2231223b757365725f69647c733a313a2231223b6c6f67696e5f747970657c733a313a2231223b6163746976655f757365727c733a353a2261646d696e223b),
('6s65k8is65opmv53ds27jg2d7nfjf5bg', '::1', 1687027329, 0x5f5f63695f6c6173745f726567656e65726174657c693a313638373032373332393b7369676e696e5f726573756c747c733a363a226661696c6564223b5f5f63695f766172737c613a323a7b733a31333a227369676e696e5f726573756c74223b733a333a226f6c64223b733a31333a227369676e75705f726573756c74223b733a333a226f6c64223b7d7369676e75705f726573756c747c733a373a2273756363657373223b757365725f6c6f67696e5f7374617475737c733a313a2231223b757365725f69647c733a313a2233223b6c6f67696e5f747970657c733a313a2230223b),
('7oqo0s086p1mpuahd5b25ujgr7n24b3o', '::1', 1687017625, 0x5f5f63695f6c6173745f726567656e65726174657c693a313638373031373632353b757365725f6c6f67696e5f7374617475737c733a313a2231223b757365725f69647c733a313a2232223b6c6f67696e5f747970657c733a313a2230223b),
('9r87vss5v72po69uifodqme9sr23tvrv', '::1', 1687055953, 0x5f5f63695f6c6173745f726567656e65726174657c693a313638373035353935333b757365725f6c6f67696e5f7374617475737c733a313a2231223b757365725f69647c733a313a2231223b6c6f67696e5f747970657c733a313a2231223b6163746976655f757365727c733a353a2261646d696e223b),
('a1utn6ol3jeivc7kjmr6s2g4kejihj4t', '::1', 1687017008, 0x5f5f63695f6c6173745f726567656e65726174657c693a313638373031373030383b757365725f6c6f67696e5f7374617475737c733a313a2231223b757365725f69647c733a313a2231223b6c6f67696e5f747970657c733a313a2231223b6163746976655f757365727c733a353a2261646d696e223b),
('f59f47ee0certcuaaqcsm72umih1fdr4', '::1', 1686827688, 0x5f5f63695f6c6173745f726567656e65726174657c693a313638363832373633323b757365725f6c6f67696e5f7374617475737c733a313a2231223b757365725f69647c733a313a2231223b6c6f67696e5f747970657c733a313a2231223b6163746976655f757365727c733a353a2261646d696e223b),
('f7pds4cpda0ehepp10l516hnbnp7sh5l', '::1', 1687058552, 0x5f5f63695f6c6173745f726567656e65726174657c693a313638373035383535323b757365725f6c6f67696e5f7374617475737c733a313a2231223b757365725f69647c733a313a2231223b6c6f67696e5f747970657c733a313a2231223b6163746976655f757365727c733a353a2261646d696e223b),
('hpusb6kbehd66r868snef22ndhvsbav4', '::1', 1687054572, 0x5f5f63695f6c6173745f726567656e65726174657c693a313638373035343537323b757365725f6c6f67696e5f7374617475737c733a313a2231223b757365725f69647c733a313a2231223b6c6f67696e5f747970657c733a313a2231223b6163746976655f757365727c733a353a2261646d696e223b),
('hu4pv1ipqvi2da0u1fkogbmfi2it4ohj', '::1', 1687056360, 0x5f5f63695f6c6173745f726567656e65726174657c693a313638373035363336303b757365725f6c6f67696e5f7374617475737c733a313a2231223b757365725f69647c733a313a2231223b6c6f67696e5f747970657c733a313a2231223b6163746976655f757365727c733a353a2261646d696e223b),
('jdgg5h4h47k2ege04q56su2dmnluqjj3', '::1', 1687014278, 0x5f5f63695f6c6173745f726567656e65726174657c693a313638373031343237383b),
('jgietsa75pnuufm00bisvo07rmu27790', '::1', 1687056679, 0x5f5f63695f6c6173745f726567656e65726174657c693a313638373035363637393b757365725f6c6f67696e5f7374617475737c733a313a2231223b757365725f69647c733a313a2231223b6c6f67696e5f747970657c733a313a2231223b6163746976655f757365727c733a353a2261646d696e223b),
('mpajqsju8nb1sm3h9o0c6ak04nmkqdi5', '::1', 1686980960, 0x5f5f63695f6c6173745f726567656e65726174657c693a313638363938303934393b757365725f6c6f67696e5f7374617475737c733a313a2231223b757365725f69647c733a313a2231223b6c6f67696e5f747970657c733a313a2231223b6163746976655f757365727c733a353a2261646d696e223b),
('r2jupvcg9sckptf0k41vs354m7nvestc', '::1', 1687015761, 0x5f5f63695f6c6173745f726567656e65726174657c693a313638373031353736313b757365725f6c6f67696e5f7374617475737c733a313a2231223b757365725f69647c733a313a2231223b6c6f67696e5f747970657c733a313a2231223b6163746976655f757365727c733a353a2261646d696e223b),
('usm4p0gmpc2403nu2h82de745s7gigv2', '::1', 1687020568, 0x5f5f63695f6c6173745f726567656e65726174657c693a313638373032303536383b7369676e696e5f726573756c747c733a363a226661696c6564223b5f5f63695f766172737c613a323a7b733a31333a227369676e696e5f726573756c74223b733a333a226f6c64223b733a31333a227369676e75705f726573756c74223b733a333a226f6c64223b7d7369676e75705f726573756c747c733a373a2273756363657373223b757365725f6c6f67696e5f7374617475737c733a313a2231223b757365725f69647c733a313a2233223b6c6f67696e5f747970657c733a313a2230223b),
('uvcu5ohvldmgdj58ejndnh5f483vtfk6', '::1', 1687027627, 0x5f5f63695f6c6173745f726567656e65726174657c693a313638373032373333343b757365725f6c6f67696e5f7374617475737c733a313a2231223b757365725f69647c733a313a2231223b6c6f67696e5f747970657c733a313a2231223b6163746976655f757365727c733a353a2261646d696e223b),
('v14a3ig0ctk4kd6k58detmm2gdg2rv76', '::1', 1687004615, 0x5f5f63695f6c6173745f726567656e65726174657c693a313638373030343433373b757365725f6c6f67696e5f7374617475737c733a313a2231223b757365725f69647c733a313a2231223b6c6f67696e5f747970657c733a313a2231223b6163746976655f757365727c733a353a2261646d696e223b);

-- --------------------------------------------------------

--
-- Table structure for table `country`
--

CREATE TABLE `country` (
  `country_id` int(11) NOT NULL,
  `name` varchar(255) DEFAULT NULL
) ENGINE=InnoDB DEFAULT CHARSET=utf8 COLLATE=utf8_unicode_ci;

--
-- Dumping data for table `country`
--

INSERT INTO `country` (`country_id`, `name`) VALUES
(1, 'United States of America'),
(2, 'India'),
(3, 'Japan'),
(4, 'South Korea'),
(5, 'United Kingdom'),
(6, 'Unknown'),
(7, 'New Zealand'),
(8, 'France'),
(9, 'Italy'),
(10, 'China'),
(11, 'Mexico'),
(12, 'Brazil'),
(13, 'Spain'),
(14, 'Colombia'),
(15, 'Soviet Union'),
(16, 'Turkey'),
(17, 'Taiwan'),
(18, 'Canada'),
(19, 'Sweden'),
(20, 'Germany'),
(21, 'Hong Kong'),
(22, 'Australia'),
(23, 'Belgium'),
(24, 'Cyprus'),
(25, 'Ecuador'),
(26, 'United Arab Emirates'),
(27, 'Czech Republic'),
(28, 'Netherlands'),
(29, 'Argentina'),
(30, 'Dominican Republic'),
(31, 'Russia'),
(32, 'Austria'),
(33, 'Switzerland'),
(34, 'Iran'),
(35, 'South Africa'),
(36, 'Malawi'),
(37, 'Thailand'),
(38, 'Ireland'),
(39, 'Denmark'),
(40, 'Algeria');

-- --------------------------------------------------------

--
-- Table structure for table `currency`
--

CREATE TABLE `currency` (
  `id` int(11) NOT NULL,
  `name` varchar(255) DEFAULT NULL,
  `code` varchar(255) DEFAULT NULL,
  `symbol` varchar(255) DEFAULT NULL,
  `paypal_supported` int(11) DEFAULT NULL,
  `stripe_supported` int(11) DEFAULT NULL
) ENGINE=InnoDB DEFAULT CHARSET=utf8 COLLATE=utf8_general_ci;

--
-- Dumping data for table `currency`
--

INSERT INTO `currency` (`id`, `name`, `code`, `symbol`, `paypal_supported`, `stripe_supported`) VALUES
(1, 'Leke', 'ALL', 'Lek', 0, 1),
(2, 'Dollars', 'USD', '$', 1, 1),
(3, 'Afghanis', 'AFN', '؋', 0, 1),
(4, 'Pesos', 'ARS', '$', 0, 1),
(5, 'Guilders', 'AWG', 'ƒ', 0, 1),
(6, 'Dollars', 'AUD', '$', 1, 1),
(7, 'New Manats', 'AZN', 'ман', 0, 1),
(8, 'Dollars', 'BSD', '$', 0, 1),
(9, 'Dollars', 'BBD', '$', 0, 1),
(10, 'Rubles', 'BYR', 'p.', 0, 0),
(11, 'Euro', 'EUR', '€', 1, 1),
(12, 'Dollars', 'BZD', 'BZ$', 0, 1),
(13, 'Dollars', 'BMD', '$', 0, 1),
(14, 'Bolivianos', 'BOB', '$b', 0, 1),
(15, 'Convertible Marka', 'BAM', 'KM', 0, 1),
(16, 'Pula', 'BWP', 'P', 0, 1),
(17, 'Leva', 'BGN', 'лв', 0, 1),
(18, 'Reais', 'BRL', 'R$', 1, 1),
(19, 'Pounds', 'GBP', '£', 1, 1),
(20, 'Dollars', 'BND', '$', 0, 1),
(21, 'Riels', 'KHR', '៛', 0, 1),
(22, 'Dollars', 'CAD', '$', 1, 1),
(23, 'Dollars', 'KYD', '$', 0, 1),
(24, 'Pesos', 'CLP', '$', 0, 1),
(25, 'Yuan Renminbi', 'CNY', '¥', 0, 1),
(26, 'Pesos', 'COP', '$', 0, 1),
(27, 'Colón', 'CRC', '₡', 0, 1),
(28, 'Kuna', 'HRK', 'kn', 0, 1),
(29, 'Pesos', 'CUP', '₱', 0, 0),
(30, 'Koruny', 'CZK', 'Kč', 1, 1),
(31, 'Kroner', 'DKK', 'kr', 1, 1),
(32, 'Pesos', 'DOP ', 'RD$', 0, 1),
(33, 'Dollars', 'XCD', '$', 0, 1),
(34, 'Pounds', 'EGP', '£', 0, 1),
(35, 'Colones', 'SVC', '$', 0, 0),
(36, 'Pounds', 'FKP', '£', 0, 1),
(37, 'Dollars', 'FJD', '$', 0, 1),
(38, 'Cedis', 'GHC', '¢', 0, 0),
(39, 'Pounds', 'GIP', '£', 0, 1),
(40, 'Quetzales', 'GTQ', 'Q', 0, 1),
(41, 'Pounds', 'GGP', '£', 0, 0),
(42, 'Dollars', 'GYD', '$', 0, 1),
(43, 'Lempiras', 'HNL', 'L', 0, 1),
(44, 'Dollars', 'HKD', '$', 1, 1),
(45, 'Forint', 'HUF', 'Ft', 1, 1),
(46, 'Kronur', 'ISK', 'kr', 0, 1),
(47, 'Rupees', 'INR', 'Rp', 0, 1),
(48, 'Rupiahs', 'IDR', 'Rp', 0, 1),
(49, 'Rials', 'IRR', '﷼', 0, 0),
(50, 'Pounds', 'IMP', '£', 0, 0),
(51, 'New Shekels', 'ILS', '₪', 1, 1),
(52, 'Dollars', 'JMD', 'J$', 0, 1),
(53, 'Yen', 'JPY', '¥', 1, 1),
(54, 'Pounds', 'JEP', '£', 0, 0),
(55, 'Tenge', 'KZT', 'лв', 0, 1),
(56, 'Won', 'KPW', '₩', 0, 0),
(57, 'Won', 'KRW', '₩', 0, 1),
(58, 'Soms', 'KGS', 'лв', 0, 1),
(59, 'Kips', 'LAK', '₭', 0, 1),
(60, 'Lati', 'LVL', 'Ls', 0, 0),
(61, 'Pounds', 'LBP', '£', 0, 1),
(62, 'Dollars', 'LRD', '$', 0, 1),
(63, 'Switzerland Francs', 'CHF', 'CHF', 1, 1),
(64, 'Litai', 'LTL', 'Lt', 0, 0),
(65, 'Denars', 'MKD', 'ден', 0, 1),
(66, 'Ringgits', 'MYR', 'RM', 1, 1),
(67, 'Rupees', 'MUR', '₨', 0, 1),
(68, 'Pesos', 'MXN', '$', 1, 1),
(69, 'Tugriks', 'MNT', '₮', 0, 1),
(70, 'Meticais', 'MZN', 'MT', 0, 1),
(71, 'Dollars', 'NAD', '$', 0, 1),
(72, 'Rupees', 'NPR', '₨', 0, 1),
(73, 'Guilders', 'ANG', 'ƒ', 0, 1),
(74, 'Dollars', 'NZD', '$', 1, 1),
(75, 'Cordobas', 'NIO', 'C$', 0, 1),
(76, 'Nairas', 'NGN', '₦', 0, 1),
(77, 'Krone', 'NOK', 'kr', 1, 1),
(78, 'Rials', 'OMR', '﷼', 0, 0),
(79, 'Rupees', 'PKR', '₨', 0, 1),
(80, 'Balboa', 'PAB', 'B/.', 0, 1),
(81, 'Guarani', 'PYG', 'Gs', 0, 1),
(82, 'Nuevos Soles', 'PEN', 'S/.', 0, 1),
(83, 'Pesos', 'PHP', 'Php', 1, 1),
(84, 'Zlotych', 'PLN', 'zł', 1, 1),
(85, 'Rials', 'QAR', '﷼', 0, 1),
(86, 'New Lei', 'RON', 'lei', 0, 1),
(87, 'Rubles', 'RUB', 'руб', 0, 1),
(88, 'Pounds', 'SHP', '£', 0, 1),
(89, 'Riyals', 'SAR', '﷼', 0, 1),
(90, 'Dinars', 'RSD', 'Дин.', 0, 1),
(91, 'Rupees', 'SCR', '₨', 0, 1),
(92, 'Dollars', 'SGD', '$', 1, 1),
(93, 'Dollars', 'SBD', '$', 0, 1),
(94, 'Shillings', 'SOS', 'S', 0, 1),
(95, 'Rand', 'ZAR', 'R', 0, 1),
(96, 'Rupees', 'LKR', '₨', 0, 1),
(97, 'Kronor', 'SEK', 'kr', 1, 1),
(98, 'Dollars', 'SRD', '$', 0, 1),
(99, 'Pounds', 'SYP', '£', 0, 0),
(100, 'New Dollars', 'TWD', 'NT$', 1, 1),
(101, 'Baht', 'THB', '฿', 1, 1),
(102, 'Dollars', 'TTD', 'TT$', 0, 1),
(103, 'Lira', 'TRY', 'TL', 0, 1),
(104, 'Liras', 'TRL', '£', 0, 0),
(105, 'Dollars', 'TVD', '$', 0, 0),
(106, 'Hryvnia', 'UAH', '₴', 0, 1),
(107, 'Pesos', 'UYU', '$U', 0, 1),
(108, 'Sums', 'UZS', 'лв', 0, 1),
(109, 'Bolivares Fuertes', 'VEF', 'Bs', 0, 0),
(110, 'Dong', 'VND', '₫', 0, 1),
(111, 'Rials', 'YER', '﷼', 0, 1),
(112, 'Zimbabwe Dollars', 'ZWD', 'Z$', 0, 0);

-- --------------------------------------------------------

--
-- Table structure for table `director`
--

CREATE TABLE `director` (
  `director_id` int(11) NOT NULL,
  `name` varchar(255) NOT NULL
) ENGINE=InnoDB DEFAULT CHARSET=utf8 COLLATE=utf8_unicode_ci;

--
-- Dumping data for table `director`
--

INSERT INTO `director` (`director_id`, `name`) VALUES
(1, 'Joaquim Dos Santos'),
(2, 'Francis Ford Coppola'),
(3, 'Frank Darabont'),
(4, 'Aditya Chopra'),
(5, 'Steven Spielberg'),
(6, 'Hayao Miyazaki'),
(7, 'Sidney Lumet'),
(8, 'Makoto Shinkai'),
(9, 'Bong Joon-ho'),
(10, 'Christopher Nolan'),
(11, 'Ra?l Mart?nez'),
(12, 'Quentin Tarantino'),
(13, 'Robert Zemeckis'),
(14, 'Sergio Leone'),
(15, 'Peter Jackson'),
(16, 'Genndy Tartakovsky'),
(17, 'Martin Scorsese'),
(18, 'Akira Kurosawa'),
(19, 'Giuseppe Tornatore'),
(20, 'Shouko Nakamura'),
(21, 'Tosca Musk'),
(22, 'Roberto Benigni'),
(23, 'Isao Takahata'),
(24, 'Peter Baynton'),
(25, 'Alfred Hitchcock'),
(26, 'MTJJ'),
(27, 'David Fincher'),
(28, 'Ernesto Contreras'),
(29, 'Fernando Meirelles'),
(30, 'Milo? Forman'),
(31, 'Masaki Kobayashi'),
(32, 'Masato Jimbo'),
(33, 'Rodney Rothman'),
(34, 'Naoko Yamada'),
(35, 'Irvin Kershner'),
(36, 'Takahiro Omori'),
(37, 'Domingo Gonz?lez'),
(38, 'Guel Arraes'),
(39, 'Roman Polanski'),
(40, 'Lee Joon-ik'),
(41, 'Damien Chazelle'),
(42, 'Paul Dugdale'),
(43, 'Kotaro Tamura'),
(44, 'Billy Wilder'),
(45, 'Tony Kaye'),
(46, 'Hideaki Anno'),
(47, 'Jonathan Demme'),
(48, 'Charlie Chaplin'),
(49, 'Bang Woo-ri'),
(50, 'Taichi Ishidate'),
(51, 'Luc Besson'),
(52, 'Peter Weir'),
(53, 'Jorge Ulloa'),
(54, 'Justin Baldoni'),
(55, 'Hiroshi Teshigahara'),
(56, 'Mitja Okorn'),
(57, 'Son Sung-deuk'),
(58, 'Elem Klimov'),
(59, 'Taylor Swift'),
(60, 'Ernst Lubitsch'),
(61, 'Joel Crawford'),
(62, 'Hikaru Yamaguchi'),
(63, 'Satoshi Kon'),
(64, 'Jacques Becker'),
(65, 'Joseph Kosinski'),
(66, 'Matt Peters'),
(67, 'Mehmet Ada ?ztekin'),
(68, '?ric Toledano'),
(69, 'Edward Yang'),
(70, 'Stanley Kubrick'),
(71, 'Tomm Moore'),
(72, 'Amp Wong'),
(73, 'Rebecca Sugar'),
(74, 'Park Chan-wook'),
(75, 'Anthony Russo'),
(76, 'Xavier Dolan'),
(77, 'Frank Capra'),
(78, 'Sergio Pablos'),
(79, 'Roger Allers'),
(80, 'Haruo Sotozaki'),
(81, 'Ettore Scola'),
(82, 'Shinichiro Ushijima'),
(83, 'Peter Farrelly'),
(84, 'Ingmar Bergman'),
(85, 'Mamoru Hosoda'),
(86, 'Dino Risi'),
(87, 'Derek Tsang'),
(88, 'Souichi Masui'),
(89, 'Lee Unkrich'),
(90, 'Thomas Kail'),
(91, 'Vittorio De Sica'),
(92, 'Simon Curtis'),
(93, 'Yasujiro Ozu'),
(94, 'B?la Tarr'),
(95, 'Haruka Fujita'),
(96, 'Zack Snyder'),
(97, 'Thomas Astruc'),
(98, 'Ridley Scott'),
(99, 'Guillermo del Toro'),
(100, 'Lilly Wachowski'),
(101, 'George Lucas'),
(102, 'Ricardo Arnaiz'),
(103, 'Tate Taylor'),
(104, 'Nick Hurran'),
(105, 'Mari Okada'),
(106, 'Kenji Nagasaki'),
(107, 'Bryan Singer'),
(108, 'Kim Yong-hwa'),
(109, 'Andrei Tarkovsky'),
(110, 'Federico Fellini'),
(111, 'Mel Gibson'),
(112, 'Marcel Carne'),
(113, 'Elio Petri'),
(114, 'Kenji Mizoguchi'),
(115, 'Javier Soto'),
(116, 'Celine Sciamma'),
(117, 'Elizabeth Allen Rosenbaum'),
(118, 'George Tillman, Jr.'),
(119, 'Olivier Dahan'),
(120, 'Pepe Bojorquez'),
(121, 'Bo Burnham'),
(122, 'Sunghoo Park'),
(123, 'Ethan Spaulding'),
(124, 'Nadine Labaki'),
(125, 'Todd Phillips'),
(126, 'Luca Guadagnino'),
(127, 'Michael Curtiz'),
(128, 'Alan Barillaro'),
(129, 'Stanley Donen'),
(130, 'Brian De Palma'),
(131, 'Susana Garcia'),
(132, 'Ericson Core'),
(133, 'Stephen Chbosky'),
(134, 'Fritz Lang'),
(135, 'Takaomi Kanasaki'),
(136, 'Pete Docter'),
(137, 'Florian Zeller'),
(138, 'John Landis'),
(139, 'Joseph L. Mankiewicz'),
(140, 'Walter Salles'),
(141, 'Luis Mandoki'),
(142, 'Mario Monicelli'),
(143, 'Gus Van Sant'),
(144, 'Russell Mulcahy'),
(145, 'Gianluca Leuzzi'),
(146, 'Jim Donovan'),
(147, 'Guy Ritchie'),
(148, 'Can Ulkay'),
(149, 'Natalie Nourigat'),
(150, 'Oriol Paulo'),
(151, 'Buster Keaton'),
(152, 'Tony Cervone'),
(153, 'Taylor Hackford'),
(154, 'Hwang Dong-hyuk'),
(155, 'David Yates'),
(156, 'Wong Kar-wai'),
(157, 'James Gunn'),
(158, 'Arturo Brachetti'),
(159, 'Ashley Avis'),
(160, 'Kevin Sullivan'),
(161, 'Michel Gondry'),
(162, 'Wim Wenders'),
(163, 'James Cameron'),
(164, 'Thomas Vinterberg'),
(165, 'Denis Villeneuve'),
(166, 'Paul Thomas Anderson'),
(167, 'Tim Johnson'),
(168, 'Martin McDonagh'),
(169, 'Garth Davis'),
(170, 'Joe Wright'),
(171, 'Jon Olb'),
(172, 'Mathieu Kassovitz'),
(173, 'Wolfgang Petersen'),
(174, 'Tomohisa Taguchi'),
(175, 'Luchino Visconti'),
(176, 'Fisher Stevens'),
(177, 'Andrew Stanton'),
(178, 'Craig Gillespie'),
(179, 'Fran?ois Truffaut'),
(180, 'No? Santill?n-L?pez'),
(181, 'Orlando Herrera'),
(182, 'Krzysztof Kieslowski'),
(183, 'Jos? Padilha'),
(184, 'Jang Hoon'),
(185, 'Marco Tullio Giordana'),
(186, 'Theodore Melfi'),
(187, 'Camillo Mastrocinque'),
(188, 'David Lynch'),
(189, 'Luis Bu?uel'),
(190, 'Karan Johar'),
(191, 'Zhao Ji'),
(192, 'Alessio Cremonini'),
(193, 'Wes Anderson'),
(194, 'Marc Webb'),
(195, 'Greg Berlanti'),
(196, 'Stanley Kramer'),
(197, 'Taika Waititi'),
(198, 'Satyajit Ray'),
(199, 'Anna Muylaert'),
(200, 'Ilya Naishuller'),
(201, 'Jamie Payne'),
(202, 'John Carpenter'),
(203, 'Carl Theodor Dreyer'),
(204, 'Florian Henckel von Donnersmarck'),
(205, 'Gail Mancuso'),
(206, 'Dennis Bots'),
(207, 'Dorota Kobiela'),
(208, 'Lenny Abrahamson'),
(209, 'Tetsuro Araki'),
(210, 'Beth David'),
(211, 'Darren Aronofsky'),
(212, 'Rosana Sullivan'),
(213, 'Sam Mendes'),
(214, 'Daniel Rezende'),
(215, 'Stan Winston'),
(216, 'Alfonso Cuaron'),
(217, 'Henri-Georges Clouzot'),
(218, 'George Roy Hill'),
(219, 'Emeric Pressburger'),
(220, 'Roberto Rossellini'),
(221, 'Orson Welles'),
(222, 'Sunao Katabuchi'),
(223, 'Santiago Mitre'),
(224, 'James Mangold'),
(225, 'Morten Tyldum'),
(226, 'Lasse Hallstrom'),
(227, 'Robert Mulligan'),
(228, 'Michael Cimino'),
(229, 'Matias Moltrasio'),
(230, 'Nacho G. Velilla'),
(231, 'John Kahrs'),
(232, 'Jon Watts'),
(233, 'Yury Bykov'),
(234, 'Clint Eastwood'),
(235, 'Mario Mattoli'),
(236, 'Zhang Yimou'),
(237, 'Sion Sono'),
(238, 'John Huston'),
(239, 'Jang Hang-jun'),
(240, 'Amma Asante'),
(241, 'Juan Jose Campanella'),
(242, 'Lee Hae-jun'),
(243, 'Sian Heder'),
(244, 'Cecilia Aranovich'),
(245, 'Sarah Smith'),
(246, 'Alan Parker'),
(247, 'Rob Reiner'),
(248, 'Chris Appelhans'),
(249, 'Rajkumar Hirani'),
(250, 'Hirokazu Kore-eda'),
(251, 'David Lean'),
(252, 'Robert Bresson'),
(253, 'Kang Je-kyu'),
(254, 'Aamir Khan'),
(255, 'Diego Freitas'),
(256, 'Daniel Ribeiro'),
(257, 'Victor Fleming'),
(258, 'Richard Linklater'),
(259, 'Jean-Pierre Melville'),
(260, 'Hiromasa Yonebayashi'),
(261, 'John Lasseter'),
(262, 'Danny Boyle'),
(263, 'Toby Haynes'),
(264, 'Mikhail Kalatozov'),
(265, 'Carol Reed'),
(266, 'Massimo Venier'),
(267, 'Majid Majidi'),
(268, 'Antoine Blossier'),
(269, 'Georges Melies'),
(270, 'Elia Kazan'),
(271, 'Leonid Gaidai'),
(272, 'Robert Wiene'),
(273, 'Miguel Sapochnik'),
(274, 'Don Hertzfeldt'),
(275, 'Nitesh Tiwari'),
(276, 'D. J. Caruso'),
(277, 'Katsuhiro Otomo'),
(278, 'Michelangelo Antonioni'),
(279, 'Steve McQueen'),
(280, 'Antoine Fuqua'),
(281, 'Mike Rianda'),
(282, 'Lee Hwan-kyung'),
(283, 'Thor Freudenthal'),
(284, 'Chiwetel Ejiofor'),
(285, 'Ron Howard'),
(286, 'Tsutomu Hanabusa'),
(287, 'Garth Jennings'),
(288, 'M. Night Shyamalan'),
(289, 'Michael Radford'),
(290, 'John Sturges'),
(291, 'Andac Haznedaroglu'),
(292, 'Nattawut Poonpiriya'),
(293, 'F. W. Murnau'),
(294, 'Jay Oliva'),
(295, 'Junichi Sato'),
(296, 'Robert Aldrich'),
(297, 'Tetsuro Kodama'),
(298, 'Jean-Marc Vallee'),
(299, 'Mamoru Oshii'),
(300, 'Joel Coen'),
(301, 'Thiago Cazado'),
(302, 'Kunio Katou'),
(303, 'Maxwell Atoms'),
(304, 'Angel Manuel Soto'),
(305, 'Yoshifumi Kondo'),
(306, 'Destin Daniel Cretton'),
(307, 'Marc Meyers'),
(308, 'Brad Bird'),
(309, 'Salvador Espinosa'),
(310, 'Jung Ji-woo'),
(311, 'Catalina Aguilar Mastretta'),
(312, 'Richard LaGravenese'),
(313, 'Marcos Jorge'),
(314, 'Thea Sharrock'),
(315, 'Matt Ross'),
(316, 'Pietro Germi'),
(317, 'Tony Bancroft'),
(318, 'Chris Columbus'),
(319, 'Michael Gracey'),
(320, 'Gerard Oury'),
(321, 'Mel Brooks'),
(322, 'Vincent Paronnaud'),
(323, 'Chad Stahelski'),
(324, 'Don Hall'),
(325, 'Tim Burton'),
(326, 'Pier Paolo Pasolini'),
(327, 'Georgiy Daneliya'),
(328, 'Chris Marker'),
(329, 'Yang Yu'),
(330, 'Richard Curtis'),
(331, 'Gillo Pontecorvo'),
(332, 'Jim Sheridan'),
(333, 'Tim Trachte'),
(334, 'Nora Twomey'),
(335, 'Gabriele Muccino'),
(336, 'Choi Jae-hoon'),
(337, 'Greta Gerwig'),
(338, 'Jean-Pierre Jeunet'),
(339, 'Peter Horton'),
(340, 'James McTeigue'),
(341, 'Juzo Itami'),
(342, 'Asghar Farhadi'),
(343, 'Michael Mann'),
(344, 'Abbas Kiarostami'),
(345, 'J.G. Quintel'),
(346, 'Bernardo Bertolucci'),
(347, 'Peggy Holmes'),
(348, 'Rodolfo Riva Palacio Alatriste'),
(349, 'Arthur Penn'),
(350, 'William Wyler'),
(351, 'John Carney'),
(352, 'Richard Marquand'),
(353, 'Tatsuya Nagamine'),
(354, 'Jeff Mednikow'),
(355, 'Chen Kaige'),
(356, 'Gary Alazraki'),
(357, 'Patrick Imbert'),
(358, 'Marc Forster'),
(359, 'Zach Parrish'),
(360, 'Lars von Trier'),
(361, 'Roger Spottiswoode'),
(362, 'Nick Cassavetes'),
(363, 'Enrico Casarosa'),
(364, 'Charles Laughton'),
(365, 'Leo Matsuda'),
(366, 'Douglas Mackinnon'),
(367, 'Karim Ainouz'),
(368, 'Albert Dupontel'),
(369, 'Peter Bogdanovich'),
(370, 'Luis Estrada'),
(371, 'Fred C. Newmeyer'),
(372, 'Jules Dassin'),
(373, 'Paolo Genovese'),
(374, 'James Marsh'),
(375, 'Spike Jonze'),
(376, 'Adam Elliot'),
(377, 'Damian Szifron'),
(378, 'Howard Hawks'),
(379, 'Atsuko Ishizuka'),
(380, 'Christopher Berkeley'),
(381, 'Song Il-gon'),
(382, 'Louis C.K.'),
(383, 'Joe Sichta'),
(384, 'Rian Johnson'),
(385, 'Christian Duguay'),
(386, 'Max Oph?ls'),
(387, 'Yojiro Takita'),
(388, 'Kevin Costner'),
(389, 'Elisabeth Rohm'),
(390, 'Kazuhisa Takenouchi'),
(391, 'Jean Renoir'),
(392, 'Otto Preminger'),
(393, 'Costa-Gavras'),
(394, 'Oliver Hirschbiegel'),
(395, 'Mark Herman'),
(396, 'Franklin J. Schaffner'),
(397, 'Victor Sjostrom'),
(398, 'Kim Ki-duk'),
(399, 'Christian Ditter'),
(400, 'Claudio Caligari'),
(401, 'Patrick Osborne');

-- --------------------------------------------------------

--
-- Table structure for table `episode`
--

CREATE TABLE `episode` (
  `episode_id` int(11) NOT NULL,
  `season_id` int(11) NOT NULL,
  `title` varchar(255) NOT NULL,
  `url` text NOT NULL
) ENGINE=InnoDB DEFAULT CHARSET=utf8 COLLATE=utf8_unicode_ci;

--
-- Dumping data for table `episode`
--

INSERT INTO `episode` (`episode_id`, `season_id`, `title`, `url`) VALUES
(1, 2, 'Season 2 ', 'https://www.youtube.com/watch?v=e0dea7qrLdk');

-- --------------------------------------------------------

--
-- Table structure for table `faq`
--

CREATE TABLE `faq` (
  `faq_id` int(11) NOT NULL,
  `question` text NOT NULL,
  `answer` text NOT NULL
) ENGINE=InnoDB DEFAULT CHARSET=utf8 COLLATE=utf8_unicode_ci;

-- --------------------------------------------------------

--
-- Table structure for table `genre`
--

CREATE TABLE `genre` (
  `genre_id` int(11) NOT NULL,
  `name` varchar(500) NOT NULL
) ENGINE=InnoDB DEFAULT CHARSET=utf8 COLLATE=utf8_unicode_ci;

--
-- Dumping data for table `genre`
--

INSERT INTO `genre` (`genre_id`, `name`) VALUES
(1, 'Action'),
(2, 'Adventure'),
(3, 'Animation'),
(4, 'Science Fiction'),
(5, 'Drama'),
(6, 'Crime'),
(7, 'Comedy'),
(8, 'Romance'),
(9, 'History'),
(10, 'War'),
(11, 'Family'),
(12, 'Fantasy'),
(13, 'Thriller'),
(14, 'Western'),
(15, 'Horror');

-- --------------------------------------------------------

--
-- Table structure for table `movie`
--

CREATE TABLE `movie` (
  `movie_id` int(11) NOT NULL,
  `title` varchar(255) NOT NULL,
  `description_short` text NOT NULL,
  `description_long` longtext NOT NULL,
  `year` int(11) NOT NULL,
  `country_id` int(11) DEFAULT NULL,
  `rating` int(11) NOT NULL,
  `genre_id` int(11) NOT NULL,
  `actors` longtext NOT NULL,
  `director` text NOT NULL,
  `featured` int(11) NOT NULL,
  `kids_restriction` int(11) NOT NULL DEFAULT 0,
  `url` text NOT NULL,
  `trailer_url` text DEFAULT NULL,
  `duration` varchar(255) DEFAULT NULL
) ENGINE=InnoDB DEFAULT CHARSET=utf8 COLLATE=utf8_unicode_ci;

--
-- Dumping data for table `movie`
--

INSERT INTO `movie` (`movie_id`, `title`, `description_short`, `description_long`, `year`, `country_id`, `rating`, `genre_id`, `actors`, `director`, `featured`, `kids_restriction`, `url`, `trailer_url`, `duration`) VALUES
(2, 'Red Notice', 'An Interpol-issued Red Notice is a global alert to hunt and capture the world’s most wanted. But when a daring heist brings together the FBI’s top profiler (Johnson) and two rival criminals (Gadot, Reynolds), there’s no telling what will happen', 'An Interpol-issued Red Notice is a global alert to hunt and capture the world’s most wanted. But when a daring heist brings together the FBI’s top profiler (Johnson) and two rival criminals (Gadot, Reynolds), there’s no telling what will happen', 2023, 1, 4, 1, '[\"576\",\"1066\",\"1159\"]', '4', 1, 0, 'https://www.youtube.com/watch?v=Pj0wz7zu3Ms', 'https://www.youtube.com/watch?v=Pj0wz7zu3Ms', '9067'),
(3, 'The Shawshank Redemption', 'Framed in the 1940s for the double murder of his wife and her lover, u', 'Framed in the 1940s for the double murder of his wife and her lover, upstanding banker Andy Dufresne begins a new life at the Shawshank prison, where he puts his accounting skills to work for an amoral warden. During his long stretch in prison, Dufresne comes to be admired by the other inmates -- including an older prisoner named Red -- for his integrity and unquenchable sense of hope.', 1994, 1, 5, 2, '[\"7\", \"8\", \"9\"]', '3', 1, 0, 'https://www.youtube.com/watch?v=PLl99DlL6b4', '', '8520'),
(4, 'The Godfather Part II', 'In the continuing saga of the Corleone crime family, a young Vito Corl', 'In the continuing saga of the Corleone crime family, a young Vito Corleone grows up in Sicily and in 1910s New York. In the 1950s, Michael Corleone attempts to expand the family business into Las Vegas, Hollywood and Cuba.', 1974, 1, 5, 2, '[\"5\", \"10\", \"11\"]', '2', 1, 0, 'https://www.youtube.com/watch?v=rcU6DUUUd7k', '', '12120'),
(5, 'Dilwale Dulhania Le Jayenge', 'Raj is a rich, carefree, happy-go-lucky second generation NRI. Simran ', 'Raj is a rich, carefree, happy-go-lucky second generation NRI. Simran is the daughter of Chaudhary Baldev Singh, who in spite of being an NRI is very strict about adherence to Indian values. Simran has left for India to be married to her childhood fianc?. Raj leaves for India with a mission at his hands, to claim his lady love under the noses of her whole family. Thus begins a saga.', 1995, 2, 5, 3, '[\"12\", \"13\", \"14\"]', '4', 1, 0, 'https://www.youtube.com/watch?v=oIZ4U21DRlM', '', '11400'),
(6, 'Schindler\'s List', 'The true story of how businessman Oskar Schindler saved over a thousan', 'The true story of how businessman Oskar Schindler saved over a thousand Jewish lives from the Nazis while they worked as slaves in his factory during World War II.', 1993, 1, 5, 2, '[\"15\", \"16\", \"17\"]', '5', 1, 0, 'https://www.youtube.com/watch?v=mxphAlJID9U', 'http://www.schindlerslist.com/', '11700'),
(7, 'Spirited Away', 'A young girl, Chihiro, becomes trapped in a strange new world of spiri', 'A young girl, Chihiro, becomes trapped in a strange new world of spirits. When her parents undergo a mysterious transformation, she must call upon the courage she never knew she had to free her family.', 2001, 3, 5, 4, '[\"18\", \"19\", \"20\"]', '6', 1, 0, 'https://www.youtube.com/watch?v=ByXuk9QqQkk', 'http://movies.disney.com/spirited-away', '7500'),
(8, '12 Angry Men', 'The defense and the prosecution have rested and the jury is filing int', 'The defense and the prosecution have rested and the jury is filing into the jury room to decide if a young Spanish-American is guilty or innocent of murdering his father. What begins as an open and shut case soon becomes a mini-drama of each of the jurors\' prejudices and preconceptions about the trial, the accused, and each other.', 1957, 1, 5, 2, '[\"21\", \"22\", \"23\"]', '7', 1, 0, 'https://www.youtube.com/watch?v=TEN-2uTi2c0', '', '5820'),
(9, 'Your Name.', 'High schoolers Mitsuha and Taki are complete strangers living separate', 'High schoolers Mitsuha and Taki are complete strangers living separate lives. But one night, they suddenly switch places. Mitsuha wakes up in Taki?s body, and he in hers. This bizarre occurrence continues to happen randomly, and the two must adjust their lives around each other.', 2016, 3, 5, 5, '[\"24\", \"25\", \"26\"]', '8', 1, 0, 'https://www.youtube.com/watch?v=_oWzYOwXn-o', 'https://www.funimationfilms.com/movie/yourname/', '6360'),
(10, 'Parasite', 'All unemployed, Ki-taek\'s family takes peculiar interest in the wealth', 'All unemployed, Ki-taek\'s family takes peculiar interest in the wealthy and glamorous Parks for their livelihood until they get entangled in an unexpected incident.', 2019, 4, 5, 3, '[\"27\", \"28\", \"29\"]', '9', 1, 0, 'https://www.youtube.com/watch?v=tBfgTZsBeFM', 'https://www.parasite-movie.com/', '7980'),
(11, 'The Green Mile', 'A supernatural tale set on death row in a Southern prison, where gentl', 'A supernatural tale set on death row in a Southern prison, where gentle giant John Coffey possesses the mysterious power to heal people\'s ailments. When the cell block\'s head guard, Paul Edgecomb, recognizes Coffey\'s miraculous gift, he tries desperately to help stave off the condemned man\'s execution.', 1999, 1, 5, 6, '[\"30\", \"31\", \"32\"]', '3', 1, 0, 'https://www.youtube.com/watch?v=Bg7epsq0OIQ', 'http://thegreenmile.warnerbros.com/', '11340'),
(12, 'The Dark Knight', 'Batman raises the stakes in his war on crime. With the help of Lt. Jim', 'Batman raises the stakes in his war on crime. With the help of Lt. Jim Gordon and District Attorney Harvey Dent, Batman sets out to dismantle the remaining criminal organizations that plague the streets. The partnership proves to be effective, but they soon find themselves prey to a reign of chaos unleashed by a rising criminal mastermind known to the terrified citizens of Gotham as the Joker.', 2008, 5, 5, 2, '[\"33\", \"34\", \"35\"]', '10', 1, 0, 'https://www.youtube.com/watch?v=kmJLuwP3MbY', 'https://www.warnerbros.com/movies/dark-knight/', '9120'),
(13, 'Cuando Sea Joven', '70-year-old Malena gets a second chance at life when she magically tur', '70-year-old Malena gets a second chance at life when she magically turns into her 22-year-old self. Now, posing as \"Maria\" to hide her true identity, she becomes the lead singer of her grandson\'s band and tries to recover her dream of singing, which she had to give up at some point.', 2022, 6, 5, 3, '[\"36\", \"37\", \"38\"]', '11', 1, 0, 'https://www.youtube.com/watch?v=4EXETqcw-k8', 'https://videocine.com.mx/peliculas/cuando-sea-joven/', '6900'),
(14, 'Pulp Fiction', 'A burger-loving hit man, his philosophical partner, a drug-addled gang', 'A burger-loving hit man, his philosophical partner, a drug-addled gangster\'s moll and a washed-up boxer converge in this sprawling, comedic crime caper. Their adventures unfurl in three stories that ingeniously trip back and forth in time.', 1994, 1, 5, 7, '[\"39\", \"40\", \"41\"]', '12', 1, 0, 'https://www.youtube.com/watch?v=tGpTpVyI_OQ', 'https://www.miramax.com/movie/pulp-fiction/', '9240'),
(15, 'Forrest Gump', 'A man with a low IQ has accomplished great things in his life and been', 'A man with a low IQ has accomplished great things in his life and been present during significant historic events?in each case, far exceeding what anyone imagined he could do. But despite all he has achieved, his one true love eludes him.', 1994, 1, 5, 3, '[\"30\", \"42\", \"43\"]', '13', 1, 0, 'https://www.youtube.com/watch?v=76WeEuR0qk4', 'https://www.paramountmovies.com/movies/forrest-gump', '8520'),
(16, 'The Good, the Bad and the Ugly', 'While the Civil War rages on between the Union and the Confederacy, th', 'While the Civil War rages on between the Union and the Confederacy, three men ? a quiet loner, a ruthless hitman, and a Mexican bandit ? comb the American Southwest in search of a strongbox containing $200,000 in stolen gold.', 1966, 1, 5, 8, '[\"44\", \"45\", \"46\"]', '14', 1, 0, 'https://www.youtube.com/watch?v=IFNUGzCOQoI', 'http://www.mgm.com/#/our-titles/766/The-Good,-the-Bad-and-the-Ugly', '9660'),
(17, 'The Lord of the Rings: The Return of the King', 'Aragorn is revealed as the heir to the ancient kings as he, Gandalf an', 'Aragorn is revealed as the heir to the ancient kings as he, Gandalf and the other members of the broken fellowship struggle to save Gondor from Sauron\'s forces. Meanwhile, Frodo and Sam take the ring closer to the heart of Mordor, the dark lord\'s realm.', 2003, 7, 5, 9, '[\"47\", \"48\", \"49\"]', '15', 1, 0, 'https://www.youtube.com/watch?v=zckJCxYxn1g', 'http://www.lordoftherings.net', '12060'),
(18, 'Primal: Tales of Savagery', 'Genndy Tartakovsky\'s Primal: Tales of Savagery features a caveman and ', 'Genndy Tartakovsky\'s Primal: Tales of Savagery features a caveman and a dinosaur on the brink of extinction. Bonded by tragedy, this unlikely friendship becomes the only hope of survival.', 2019, 1, 5, 1, '[\"50\",\"51\",\"52\"]', '16', 1, 0, 'https://www.youtube.com/watch?v=vaOn8koDa9E', '', '5100'),
(19, 'GoodFellas', 'The true story of Henry Hill, a half-Irish, half-Sicilian Brooklyn kid', 'The true story of Henry Hill, a half-Irish, half-Sicilian Brooklyn kid who is adopted by neighbourhood gangsters at an early age and climbs the ranks of a Mafia family under the guidance of Jimmy Conway.', 1990, 1, 5, 2, '[\"53\", \"54\", \"55\"]', '17', 1, 0, 'https://www.youtube.com/watch?v=PTBRNXGQR9Q', 'http://www.warnerbros.com/goodfellas', '8700'),
(20, 'Cinema Paradiso', 'A filmmaker recalls his childhood, when he fell in love with the movie', 'A filmmaker recalls his childhood, when he fell in love with the movies at his village\'s theater and formed a deep friendship with the theater\'s projectionist.', 1988, 8, 5, 2, '[\"56\", \"57\", \"58\"]', '18', 1, 0, 'https://www.youtube.com/watch?v=JMyVSD6OvO8', '', '7440'),
(21, 'Seven Samurai', 'A samurai answers a village\'s request for protection after he falls on', 'A samurai answers a village\'s request for protection after he falls on hard times. The town needs protection from bandits, so the samurai gathers six others to help him teach the people how to defend themselves, and the villagers provide the soldiers with food.', 2023, 3, 5, 1, '[\"59\",\"60\",\"61\"]', '19', 1, 0, 'https://www.youtube.com/watch?v=5dZioLIejeo', '', '12420'),
(22, 'Dou kyu sei ? Classmates', 'Rihito Sajo, an honor student with a perfect score on the entrance exa', 'Rihito Sajo, an honor student with a perfect score on the entrance exam and Hikaru Kusakabe, in a band and popular among girls, would have never crossed paths. Until one day they started talking at the practice for their school?s upcoming chorus festival. After school, the two meet regularly, as Hikaru helps Rihito to improve his singing skills. While they listen to each other?s voice and harmonize, their hearts start to beat together.', 2016, 3, 5, 5, '[\"62\", \"63\", \"64\"]', '20', 1, 0, 'https://www.youtube.com/watch?v=wFQTncSyukA', 'http://doukyuseimovie.com/', '3660'),
(23, 'Gabriel\'s Inferno', 'An intriguing and sinful exploration of seduction, forbidden love, and', 'An intriguing and sinful exploration of seduction, forbidden love, and redemption, Gabriel\'s Inferno is a captivating and wildly passionate tale of one man\'s escape from his own personal hell as he tries to earn the impossible--forgiveness and love.', 2020, 1, 5, 5, '[\"65\", \"66\", \"67\"]', '21', 1, 0, 'https://www.youtube.com/watch?v=kgWFjmiqHmQ', 'https://watch.passionflix.com/watch/fc15dc25-cf48-4d4f-aa8e-9afb032233cc', '7320'),
(24, 'The Legend of Hei', 'When cat spirit Luo Xiaohei\'s home is deforested by humans, he must fi', 'When cat spirit Luo Xiaohei\'s home is deforested by humans, he must find a new one. He runs into a group of other spirit creatures who take him under their wing with dreams of reconquering the land they say is rightfully theirs. However, they run into a human known as Wuxian who separates Luo Xiaohei from the other spirits and the two go on a journey, with the cat spirit learning to control his abilities as well as forming his own thoughts on whether or not he should ally with the spirits or the humans.', 2019, 9, 5, 4, '[\"68\", \"69\", \"70\"]', '22', 1, 0, 'https://www.youtube.com/watch?v=Ps0O9l2CvOM', 'https://luoxiaohei-movie.com/', '6120'),
(25, 'Life Is Beautiful', 'A touching story of an Italian book seller of Jewish ancestry who live', 'A touching story of an Italian book seller of Jewish ancestry who lives in his own little fairy tale. His creative and happy life would come to an abrupt halt when his entire family is deported to a concentration camp during World War II. While locked up he tries to convince his son that the whole thing is just a game.', 1997, 10, 5, 3, '[\"71\", \"72\", \"73\"]', '23', 1, 0, 'https://www.youtube.com/watch?v=pAYEQP8gx3w', '', '6960'),
(26, 'Grave of the Fireflies', 'In the final months of World War II, 14-year-old Seita and his sister ', 'In the final months of World War II, 14-year-old Seita and his sister Setsuko are orphaned when their mother is killed during an air raid in Kobe, Japan. After a falling out with their aunt, they move into an abandoned bomb shelter. With no surviving relatives and their emergency rations depleted, Seita and Setsuko struggle to survive.', 1988, 3, 5, 4, '[\"74\", \"75\", \"76\"]', '24', 1, 0, 'https://www.youtube.com/watch?v=4vPeTSRd580', '', '5340'),
(27, 'The Boy, the Mole, the Fox and the Horse', 'The unlikely friendship of a boy, a mole, a fox and a horse traveling ', 'The unlikely friendship of a boy, a mole, a fox and a horse traveling together in the boy?s search for home.', 2022, 5, 5, 4, '[\"77\", \"78\", \"79\"]', '25', 1, 0, 'https://www.youtube.com/watch?v=609A7IGdoEc', 'https://www.bbc.co.uk/programmes/m001gn7t', '2040'),
(28, 'Psycho', 'When larcenous real estate clerk Marion Crane goes on the lam with a w', 'When larcenous real estate clerk Marion Crane goes on the lam with a wad of cash and hopes of starting a new life, she ends up at the notorious Bates Motel, where manager Norman Bates cares for his housebound mother.', 1960, 1, 5, 10, '[\"80\", \"81\", \"82\"]', '26', 1, 0, 'https://www.youtube.com/watch?v=D90QhegiVvo', '', '6540'),
(29, 'Once Upon a Time in America', 'A former Prohibition-era Jewish gangster returns to the Lower East Sid', 'A former Prohibition-era Jewish gangster returns to the Lower East Side of Manhattan over thirty years later, where he once again must confront the ghosts and regrets of his old life.', 1984, 1, 5, 2, '[\"54\", \"83\", \"84\"]', '14', 1, 0, 'https://www.youtube.com/watch?v=_gdEuuxW-zk', '', '13740'),
(30, 'Gabriel\'s Inferno: Part II', 'Professor Gabriel Emerson finally learns the truth about Julia Mitchel', 'Professor Gabriel Emerson finally learns the truth about Julia Mitchell\'s identity, but his realization comes a moment too late. Julia is done waiting for the well-respected Dante specialist to remember her and wants nothing more to do with him. Can Gabriel win back her heart before she finds love in another\'s arms?', 2020, 6, 5, 5, '[\"65\", \"66\", \"85\"]', '21', 1, 0, 'https://www.youtube.com/watch?v=5g02v1oz5Y0', 'https://watch.passionflix.com/watch/f299fa17-5a2b-4fee-b53a-a4651747431b', '6300'),
(31, 'Fight Club', 'A ticking-time-bomb insomniac and a slippery soap salesman channel pri', 'A ticking-time-bomb insomniac and a slippery soap salesman channel primal male aggression into a shocking new form of therapy. Their concept catches on, with underground \"fight clubs\" forming in every town, until an eccentric gets in the way and ignites an out-of-control spiral toward oblivion.', 1999, 1, 5, 2, '[\"86\", \"87\", \"88\"]', '27', 1, 0, 'https://www.youtube.com/watch?v=6JnN1DmbqoU', 'http://www.foxmovies.com/movies/fight-club', '8340'),
(32, 'Impossible Things', 'Matilde is a woman who, after the death of her husband - a man who con', 'Matilde is a woman who, after the death of her husband - a man who constantly abused her - finds her new best friend in Miguel, her young, insecure, disoriented and even dealer neighbor', 2021, 11, 5, 11, '[\"89\", \"90\", \"91\"]', '28', 1, 0, 'https://www.youtube.com/watch?v=eRJryexKYxQ', '', '5280'),
(33, 'City of God', 'In the slums of Rio, two kids\' paths diverge as one struggles to becom', 'In the slums of Rio, two kids\' paths diverge as one struggles to become a photographer and the other a kingpin.', 2002, 12, 5, 2, '[\"92\", \"93\", \"94\"]', '29', 1, 0, 'https://www.youtube.com/watch?v=_mDvXaRJcTM', 'http://cidadededeus.globo.com/', '7800'),
(34, 'One Flew Over the Cuckoo\'s Nest', 'A petty criminal fakes insanity to serve his sentence in a mental ward', 'A petty criminal fakes insanity to serve his sentence in a mental ward rather than prison. He soon finds himself as a leader to the other patients?and an enemy to the cruel, domineering nurse who runs the ward.', 1975, 1, 5, 2, '[\"95\", \"96\", \"97\"]', '30', 1, 0, 'https://www.youtube.com/watch?v=3NSVJlBeGBA', '', '7980'),
(35, 'Gabriel\'s Inferno: Part III', 'The final part of the film adaption of the erotic romance novel Gabrie', 'The final part of the film adaption of the erotic romance novel Gabriel\'s Inferno written by an anonymous Canadian author under the pen name Sylvain Reynard.', 2020, 1, 5, 5, '[\"65\", \"66\", \"98\"]', '21', 1, 0, 'https://www.youtube.com/watch?v=mjPUGem9SaY', '', '6300'),
(36, 'Harakiri', 'Down-on-his-luck veteran Tsugumo Hanshiro enters the courtyard of the ', 'Down-on-his-luck veteran Tsugumo Hanshiro enters the courtyard of the prosperous House of Iyi. Unemployed, and with no family, he hopes to find a place to commit seppuku?and a worthy second to deliver the coup de gr?ce in his suicide ritual. The senior counselor for the Iyi clan questions the ronin?s resolve and integrity, suspecting Hanshiro of seeking charity rather than an honorable end. What follows is a pair of interlocking stories which lay bare the difference between honor and respect, and promises to examine the legendary foundations of the Samurai code.', 2023, 3, 5, 1, '[\"99\",\"100\",\"101\"]', '31', 1, 0, 'https://www.youtube.com/watch?v=gfABwM-Ppng', '', '8100'),
(37, 'The Quintessential Quintuplets Movie', 'When five lovely young girls who hate studying hire part-time tutor Fu', 'When five lovely young girls who hate studying hire part-time tutor Futaro, he guides not only their education but also their hearts. Time spent has brought them all closer, with feelings growing within the girls and Futaro. As they finish their third year of high school and their last school festival approaches, they set their sights on what?s next. Is there a future with one of them and Futaro?', 2022, 3, 5, 4, '[\"102\", \"103\", \"104\"]', '32', 1, 0, '', 'https://www.thequintessentialquintuplets-movie.com', '8160'),
(38, 'Interstellar', 'The adventures of a group of explorers who make use of a newly discove', 'The adventures of a group of explorers who make use of a newly discovered wormhole to surpass the limitations on human space travel and conquer the vast distances involved in an interstellar voyage.', 2014, 5, 5, 9, '[\"105\", \"106\", \"107\"]', '10', 1, 0, 'https://www.youtube.com/watch?v=0vxOhd4qlnA', 'http://www.interstellarmovie.net/', '10140'),
(39, 'Spider-Man: Into the Spider-Verse', 'Miles Morales is juggling his life between being a high school student', 'Miles Morales is juggling his life between being a high school student and being a spider-man. When Wilson \"Kingpin\" Fisk uses a super collider, others from across the Spider-Verse are transported to this dimension.', 2018, 1, 5, 1, '[\"1\",\"2\",\"108\"]', '33', 1, 0, 'https://www.youtube.com/watch?v=tg52up16eq0', 'https://www.sonypictures.com/movies/spidermanintothespiderverse', '7020'),
(40, 'Howl\'s Moving Castle', 'Sophie, a young milliner is turned into an elderly woman by a witch wh', 'Sophie, a young milliner is turned into an elderly woman by a witch who enters her shop and curses her. She encounters a wizard named Howl and gets caught up in his resistance to fighting for the king.', 2004, 3, 5, 6, '[\"109\", \"110\", \"111\"]', '6', 1, 0, 'https://www.youtube.com/watch?v=iwROgK94zcM', 'https://howlugokueiga.seesaa.net/', '7140'),
(41, 'The Lord of the Rings: The Fellowship of the Ring', 'Young hobbit Frodo Baggins, after inheriting a mysterious ring from hi', 'Young hobbit Frodo Baggins, after inheriting a mysterious ring from his uncle Bilbo, must leave his home in order to keep it from falling into the hands of its evil creator. Along the way, a fellowship is formed to protect the ringbearer and make sure that the ring arrives at its final destination: Mt. Doom, the only place where it can be destroyed.', 2001, 7, 5, 9, '[\"47\", \"49\", \"112\"]', '15', 1, 0, 'https://www.youtube.com/watch?v=_nZdmwHrcnw', 'http://www.lordoftherings.net/', '10740'),
(42, 'A Silent Voice: The Movie', 'Shouya Ishida starts bullying the new girl in class, Shouko Nishimiya,', 'Shouya Ishida starts bullying the new girl in class, Shouko Nishimiya, because she is deaf. But as the teasing continues, the rest of the class starts to turn on Shouya for his lack of compassion. When they leave elementary school, Shouko and Shouya do not speak to each other again... until an older, wiser Shouya, tormented by his past behaviour, decides he must see Shouko once more. He wants to atone for his sins, but is it already too late...?', 2016, 3, 5, 4, '[\"19\", \"113\", \"114\"]', '34', 1, 0, 'https://www.youtube.com/watch?v=e8tMQVwqj54', 'http://asilentvoice.com.au/', '7800'),
(43, 'The Empire Strikes Back', 'The epic saga continues as Luke Skywalker, in hopes of defeating the e', 'The epic saga continues as Luke Skywalker, in hopes of defeating the evil Galactic Empire, learns the ways of the Jedi from aging master Yoda. But Darth Vader is more determined than ever to capture Luke. Meanwhile, rebel leader Princess Leia, cocky Han Solo, Chewbacca, and droids C-3PO and R2-D2 are thrown into various stages of capture, betrayal and despair.', 1980, 1, 5, 9, '[\"115\", \"116\", \"117\"]', '35', 1, 0, 'https://www.youtube.com/watch?v=vU6L3jXt2r8', 'http://www.starwars.com/films/star-wars-episode-v-the-empire-strikes-back', '7440'),
(44, 'My Fault', 'Noah must leave her city, boyfriend, and friends to move into William ', 'Noah must leave her city, boyfriend, and friends to move into William Leister\'s mansion, the flashy and wealthy husband of her mother Rafaela. As a proud and independent 17 year old, Noah resists living in a mansion surrounded by luxury. However, it is there where she meets Nick, her new stepbrother, and the clash of their strong personalities becomes evident from the very beginning.', 2023, 13, 5, 5, '[\"118\", \"119\", \"120\"]', '36', 1, 0, 'https://www.youtube.com/watch?v=PaB7cGBuCP0', '', '7020'),
(45, 'Hotarubi no Mori e', 'One hot summer day a little girl gets lost in an enchanted forest of t', 'One hot summer day a little girl gets lost in an enchanted forest of the mountain god where spirits reside. A young boy appears before her, but she cannot touch him for fear of making him disappear. And so a wondrous adventure awaits...', 2011, 3, 5, 5, '[\"121\", \"122\", \"123\"]', '37', 1, 0, 'https://www.youtube.com/watch?v=qXLSRH31Yao', '', '2700'),
(46, 'A Dog\'s Will', 'The lively Jo?o Grilo and the sly Chic? are poor guys living in the hi', 'The lively Jo?o Grilo and the sly Chic? are poor guys living in the hinterland who cheat a bunch of people in a small in Northeastern Brazil. When they die, they have to be judged by Christ, the Devil and the Virgin Mary before they are admitted to paradise.', 2000, 12, 5, 3, '[\"124\", \"125\", \"126\"]', '38', 1, 0, 'https://www.youtube.com/watch?v=wDVdgnhiNlY', '', '6240'),
(47, 'The Pianist', 'The true story of pianist Wladyslaw Szpilman\'s experiences in Warsaw d', 'The true story of pianist Wladyslaw Szpilman\'s experiences in Warsaw during the Nazi occupation. When the Jews of the city find themselves forced into a ghetto, Szpilman finds work playing in a caf?; and when his family is deported in 1942, he stays behind, works for a while as a laborer, and eventually goes into hiding in the ruins of the war-torn city.', 2002, 8, 5, 2, '[\"127\", \"128\", \"129\"]', '39', 1, 0, 'https://www.youtube.com/watch?v=BFwGqLa_oAo', 'http://www.thepianistmovie.com/', '9000'),
(48, 'Hope', 'After 8-year-old So-won narrowly survives a brutal sexual assault, her', 'After 8-year-old So-won narrowly survives a brutal sexual assault, her family labors to help her heal while coping with their own rage and grief.', 2013, 4, 5, 2, '[\"130\",\"131\",\"132\"]', '40', 1, 0, 'https://www.youtube.com/watch?v=9PsBBsX6TC0', '', '7320'),
(49, 'The Lord of the Rings: The Two Towers', 'Frodo and Sam are trekking to Mordor to destroy the One Ring of Power ', 'Frodo and Sam are trekking to Mordor to destroy the One Ring of Power while Gimli, Legolas and Aragorn search for the orc-captured Merry and Pippin. All along, nefarious wizard Saruman awaits the Fellowship members at the Orthanc Tower in Isengard.', 2002, 7, 5, 9, '[\"112\", \"47\", \"48\"]', '15', 1, 0, 'https://www.youtube.com/watch?v=nuTU5XcZTLA', 'http://www.lordoftherings.net/', '10740'),
(50, 'Whiplash', 'Under the direction of a ruthless instructor, a talented young drummer', 'Under the direction of a ruthless instructor, a talented young drummer begins to pursue perfection at any cost, even his humanity.', 2014, 1, 5, 2, '[\"133\",\"134\",\"135\"]', '41', 1, 0, 'https://www.youtube.com/watch?v=Df1xkYYbYrY', 'http://sonyclassics.com/whiplash/', '6420'),
(51, 'Taylor Swift: Reputation Stadium Tour', 'Taylor Swift takes the stage in Dallas for the Reputation Stadium Tour', 'Taylor Swift takes the stage in Dallas for the Reputation Stadium Tour and celebrates a monumental night of music, memories and visual magic.', 2018, 1, 5, 12, '[\"136\", \"137\", \"138\"]', '42', 1, 0, 'https://www.youtube.com/watch?v=HIb_TlK2HAI', 'https://www.netflix.com/title/81026251', '7500'),
(52, 'Se7en', 'Two homicide detectives are on a desperate hunt for a serial killer wh', 'Two homicide detectives are on a desperate hunt for a serial killer whose crimes are based on the \"seven deadly sins\" in this dark and haunting film that takes viewers from the tortured remains of one victim to the next. The seasoned Det. Sommerset researches each sin in an effort to get inside the killer\'s mind, while his novice partner, Mills, scoffs at his efforts to unravel the case.', 1995, 1, 5, 13, '[\"87\", \"8\", \"139\"]', '27', 1, 0, 'https://www.youtube.com/watch?v=SpKbZ_3zlb0', 'http://www.sevenmovie.com/', '7620'),
(53, 'Josee, the Tiger and the Fish', 'With dreams of diving abroad, Tsuneo gets a job assisting Josee, an ar', 'With dreams of diving abroad, Tsuneo gets a job assisting Josee, an artist whose imagination takes her far beyond her wheelchair. But when the tide turns against them, they push each other to places they never thought possible, and inspire a love fit for a storybook.', 2020, 3, 5, 4, '[\"140\", \"141\", \"142\"]', '43', 1, 0, 'https://www.youtube.com/watch?v=hLEjE77PbcA', 'https://joseetora.jp/', '5880'),
(54, 'Inception', 'Cobb, a skilled thief who commits corporate espionage by infiltrating ', 'Cobb, a skilled thief who commits corporate espionage by infiltrating the subconscious of his targets is offered a chance to regain his old life as payment for a task considered to be impossible: \"inception\", the implantation of another person\'s idea into a target\'s subconscious.', 2010, 5, 5, 1, '[\"143\",\"144\",\"145\"]', '10', 1, 0, 'https://www.youtube.com/watch?v=JE9z-gy4De4', 'https://www.warnerbros.com/movies/inception', '8880'),
(55, 'Rear Window', 'A wheelchair-bound photographer spies on his neighbors from his apartm', 'A wheelchair-bound photographer spies on his neighbors from his apartment window and becomes convinced one of them has committed murder.', 1954, 1, 5, 7, '[\"146\", \"147\", \"148\"]', '26', 1, 0, 'https://www.youtube.com/watch?v=iZOTTxwzyMU', '', '6720'),
(56, 'Sunset Boulevard', 'A hack screenwriter writes a screenplay for a former silent film star ', 'A hack screenwriter writes a screenplay for a former silent film star who has faded into Hollywood obscurity.', 2023, 1, 5, 2, '[\"149\",\"150\",\"151\"]', '44', 1, 0, 'https://www.youtube.com/watch?v=USv1hJTlbhg', '', '6600'),
(57, 'Ikiru', 'Kanji Watanabe is a middle-aged man who has worked in the same monoton', 'Kanji Watanabe is a middle-aged man who has worked in the same monotonous bureaucratic position for decades. Learning he has cancer, he starts to look for the meaning of his life.', 2023, 3, 5, 2, '[\"60\",\"152\",\"153\"]', '19', 1, 0, 'https://www.youtube.com/watch?v=2VeLN3IDjzQ', '', '8580'),
(58, 'American History X', 'Derek Vineyard is paroled after serving 3 years in prison for killing ', 'Derek Vineyard is paroled after serving 3 years in prison for killing two African-American men. Through his brother, Danny Vineyard\'s narration, we learn that before going to prison, Derek was a skinhead and the leader of a violent white supremacist gang that committed acts of racial crime throughout L.A. and his actions greatly influenced Danny. Reformed and fresh out of prison, Derek severs contact with the gang and becomes determined to keep Danny from going down the same violent path as he did.', 2023, 1, 5, 2, '[\"86\",\"154\",\"155\"]', '45', 1, 0, 'https://www.youtube.com/watch?v=ZVAfE5cT59c', '', '7140'),
(59, 'Neon Genesis Evangelion: The End of Evangelion', 'The second of two theatrically released follow-ups to the Neon Genesis', 'The second of two theatrically released follow-ups to the Neon Genesis Evangelion series. Comprising of two alternate episodes which were first intended to take the place of episodes 25 and 26, this finale answers many of the questions surrounding the series, while also opening up some new possibilities.', 1997, 3, 5, 4, '[\"156\", \"157\", \"158\"]', '46', 1, 0, 'https://www.youtube.com/watch?v=Y9cXQfLdGfQ', '', '5220'),
(60, 'The Silence of the Lambs', 'Clarice Starling is a top student at the FBI\'s training academy.  Jack', 'Clarice Starling is a top student at the FBI\'s training academy.  Jack Crawford wants Clarice to interview Dr. Hannibal Lecter, a brilliant psychiatrist who is also a violent psychopath, serving life behind bars for various acts of murder and cannibalism.  Crawford believes that Lecter may have insight into a case and that Starling, as an attractive young woman, may be just the bait to draw him out.', 1991, 1, 4, 13, '[\"159\", \"160\", \"161\"]', '47', 1, 0, 'https://www.youtube.com/watch?v=6iB21hsprAQ', '', '7140'),
(61, 'High and Low', 'A shoe company executive who has mortgaged everything he has becomes a', 'A shoe company executive who has mortgaged everything he has becomes a victim of extortion when his chauffeur\'s son is kidnapped and is conflicted over whether he should pay the ransom.', 1963, 3, 4, 13, '[\"59\", \"99\", \"162\"]', '19', 1, 0, 'https://www.youtube.com/watch?v=LV3z2Ytxu90', '', '8520'),
(62, 'The Great Dictator', 'Dictator Adenoid Hynkel tries to expand his empire while a poor Jewish', 'Dictator Adenoid Hynkel tries to expand his empire while a poor Jewish barber tries to avoid persecution from Hynkel\'s regime.', 1940, 1, 4, 3, '[\"163\", \"164\", \"165\"]', '48', 1, 0, 'https://www.youtube.com/watch?v=i1C6qZVeFtA', '', '7500'),
(63, 'Princess Mononoke', 'Ashitaka, a prince of the disappearing Emishi people, is cursed by a d', 'Ashitaka, a prince of the disappearing Emishi people, is cursed by a demonized boar god and must journey to the west to find a cure. Along the way, he encounters San, a young human woman fighting to protect the forest, and Lady Eboshi, who is trying to destroy it. Ashitaka must find a way to bring balance to this conflict.', 1997, 3, 4, 9, '[\"166\", \"167\", \"168\"]', '6', 1, 0, 'https://www.youtube.com/watch?v=g9k72pqWQsY', '', '8040'),
(64, '20th Century Girl', 'Yeon-du asks her best friend Bora to collect all the information she c', 'Yeon-du asks her best friend Bora to collect all the information she can about Baek Hyun-jin while she is away in the U.S. for heart surgery. Bora decides to get close to Baek\'s best friend, Pung Woon-ho first. However, Bora\'s clumsy plan unfolds in an unexpected direction. In 1999, a year before the new century, Bora, who turns seventeen, falls into the fever of first love.', 2022, 4, 4, 5, '[\"169\", \"170\", \"171\"]', '49', 1, 0, 'https://www.youtube.com/watch?v=KFS4_qevE7M', '', '7140'),
(65, 'City Lights', 'In this sound-era silent film, a tramp falls in love with a beautiful ', 'In this sound-era silent film, a tramp falls in love with a beautiful blind flower seller.', 1931, 1, 4, 3, '[\"163\", \"172\", \"173\"]', '48', 1, 0, 'https://www.youtube.com/watch?v=7vl7F8S4cpQ', 'https://www.charliechaplin.com/en/films/5-City-Lights', '5220'),
(66, 'Violet Evergarden: The Movie', 'As the world moves on from the war and technological advances bring ch', 'As the world moves on from the war and technological advances bring changes to her life, Violet still hopes to see her lost commanding officer again.', 2020, 3, 4, 4, '[\"174\", \"175\", \"176\"]', '50', 1, 0, 'https://www.youtube.com/watch?v=BUfSen2rYQs', 'https://www.netflix.com/title/81193214', '8400'),
(67, 'L?on: The Professional', 'L?on, the top hit man in New York, has earned a rep as an effective \"c', 'L?on, the top hit man in New York, has earned a rep as an effective \"cleaner\". But when his next-door neighbors are wiped out by a loose-cannon DEA agent, he becomes the unwilling custodian of 12-year-old Mathilda. Before long, Mathilda\'s thoughts turn to revenge, and she considers following in L?on\'s footsteps.', 1994, 1, 4, 13, '[\"177\", \"178\", \"179\"]', '51', 1, 0, 'https://www.youtube.com/watch?v=PuTe6i8A3Ug', '', '6660');

-- --------------------------------------------------------

--
-- Table structure for table `plan`
--

CREATE TABLE `plan` (
  `plan_id` int(11) NOT NULL,
  `name` varchar(255) NOT NULL,
  `screens` varchar(500) NOT NULL,
  `price` varchar(255) NOT NULL,
  `status` int(11) NOT NULL COMMENT '1 active, 0 inactive'
) ENGINE=InnoDB DEFAULT CHARSET=utf8 COLLATE=utf8_unicode_ci;

--
-- Dumping data for table `plan`
--

INSERT INTO `plan` (`plan_id`, `name`, `screens`, `price`, `status`) VALUES
(1, 'basic', '1', '7.99', 1),
(2, 'standard', '2', '9.99', 1),
(3, 'premium', '4', '11.99', 1);

-- --------------------------------------------------------

--
-- Table structure for table `progress`
--

CREATE TABLE `progress` (
  `id` int(11) UNSIGNED NOT NULL,
  `user_id` int(11) NOT NULL,
  `active_user` varchar(10) NOT NULL,
  `movie_id` int(11) NOT NULL,
  `progress_value` varchar(255) NOT NULL
) ENGINE=InnoDB DEFAULT CHARSET=utf8 COLLATE=utf8_unicode_ci;

-- --------------------------------------------------------

--
-- Table structure for table `season`
--

CREATE TABLE `season` (
  `season_id` int(11) NOT NULL,
  `series_id` int(11) NOT NULL,
  `name` text NOT NULL
) ENGINE=InnoDB DEFAULT CHARSET=utf8 COLLATE=utf8_unicode_ci;

--
-- Dumping data for table `season`
--

INSERT INTO `season` (`season_id`, `series_id`, `name`) VALUES
(1, 1, 'Season 1'),
(2, 1, 'Season 2');

-- --------------------------------------------------------

--
-- Table structure for table `series`
--

CREATE TABLE `series` (
  `series_id` int(11) NOT NULL,
  `title` varchar(255) NOT NULL,
  `description_short` text NOT NULL,
  `description_long` text NOT NULL,
  `genre_id` int(11) NOT NULL,
  `actors` text NOT NULL COMMENT 'comma separated actor_id',
  `director` int(11) NOT NULL,
  `year` int(11) NOT NULL,
  `country_id` int(11) DEFAULT NULL,
  `rating` int(11) NOT NULL,
  `featured` int(11) NOT NULL,
  `kids_restriction` int(11) NOT NULL,
  `episodes` text NOT NULL,
  `trailer_url` varchar(400) DEFAULT NULL
) ENGINE=InnoDB DEFAULT CHARSET=utf8 COLLATE=utf8_unicode_ci;

--
-- Dumping data for table `series`
--

INSERT INTO `series` (`series_id`, `title`, `description_short`, `description_long`, `genre_id`, `actors`, `director`, `year`, `country_id`, `rating`, `featured`, `kids_restriction`, `episodes`, `trailer_url`) VALUES
(1, 'Money Heist', 'What started as a heist became a global phenomenon. Stream all episodes of Money Heist, only on Netflix. ', 'What started as a heist became a global phenomenon. Stream all episodes of Money Heist, only on Netflix. ', 1, '[\"145\",\"208\",\"553\"]', 24, 2022, 13, 5, 0, 0, '', 'https://www.youtube.com/watch?v=e0dea7qrLdk');

-- --------------------------------------------------------

--
-- Table structure for table `settings`
--

CREATE TABLE `settings` (
  `settings_id` int(11) NOT NULL,
  `type` varchar(255) CHARACTER SET utf8 COLLATE utf8_unicode_ci NOT NULL,
  `description` text CHARACTER SET utf8 COLLATE utf8_unicode_ci NOT NULL
) ENGINE=MyISAM DEFAULT CHARSET=latin1 COLLATE=latin1_swedish_ci;

--
-- Dumping data for table `settings`
--

INSERT INTO `settings` (`settings_id`, `type`, `description`) VALUES
(1, 'site_name', 'Movie subscription portal'),
(2, 'site_email', 'noreply@netflex.com'),
(3, 'paypal_merchant_email', ''),
(4, 'invoice_address', '24/e North Huston, NY, Australia'),
(5, 'language', 'english'),
(6, 'purchase_code', 'your-product-purchase-code-goes-here'),
(7, 'privacy_policy', '<hr />\r\n<p>Effective date: November 02, 2018</p>\r\n\r\n<p>Netflex (&quot;us&quot;, &quot;we&quot;, or &quot;our&quot;) operates the http://netflex.com website (the &quot;Service&quot;).</p>\r\n\r\n<p>This page informs you of our policies regarding the collection, use, and disclosure of personal data when you use our Service and the choices you have associated with that data. Our Privacy Policy for Netflex is managed through <a href=\"https://www.freeprivacypolicy.com/free-privacy-policy-generator.php\">Free Privacy Policy</a>.</p>\r\n\r\n<p>We use your data to provide and improve the Service. By using the Service, you agree to the collection and use of information in accordance with this policy. Unless otherwise defined in this Privacy Policy, terms used in this Privacy Policy have the same meanings as in our Terms and Conditions, accessible from http://netflex.com</p>\r\n\r\n<h2>Information Collection And Use</h2>\r\n\r\n<p>We collect several different types of information for various purposes to provide and improve our Service to you.</p>\r\n\r\n<h3>Types of Data Collected</h3>\r\n\r\n<p>Personal Data</p>\r\n\r\n<p>While using our Service, we may ask you to provide us with certain personally identifiable information that can be used to contact or identify you (&quot;Personal Data&quot;). Personally identifiable information may include, but is not limited to:</p>\r\n\r\n<ul>\r\n	<li>Email address</li>\r\n	<li>First name and last name</li>\r\n	<li>Cookies and Usage Data</li>\r\n</ul>\r\n\r\n<p>Usage Data</p>\r\n\r\n<p>We may also collect information how the Service is accessed and used (&quot;Usage Data&quot;). This Usage Data may include information such as your computer&#39;s Internet Protocol address (e.g. IP address), browser type, browser version, the pages of our Service that you visit, the time and date of your visit, the time spent on those pages, unique device identifiers and other diagnostic data.</p>\r\n\r\n<p>Tracking &amp; Cookies Data</p>\r\n\r\n<p>We use cookies and similar tracking technologies to track the activity on our Service and hold certain information.</p>\r\n\r\n<p>Cookies are files with small amount of data which may include an anonymous unique identifier. Cookies are sent to your browser from a website and stored on your device. Tracking technologies also used are beacons, tags, and scripts to collect and track information and to improve and analyze our Service.</p>\r\n\r\n<p>You can instruct your browser to refuse all cookies or to indicate when a cookie is being sent. However, if you do not accept cookies, you may not be able to use some portions of our Service.</p>\r\n\r\n<p>Examples of Cookies we use:</p>\r\n\r\n<ul>\r\n	<li><strong>Session Cookies.</strong> We use Session Cookies to operate our Service.</li>\r\n	<li><strong>Preference Cookies.</strong> We use Preference Cookies to remember your preferences and various settings.</li>\r\n	<li><strong>Security Cookies.</strong> We use Security Cookies for security purposes.</li>\r\n</ul>\r\n\r\n<h2>Use of Data</h2>\r\n\r\n<p>Netflex uses the collected data for various purposes:</p>\r\n\r\n<ul>\r\n	<li>To provide and maintain the Service</li>\r\n	<li>To notify you about changes to our Service</li>\r\n	<li>To allow you to participate in interactive features of our Service when you choose to do so</li>\r\n	<li>To provide customer care and support</li>\r\n	<li>To provide analysis or valuable information so that we can improve the Service</li>\r\n	<li>To monitor the usage of the Service</li>\r\n	<li>To detect, prevent and address technical issues</li>\r\n</ul>\r\n\r\n<h2>Transfer Of Data</h2>\r\n\r\n<p>Your information, including Personal Data, may be transferred to &mdash; and maintained on &mdash; computers located outside of your state, province, country or other governmental jurisdiction where the data protection laws may differ than those from your jurisdiction.</p>\r\n\r\n<p>If you are located outside Australia and choose to provide information to us, please note that we transfer the data, including Personal Data, to Australia and process it there.</p>\r\n\r\n<p>Your consent to this Privacy Policy followed by your submission of such information represents your agreement to that transfer.</p>\r\n\r\n<p>Netflex will take all steps reasonably necessary to ensure that your data is treated securely and in accordance with this Privacy Policy and no transfer of your Personal Data will take place to an organization or a country unless there are adequate controls in place including the security of your data and other personal information.</p>\r\n\r\n<h2>Disclosure Of Data</h2>\r\n\r\n<h3>Legal Requirements</h3>\r\n\r\n<p>Netflex may disclose your Personal Data in the good faith belief that such action is necessary to:</p>\r\n\r\n<ul>\r\n	<li>To comply with a legal obligation</li>\r\n	<li>To protect and defend the rights or property of Netflex</li>\r\n	<li>To prevent or investigate possible wrongdoing in connection with the Service</li>\r\n	<li>To protect the personal safety of users of the Service or the public</li>\r\n	<li>To protect against legal liability</li>\r\n</ul>\r\n\r\n<h2>Security Of Data</h2>\r\n\r\n<p>The security of your data is important to us, but remember that no method of transmission over the Internet, or method of electronic storage is 100% secure. While we strive to use commercially acceptable means to protect your Personal Data, we cannot guarantee its absolute security.</p>\r\n\r\n<h2>Service Providers</h2>\r\n\r\n<p>We may employ third party companies and individuals to facilitate our Service (&quot;Service Providers&quot;), to provide the Service on our behalf, to perform Service-related services or to assist us in analyzing how our Service is used.</p>\r\n\r\n<p>These third parties have access to your Personal Data only to perform these tasks on our behalf and are obligated not to disclose or use it for any other purpose.</p>\r\n\r\n<h2>Links To Other Sites</h2>\r\n\r\n<p>Our Service may contain links to other sites that are not operated by us. If you click on a third party link, you will be directed to that third party&#39;s site. We strongly advise you to review the Privacy Policy of every site you visit.</p>\r\n\r\n<p>We have no control over and assume no responsibility for the content, privacy policies or practices of any third party sites or services.</p>\r\n\r\n<h2>Children&#39;s Privacy</h2>\r\n\r\n<p>Our Service does not address anyone under the age of 18 (&quot;Children&quot;).</p>\r\n\r\n<p>We do not knowingly collect personally identifiable information from anyone under the age of 18. If you are a parent or guardian and you are aware that your Children has provided us with Personal Data, please contact us. If we become aware that we have collected Personal Data from children without verification of parental consent, we take steps to remove that information from our servers.</p>\r\n\r\n<h2>Changes To This Privacy Policy</h2>\r\n\r\n<p>We may update our Privacy Policy from time to time. We will notify you of any changes by posting the new Privacy Policy on this page.</p>\r\n\r\n<p>We will let you know via email and/or a prominent notice on our Service, prior to the change becoming effective and update the &quot;effective date&quot; at the top of this Privacy Policy.</p>\r\n\r\n<p>You are advised to review this Privacy Policy periodically for any changes. Changes to this Privacy Policy are effective when they are posted on this page.</p>\r\n\r\n<h2>Contact Us</h2>\r\n\r\n<p>If you have any questions about this Privacy Policy, please contact us:</p>\r\n\r\n<ul>\r\n	<li>By email: support@netflex.com</li>\r\n</ul>\r\n\r\n<p>&nbsp;</p>\r\n'),
(23, 'cookie_note', 'This Website Uses Cookies To Personalize Content And Analyse Traffic In Order To Offer You A Better Experience.'),
(8, 'refund_policy', '<h1>Returns and Refunds Policy</h1>\r\n\r\n<p>Thank you for shopping at Netflex.</p>\r\n\r\n<p>Please read this policy carefully. This is the Return and Refund Policy of Netflex. This Return and Refund Policy for Netflex is managed by <a href=\"https://termsfeed.com/return-refund-policy/generator/\">the Return Refund Policy Generator</a>.</p>\r\n\r\n<h2>Digital products</h2>\r\n\r\n<p>We do not issue refunds for digital products once the order is confirmed and the product is sent.</p>\r\n\r\n<p>We recommend contacting us for assistance if you experience any issues receiving or downloading our products.</p>\r\n\r\n<h2>Contact us</h2>\r\n\r\n<p>If you have any questions about our Returns and Refunds Policy, please contact us:</p>\r\n\r\n<ul>\r\n	<li>\r\n	<p>By email: support@netflex.com</p>\r\n	</li>\r\n</ul>\r\n'),
(22, 'cookie_status', 'active'),
(9, 'stripe_publishable_key', ''),
(10, 'stripe_secret_key', ''),
(11, 'trial_period', 'off'),
(12, 'trial_period_days', '30'),
(13, 'theme', 'flixer'),
(14, 'currency_position', 'left'),
(15, 'system_currency', 'EUR'),
(16, 'paypal_currency', 'EUR'),
(17, 'stripe_currency', 'USD'),
(18, 'paypal', '[{\"active\":\"1\",\"mode\":\"sandbox\",\"sandbox_client_id\":\"AZDxjDScFpQtjWTOUtWKbyN_bDt4OgqaF4eYXlewfBP4-8aqX3PiV8e1GWU6liB2CUXlkA59kJXE7M6R\",\"production_client_id\":\"1234\",\"sandbox_secret_key\":\"EMa5pCTuOpmHkhHaCGibGhVUcKg0yt5-C3CzJw-OWJCzaXXzTlyD17SICob_BkfM_0Nlk7TWnN42cbGz\",\"production_secret_key\":\"12345\"}]'),
(19, 'stripe_keys', '[{\"active\":\"1\",\"testmode\":\"on\",\"public_key\":\"pk_test_LnMXAA8Rox0ITcpDgkIjbcR600u09yZlhQ\",\"secret_key\":\"sk_test_9iN1igv6l9R5tolcyZLrIgMP00rcDJMVnJ\",\"public_live_key\":\"pk_live_xxxxxxxxxxxxxxxxxxxxxxxx\",\"secret_live_key\":\"sk_live_xxxxxxxxxxxxxxxxxxxxxxxx\"}]'),
(20, 'purchase_code', 'your-product-purchase-code-goes-here'),
(21, 'version', '2.4'),
(24, 'cookie_policy', '<h1>Cookie policy</h1>\r\n\r\n<ol>\r\n	<li>Cookies are small text files that can be used by websites to make a user&#39;s experience more efficient.</li>\r\n	<li>The law states that we can store cookies on your device if they are strictly necessary for the operation of this site. For all other types of cookies we need your permission.</li>\r\n	<li>This site uses different types of cookies. Some cookies are placed by third party services that appear on our pages.</li>\r\n</ol>\r\n'),
(25, 'protocol', 'smtp'),
(26, 'smtp_host', 'ssl://smtp.googlemail.com'),
(27, 'smtp_port', '465'),
(28, 'smtp_user', 'your-email-address'),
(29, 'smtp_pass', ''),
(30, 'email_verification', '0'),
(31, 'recaptcha', '0'),
(32, 'recaptcha_secretkey', 'recaptcha-secretkey'),
(33, 'recaptcha_sitekey', 'recaptcha-sitekey');

-- --------------------------------------------------------

--
-- Table structure for table `subscription`
--

CREATE TABLE `subscription` (
  `subscription_id` int(11) NOT NULL,
  `plan_id` int(11) NOT NULL,
  `user_id` int(11) NOT NULL,
  `price_amount` int(11) NOT NULL,
  `paid_amount` float NOT NULL,
  `timestamp_from` int(11) NOT NULL,
  `timestamp_to` int(11) NOT NULL,
  `payment_method` varchar(255) NOT NULL,
  `payment_details` text NOT NULL,
  `payment_timestamp` int(11) NOT NULL,
  `status` int(11) NOT NULL DEFAULT 1 COMMENT '1 active, 0 cancelled',
  `currency` varchar(20) NOT NULL
) ENGINE=InnoDB DEFAULT CHARSET=utf8 COLLATE=utf8_unicode_ci;

-- --------------------------------------------------------

--
-- Table structure for table `subtitle`
--

CREATE TABLE `subtitle` (
  `id` int(11) UNSIGNED NOT NULL,
  `movie_id` int(11) NOT NULL,
  `language` varchar(100) NOT NULL,
  `file` varchar(255) NOT NULL
) ENGINE=InnoDB DEFAULT CHARSET=utf8 COLLATE=utf8_unicode_ci;

-- --------------------------------------------------------

--
-- Table structure for table `user`
--

CREATE TABLE `user` (
  `user_id` int(11) NOT NULL,
  `type` int(11) NOT NULL COMMENT '1 admin, 0 customer',
  `name` varchar(255) NOT NULL,
  `email` varchar(255) NOT NULL,
  `password` varchar(255) NOT NULL,
  `user1` varchar(20) NOT NULL DEFAULT 'user 1',
  `user2` varchar(20) NOT NULL DEFAULT 'user 2',
  `user3` varchar(20) NOT NULL DEFAULT 'user 3',
  `user4` varchar(20) NOT NULL DEFAULT 'user 4',
  `user1_session` text NOT NULL,
  `user2_session` text NOT NULL,
  `user3_session` text NOT NULL,
  `user4_session` text NOT NULL,
  `user1_movielist` text NOT NULL,
  `user2_movielist` text NOT NULL,
  `user3_movielist` text NOT NULL,
  `user4_movielist` text NOT NULL,
  `user1_serieslist` text NOT NULL,
  `user2_serieslist` text NOT NULL,
  `user3_serieslist` text NOT NULL,
  `user4_serieslist` text NOT NULL,
  `verification_code` varchar(20) DEFAULT NULL,
  `plan_id` int(11) NOT NULL,
  `status` int(11) NOT NULL DEFAULT 1 COMMENT '0 banned'
) ENGINE=InnoDB DEFAULT CHARSET=utf8 COLLATE=utf8_unicode_ci ROW_FORMAT=COMPRESSED;

--
-- Dumping data for table `user`
--

INSERT INTO `user` (`user_id`, `type`, `name`, `email`, `password`, `user1`, `user2`, `user3`, `user4`, `user1_session`, `user2_session`, `user3_session`, `user4_session`, `user1_movielist`, `user2_movielist`, `user3_movielist`, `user4_movielist`, `user1_serieslist`, `user2_serieslist`, `user3_serieslist`, `user4_serieslist`, `verification_code`, `plan_id`, `status`) VALUES
(1, 1, 'admin', 'low.junyi2001@gmail.com', '23d42f5f3f66498b2c8ff4c20b8c5ac826e47146', 'user 1', 'user 2', 'user 3', 'user 4', '', '', '', '', '', '', '', '', '', '', '', '', NULL, 0, 1),
(3, 0, '', 'customer@gmail.com', '7c4a8d09ca3762af61e59520943dc26494f8941b', 'user 1', 'user 2', 'user 3', 'user 4', '', '', '', '', '', '', '', '', '', '', '', '', NULL, 0, 1),
(4, 0, '', 'jeddiewong@yahoo.com', '7c4a8d09ca3762af61e59520943dc26494f8941b', 'user 1', 'user 2', 'user 3', 'user 4', '', '', '', '', '', '', '', '', '', '', '', '', NULL, 0, 1);

--
-- Indexes for dumped tables
--

--
-- Indexes for table `actor`
--
ALTER TABLE `actor`
  ADD PRIMARY KEY (`actor_id`);

--
-- Indexes for table `addons`
--
ALTER TABLE `addons`
  ADD PRIMARY KEY (`id`);

--
-- Indexes for table `ci_sessions`
--
ALTER TABLE `ci_sessions`
  ADD PRIMARY KEY (`id`),
  ADD KEY `ci_sessions_timestamp` (`timestamp`);

--
-- Indexes for table `country`
--
ALTER TABLE `country`
  ADD PRIMARY KEY (`country_id`);

--
-- Indexes for table `currency`
--
ALTER TABLE `currency`
  ADD PRIMARY KEY (`id`);

--
-- Indexes for table `director`
--
ALTER TABLE `director`
  ADD PRIMARY KEY (`director_id`);

--
-- Indexes for table `episode`
--
ALTER TABLE `episode`
  ADD PRIMARY KEY (`episode_id`);

--
-- Indexes for table `faq`
--
ALTER TABLE `faq`
  ADD PRIMARY KEY (`faq_id`);

--
-- Indexes for table `genre`
--
ALTER TABLE `genre`
  ADD PRIMARY KEY (`genre_id`);

--
-- Indexes for table `movie`
--
ALTER TABLE `movie`
  ADD PRIMARY KEY (`movie_id`);

--
-- Indexes for table `plan`
--
ALTER TABLE `plan`
  ADD PRIMARY KEY (`plan_id`);

--
-- Indexes for table `progress`
--
ALTER TABLE `progress`
  ADD PRIMARY KEY (`id`);

--
-- Indexes for table `season`
--
ALTER TABLE `season`
  ADD PRIMARY KEY (`season_id`);

--
-- Indexes for table `series`
--
ALTER TABLE `series`
  ADD PRIMARY KEY (`series_id`);

--
-- Indexes for table `settings`
--
ALTER TABLE `settings`
  ADD PRIMARY KEY (`settings_id`);

--
-- Indexes for table `subscription`
--
ALTER TABLE `subscription`
  ADD PRIMARY KEY (`subscription_id`);

--
-- Indexes for table `subtitle`
--
ALTER TABLE `subtitle`
  ADD PRIMARY KEY (`id`);

--
-- Indexes for table `user`
--
ALTER TABLE `user`
  ADD PRIMARY KEY (`user_id`);

--
-- AUTO_INCREMENT for dumped tables
--

--
-- AUTO_INCREMENT for table `actor`
--
ALTER TABLE `actor`
  MODIFY `actor_id` int(11) NOT NULL AUTO_INCREMENT, AUTO_INCREMENT=1362;

--
-- AUTO_INCREMENT for table `addons`
--
ALTER TABLE `addons`
  MODIFY `id` int(11) NOT NULL AUTO_INCREMENT;

--
-- AUTO_INCREMENT for table `country`
--
ALTER TABLE `country`
  MODIFY `country_id` int(11) NOT NULL AUTO_INCREMENT, AUTO_INCREMENT=41;

--
-- AUTO_INCREMENT for table `currency`
--
ALTER TABLE `currency`
  MODIFY `id` int(11) NOT NULL AUTO_INCREMENT, AUTO_INCREMENT=113;

--
-- AUTO_INCREMENT for table `director`
--
ALTER TABLE `director`
  MODIFY `director_id` int(11) NOT NULL AUTO_INCREMENT, AUTO_INCREMENT=402;

--
-- AUTO_INCREMENT for table `episode`
--
ALTER TABLE `episode`
  MODIFY `episode_id` int(11) NOT NULL AUTO_INCREMENT, AUTO_INCREMENT=2;

--
-- AUTO_INCREMENT for table `faq`
--
ALTER TABLE `faq`
  MODIFY `faq_id` int(11) NOT NULL AUTO_INCREMENT;

--
-- AUTO_INCREMENT for table `genre`
--
ALTER TABLE `genre`
  MODIFY `genre_id` int(11) NOT NULL AUTO_INCREMENT, AUTO_INCREMENT=16;

--
-- AUTO_INCREMENT for table `movie`
--
ALTER TABLE `movie`
  MODIFY `movie_id` int(11) NOT NULL AUTO_INCREMENT, AUTO_INCREMENT=68;

--
-- AUTO_INCREMENT for table `plan`
--
ALTER TABLE `plan`
  MODIFY `plan_id` int(11) NOT NULL AUTO_INCREMENT, AUTO_INCREMENT=4;

--
-- AUTO_INCREMENT for table `progress`
--
ALTER TABLE `progress`
  MODIFY `id` int(11) UNSIGNED NOT NULL AUTO_INCREMENT;

--
-- AUTO_INCREMENT for table `season`
--
ALTER TABLE `season`
  MODIFY `season_id` int(11) NOT NULL AUTO_INCREMENT, AUTO_INCREMENT=3;

--
-- AUTO_INCREMENT for table `series`
--
ALTER TABLE `series`
  MODIFY `series_id` int(11) NOT NULL AUTO_INCREMENT, AUTO_INCREMENT=2;

--
-- AUTO_INCREMENT for table `settings`
--
ALTER TABLE `settings`
  MODIFY `settings_id` int(11) NOT NULL AUTO_INCREMENT, AUTO_INCREMENT=34;

--
-- AUTO_INCREMENT for table `subscription`
--
ALTER TABLE `subscription`
  MODIFY `subscription_id` int(11) NOT NULL AUTO_INCREMENT;

--
-- AUTO_INCREMENT for table `subtitle`
--
ALTER TABLE `subtitle`
  MODIFY `id` int(11) UNSIGNED NOT NULL AUTO_INCREMENT;

--
-- AUTO_INCREMENT for table `user`
--
ALTER TABLE `user`
  MODIFY `user_id` int(11) NOT NULL AUTO_INCREMENT, AUTO_INCREMENT=5;
COMMIT;

/*!40101 SET CHARACTER_SET_CLIENT=@OLD_CHARACTER_SET_CLIENT */;
/*!40101 SET CHARACTER_SET_RESULTS=@OLD_CHARACTER_SET_RESULTS */;
/*!40101 SET COLLATION_CONNECTION=@OLD_COLLATION_CONNECTION */;
